ScientificName,USDACode,FamilyName,PrimaryGrowthForm,Lifespan,Clade,GrowthForm4Model,TissueType,IntroYear,DominantInvasionPathway,InvasiveRangeSize,HabitatBreadth,LocalAbundance,natrng,ClonalPropagation,RegenerativeCapacity,Range,pHMin,pHMax,HardinessZoneMin,HardinessZoneMax,SelfCompatible,SLA_m2kg1,SeedWeightMean_g,ElevationMin_m,ElevationMax_m,PrecipMin_in,PrecipMax_in,HeightMax_m,LeafWidthMax_cm,LeafLengthMax_cm,monoploid,holoploid,TissueTypeDummy,ResidenceTime
Abrus precatorius,ABPR3,Fabaceae,Vine,Perennial,Angiosperm,Vine,Herbaceous,1906,Escape,51,4,1021,72,,0,Long,5.227219369,7.973425242,6.225058794,9.962999931,,23.47437641,74.82,0,1500,25.35248345,90.78,3.000000001,4.28,12.7,1.192333648,3.243913228,1,120
Abutilon theophrasti,ABTH,Malvaceae,Shrub,Annual,Angiosperm,Shrub,Herbaceous,1870,Contaminant,210,48,6,13,,0,Short,4.9,8.2,7.487888413,10.92855164,,25,8.96,0,1500,20,118,3.999999998,20,17.62,0.4667,2.8,1,156
Acacia auriculiformis,ACAU,Fabaceae,Tree,Perennial,Angiosperm,Tree,Woody,1924,Escape,27,3,292,4,,0,Long,3,9,10.20833666,10.81606479,1,9.5,19.67,0,1000,30,134,34.99999999,4.5,20,0.69,3.132782012,0,102
Acacia cyclops,,Fabaceae,Shrub/Tree,Perennial,Angiosperm,Tree,Woody,1942,Release,9,1,70,2,,1,Long,6,8.3,8.796345625,10.29596897,,7.346585873,30.82,0,300,8,55,8.000000004,1.3,9,0.64,3.137079067,0,84
Acacia dealbata,ACDE3,Fabaceae,Shrub/Tree,Perennial,Angiosperm,Tree,Woody,1931,Release,24,6,115,3,,0,Long,5.246094323,7.349177882,9,10.32544646,1,4.38,12.68,349.9999998,1000,24,72,15.00000001,0.07,0.5,0.87,7.651795273,0,95
Acacia longifolia,ACLO,Fabaceae,Shrub/Tree,Perennial,Angiosperm,Tree,Woody,1903,Escape,11,3,52,4,,1,Long,4.6,8.2,9,10,1,8.65306816,14.86,0,1100,18,55,9.999999996,2.5,15,0.786348468,3.630757382,0,123
Acacia melanoxylon,ACME,Fabaceae,Shrub/Tree,Perennial,Angiosperm,Tree,Woody,1896,Escape,23,4,492,5,,1,Long,6,8.3,9,11,1,5.06,13.58,0,1200,19,116,20.00000001,3,1.4,0.8,4.260245912,0,130
Acacia paradoxa,ACPA8,Fabaceae,Shrub,Perennial,Angiosperm,Shrub,Woody,1912,Escape,9,4,6,4,,0,Short,5.8,7.5,9,10,1,7.346585873,14,0,300,18,33,3.5,0.7,2,0.89,4.436635731,0,114
Acacia retinodes,ACRE2,Fabaceae,Shrub,Perennial,Angiosperm,Shrub,Woody,1931,,2,1,1,1,,0,,5.5,7.8,9,10,,7.346585873,13.7,0,900.0000003,14,33,9.999999996,1.4,20,0.87,5.445344285,0,95
Acaena novae-zelandica,ACNO7,Rosaceae,Forb,Perennial,Angiosperm,Forb,Herbaceous,1968,,15,5,9,,,1,,5,6.1,9,10,,14.87,1.79,0,200,27,71,1.5,6.02,11,1.004279675,5.326109148,1,58
Acer campestre,ACCA5,Aceraceae,Shrub/Tree,Perennial,Angiosperm,Tree,Woody,1880,Escape,5,3,1,32,0,1,Long,5.340083488,7.670741896,5,8,,12.84781283,78.99,0,200,23.94243154,69.52,20.00000001,10,7.5,0.69,2.04,0,146
Acer palmatum,ACPA2,Sapindaceae,Shrub/Tree,Perennial,Angiosperm,Tree,Woody,1888,Escape,32,11,8,2,,0,Long,5.257869873,8,5,8,,11.11112609,40.04,20,853.784066,23.03795502,74.54,7.620000001,8.1,12.7,0.767562073,1.600814267,0,138
Acer platanoides,ACPL,Aceraceae,Shrub/Tree,Perennial,Angiosperm,Tree,Woody,1756,Escape,336,42,276,35,0,1,Long,4.8,7.2,3,7,,15.30948405,118.98,500,1500,24,63,30.00000002,15,12,0.71,1.420000001,0,270
Acer pseudoplatanus,ACPS,Aceraceae,Tree,Perennial,Angiosperm,Tree,Woody,1871,Escape,48,15,5,32,0,1,Long,5,8,4,7,,14.69574181,95.1,500,1900.000001,24,63,34.99999999,15.24,15.24,0.675,2.700000001,0,155
Acer tataricum subsp. ginnala,ACTAG,Sapindaceae,Shrub/Tree,Perennial,Angiosperm,Tree,Woody,1860,,,,,,,,,6.1,7.5,3,8,,19.2851565,20.06,,,30,60,6.1,3.81,7.62,0.6,,0,166
Achillea millefolium,ACMI2,Asteraceae,Forb,Perennial,Angiosperm,Forb,Herbaceous,1911,Escape,,,,51,1,1,Long,6,8,3,9,0,15.10510276,0.18,0,3600,7.999999999,60,0.91,2.54,7.62,2.439999999,12.53000001,1,115
Achillea ptarmica,,Asteraceae,Forb,Perennial,Angiosperm,Forb,Herbaceous,1880,,29,1,16,27,1,1,,5.908718952,8.554995249,3,9,0,17.29967817,0.31,0,3600,5.721645192,50.8,0.6,0.5,1,2.899999999,5.8,1,146
Achyranthes bidentata,ACBI9,Amaranthaceae,Forb,Perennial,Angiosperm,Forb,Herbaceous,1980,Escape,,,,36,,,Long,5.4,7.869184139,5,10,,21.32260616,2.9745928,100,3000.000001,30,100,2,13.5,6.8,1.925695804,8.448734662,1,46
Acorus calamus,,Acoraceae,Forb/Tree,Perennial,Angiosperm,Forb,Herbaceous,1904,Escape,48,22,25,1,1,1,Long,5.6,7.2,4,10,,22.5,3.72,347.3201956,1130.902298,16,65,1.52,2.54,15.24,0.2717,1.086734694,1,122
Adenanthera pavonina,ADPA,Fabaceae,Tree,Perennial,Angiosperm,Tree,Woody,1935,Escape,3,2,13,26,,1,Long,5,7,10,11,,23.47437641,241.53,300.0000001,1200,118,197,40,2.2,4.5,0.68,9.285152946,0,91
Aegilops cylindrica,AECY,Poaceae,Graminoid,Annual,Angiosperm,Graminoid,Herbaceous,1870,Contaminant,171,28,378,26,0,0,Long,5.3,8.5,7,10,,30.37691408,26.11,0,2500,2,31,0.8,0.5,15,4.699999997,10.06252389,1,156
Aegilops neglecta,AENE2,Poaceae,Graminoid,Annual,Angiosperm,Graminoid,Herbaceous,,,,,,32,0,,,6.608071096,6.9,8.026134631,10.04071506,,30.37691408,14.65,0,1510.000001,5.306855439,22.06,0.4,0.5,7.5,7.750000004,37.09999998,1,
Aegilops triuncialis,AETR,Poaceae,Graminoid,Annual,Angiosperm,Graminoid,Herbaceous,1898,Contaminant,68,12,2066,34,0,0,Long,7.1,7.4,7,10.03034418,,35.45126631,11.06,0,1000,19,75,0.45,0.3,7,6.133583258,23.2496437,1,128
Aegopodium podagraria,AEPO,Apiaceae,Forb,Perennial,Angiosperm,Forb,Herbaceous,1874,Escape,229,28,413,38,1,1,Short,6,8,3,10,,27.88242424,2.16,0.539472081,1615.057159,11.9931046,90.15,0.91,7.62,11.94,1.623522283,2.40585103,1,152
Aesculus hippocastanum,AEHI,Sapindaceae,Tree,Perennial,Angiosperm,Tree,Woody,1822,,33,18,0,6,0,1,,5.224197543,7.802708517,4,7,,10.96000274,12976.22,300.0000001,1300,20,43,30.00000002,6.05,14.03,0.6,1.2,0,204
Agave sisalana,AGSI2,Agavaceae,Forb/Shrub,Perennial,Angiosperm,Forb,Herbaceous,1826,Escape,28,3,48,1,,1,Short,4,6,7.452228197,9.046594943,,29.45213548,7.44,18.50909908,900.7308887,31,39,2,20.3,120,11.30999999,914.5968115,1,200
Ageratina adenophora,AGAD2,Asteraceae,Shrub,Perennial,Angiosperm,Shrub,Herbaceous,1909,Contaminant,23,4,1327,5,,1,Long,4.775634493,7.665190106,9,10.53063157,1,19.41692825,0.05,0,1000,41,61,2,7.5,8,2.247566585,9.409258933,1,117
Agropyron cristatum,,Poaceae,Graminoid,Perennial,Angiosperm,Graminoid,Herbaceous,1898,Release,519,27,1004,50,0,1,Long,5.5,7.7,5,8,0,10.05580182,1.75,1290,2800,4,41,7,0.6,20,7.150000004,14.30000001,1,128
Agrostemma githago,AGGI,Caryophyllaceae,Forb,Annual,Angiosperm,Forb,Herbaceous,1822,Contaminant,5,4,0,21,0,0,Short,6.852564103,8.115983306,5.484581166,8.431573993,,17.818,11.95,1350,1824.281103,19.51536717,35.58,0.9,2.54,15.24,2.1,8.527246157,1,204
Agrostis capillaris,AGCA5,Poaceae,Graminoid,Perennial,Angiosperm,Graminoid,Herbaceous,1829,Escape,110,25,13,50,1,1,Long,4.9,7.5,3,10,,32.73324962,0.08,0,1900.000001,32,109,0.61,0.4,15,1.780000001,8.200000002,1,197
Agrostis gigantea,AGGI2,Poaceae,Graminoid,Perennial,Angiosperm,Graminoid,Herbaceous,1884,Escape,587,54,111,66,1,1,Long,4.5,8,3.049164894,9.321864831,,25.51353267,0.08,300.0000001,2300,28,60,1.22,1,30,0.75,3.377283041,1,142
Agrostis stolonifera,AGST2,Poaceae,Graminoid,Perennial,Angiosperm,Graminoid,Herbaceous,1819,Release,413,56,305,83,1,1,Long,5.1,7.5,5.492778978,8.836446672,,30.88096743,0.07,0,2500,30,60,0.61,0.1,10,1.4125,5.649999996,1,207
Ailanthus altissima,AIAL,Simaroubaceae,Tree,Perennial,Angiosperm,Tree,Woody,1784,Escape,1182,73,3777,8,1,1,Long,4.1,8.3,4,8,,32.29336103,29.25,20.00000001,2400,16,55,30.00000002,8.91,90,1.04,3.646474856,0,242
Aira caryophyllea,AICA,Poaceae,Graminoid,Annual,Angiosperm,Graminoid,Herbaceous,1901,Contaminant,116,17,24,52,0,0,Short,5,7.7,7,10,,31.93037297,0.13,0,2070,19,109,0.55,0.25,13.5,3.025000002,12.1,1,125
Ajuga reptans,AJRE,Lamiaceae,Forb,Perennial,Angiosperm,Forb,Herbaceous,1891,,98,30,8,39,1,1,,5.5,7.5,3,10,,33.30081319,1.37,15,1290,35,65,0.3,2.54,15.24,1.183586311,2.12991615,1,135
Akebia quinata,AKQU,Lardizabalaceae,Vine,Perennial,Angiosperm,Vine,Woody,1892,Escape,59,17,43,5,,1,Long,5.443659312,6.616463391,5,8,0,,20.5,300.0000001,1500,25.42271087,59,20.00000001,4.2,5,0.981290001,11.19291851,0,134
Albizia julibrissin,ALJU,Fabaceae,Shrub/Tree,Perennial,Angiosperm,Tree,Woody,1745,Escape,941,44,2498,18,,1,Long,4.8,7.3,6,10,,14.99037368,37.37,0,2100,4,91,12,1.5,4,0.69462413,4.193242051,0,281
Albizia lebbeck,ALLE,Fabaceae,Tree,Perennial,Angiosperm,Tree,Woody,1886,Escape,40,3,161,10,,1,Long,5.034532666,6.8,9.604317741,10.11177154,,14.99037368,123.68,7.054256706,1079.687288,24,98,30.00000002,3.3,6.5,0.899333051,15.03104879,0,140
Alcea rosea,ALRO3,Malvaceae,Forb,Biennial,Angiosperm,Forb,Herbaceous,1827,Escape,5,5,0,1,,0,Short,6,8,2,10,,14.292,9.5,10,1539.591657,12,47,2.44,20.32,20.32,0.662745448,2.675333713,1,199
Alhagi maurorum,ALMA12,Fabaceae,Shrub,Perennial,Angiosperm,Shrub,Woody,1915,Contaminant,101,14,73,19,,1,Short,8.3,8.5,6,10,,23.47437641,5.69,0,1000,2,39,0.91,2,3.62,1.532604668,4.770056706,0,111
Allamanda cathartica,ALCA7,Apocynaceae,Vine/Shrub,Perennial,Angiosperm,Vine,Woody,1930,Escape,6,2,5,10,,0,Long,5.005115681,6.872130122,10,11,,26.53529948,195.9924517,0,699.9999996,39,110,8.000000004,3.5,13,2.125250559,41.20827851,0,96
Alliaria petiolata,ALPE4,Brassicaceae,Forb,Biennial,Angiosperm,Forb,Herbaceous,1868,Escape,1021,55,26005,59,0,1,Long,6,6.8,6,8,1,47.0135,3.02,0,1550,25,54,0.4,6,15,1.35,5.439608262,1,158
Allium canadense,ALCA3,Liliaceae,Forb,Perennial,Angiosperm,Forb,Herbaceous,,,,,,40,,,,5.633741638,7,4,8,,20.82182915,8.89,7.928556047,249.3223882,21.29,23.54677209,0.89,2.54,30.48,9.151921951,98.65788147,1,
Allium triquetrum,,Liliaceae,Forb,Perennial,Angiosperm,Forb,Herbaceous,1936,Contaminant,27,4,17,11,1,1,Short,5.570105967,7.212093999,5.473514336,8.73710391,,23.9,4.129357783,0,100,22.8893961,26.4,0.869208529,2.87,29.5,18.1,230.5309212,1,90
Allium vineale,ALVI,Amaryllidaceae,Forb,Perennial,Angiosperm,Forb,Herbaceous,1866,Escape,192,40,12,38,1,1,Short,5.547933637,7.213837383,5,10,,18.7,6.8,0,100,22,53,0.91,2.54,25.4,13.39918754,156.7254798,1,160
Alnus glutinosa,ALGL2,Betulaceae,Shrub/Tree,Perennial,Angiosperm,Tree,Woody,1877,Release,132,27,55,45,0,1,Long,4.4,8,4,7,,14.92894684,4.96,0,2000,20,65,40,15.24,15.24,0.51,1.509999999,0,149
Alopecurus geniculatus,,Poaceae,Graminoid,Perennial,Angiosperm,Graminoid,Herbaceous,1859,Contaminant,95,31,20,39,1,1,Long,4,7.5,6.483903032,8.454445394,,28.93296862,0.28,279.6301738,3200,20,45,0.61,0.6,12,3.725,14.9,1,167
Alopecurus myosuroides,ALMY,Poaceae,Graminoid,Annual,Angiosperm,Graminoid,Herbaceous,1866,Contaminant,7,4,0,40,0,1,Long,4,7.5,8.021463852,8.929248655,,27.26666667,1.99,100,1000,35,55,0.8,0.8,17,4.299999999,23.87190989,1,160
Alopecurus pratensis,ALPR3,Poaceae,Graminoid,Perennial,Angiosperm,Graminoid,Herbaceous,1849,Escape,143,24,56,57,1,1,Long,5.1,8.49,6,10,,38.32858786,0.92,20.00000001,2500,18,60,1.2,1,40,6.800000002,27.76267875,1,177
Alternanthera philoxeroides,,Amaranthaceae,Vine,Perennial,Angiosperm,Vine,Herbaceous,1894,Escape,417,28,285,17,0,1,Long,4.8,8.8,5.129777237,9.542392321,,21.32260616,0.386735083,12.28759719,2500,40,60,1,2,10,1.903878081,4.043241097,1,132
Alysicarpus vaginalis,ALVA2,Fabaceae,Forb,Annual,Angiosperm,Forb,Herbaceous,1933,Escape,2,1,0,66,,1,Long,5.5,8.7,3.684435893,10.19119326,,23.47437641,1.73,200,1200,39,79,0.9,2.6,6.5,0.710860467,0.796107383,1,93
Alyssum alyssoides,,Brassicaceae,Forb,Annual,Angiosperm,Forb,Herbaceous,1871,Escape,193,15,68,40,0,1,Short,5.350089959,8.337015544,5.288703087,9.691921416,1,31.4261603,0.69,0,1800,10.05929916,65.84,0.3,2.67,7.59,0.432252867,0.768507239,1,155
Alyssum turkestanicum,ALTU2,Brassicaceae,Forb,Annual,Angiosperm,Forb,Herbaceous,1941,,,,,8,,,,5.576610694,7.704889318,3.538247388,8.951169455,,28.98914906,1.210867857,799.9999999,2600,12.2077818,47.77,0.28,2.45,6.08,0.298884598,0.620666654,1,85
Amaranthus blitoides,,Amaranthaceae,Forb,Annual,Angiosperm,Forb,Herbaceous,1868,Stowaway,24,15,1,16,,0,Long,5.274457174,8.546468405,4.297255836,11.04683415,,18.14041135,1.03,3.262543164,1951.156866,14.34317526,98,1.2,6.07,8.55,0.56,0.860462871,1,158
Amaranthus palmeri,AMPA,Amaranthaceae,Forb,Annual,Angiosperm,Forb,Herbaceous,1915,Contaminant,,,,10,,,Long,5.121081215,7.723646077,5.052973008,10.7067269,,21.32788547,0.33,10.16735602,1200,15.75145919,63.65,3.049999999,7.62,7.62,0.48,1.229457877,1,111
Amaranthus retroflexus,AMRE,Amaranthaceae,Forb,Annual,Angiosperm,Forb,Herbaceous,1822,Escape,,,,5,0,0,Long,6,8,3,11,,16.32011157,0.5,700,2804,17.12220312,72.42,2,15.24,10,0.85,1.7,1,204
Amaranthus spinosus,AMSP,Amaranthaceae,Forb,Annual,Angiosperm,Forb,Herbaceous,1829,Contaminant,,,,40,,,Long,5.438433467,8.436840925,5.314207148,11.0948812,,21.32788547,0.22,0,1200,15.03663314,75.46,1.5,4.5,11,1,1.842444467,1,197
Amaranthus tuberculatus,AMTU,Amaranthaceae,Forb,Annual,Angiosperm,Forb,Herbaceous,1830,Contaminant,,,,25,,0,Long,4.8,8,6.141144667,10.49714874,,21.32788547,0.23,0,1000,15,60,3.000000001,3,15,0.72,1.984196351,1,196
Ambrosia artemisiifolia,AMAR2,Asteraceae,Forb,Annual,Angiosperm,Forb,Herbaceous,1840,Contaminant,,,,59,,0,Long,6,7,9.483493047,10.06661584,0,25.01,3.63,8.338090471,1050,2,34,1.83,7.62,15.24,0.5875,2.349999999,1,186
Ambrosia trifida,AMTR,Asteraceae,Forb,Annual,Angiosperm,Forb,Herbaceous,,Contaminant,,,,59,,0,Long,5.477652798,7.969897806,10.07473242,10.87663404,,25.24076923,11.01,0,1686.336575,16,98,3.999999998,20.19,35,1.910000001,3.819999999,1,
Amelichloa brachychaeta,,Poaceae,Graminoid,Perennial,Angiosperm,Graminoid,Herbaceous,1960,,,,,3,,,,5.8,8.1,9,9,,26.46470061,8.839506508,59.99999999,1300,12,29,0.9,0.3,35,1.777008014,9.740712271,1,66
Ampelopsis glandulosa var. brevipedunculata,AMGLB,Vitaceae,Vine,Perennial,Angiosperm,Vine,Woody,1870,,,,,,,,,,,5,9,,24.5009015,37.40037832,0,800,16,50,6.1,11,14,,,0,156
Anchusa arvensis,ANAR16,Boraginaceae,Forb,Annual,Angiosperm,Forb,Herbaceous,1933,,17,8,225,30,0,0,,4.964528203,7.795049282,5.288250635,10.11334513,,16.525,5.55,2.102138409,1848.530277,22.36178428,75.38,16.83434036,24.27,21.67,5.610000002,33.63000002,1,93
Anchusa officinalis,ANOF,Boraginaceae,Forb,Perennial,Angiosperm,Forb,Herbaceous,1879,,25,7,974,30,,1,,4.902738009,8.508980863,4.750696284,10.52093949,,23.102,3.92,70,150,19.00370663,91.53,8.000000004,1.5,20,7.305,14.61000001,1,147
Anthemis arvensis,ANAR6,Asteraceae,Forb,Annual,Angiosperm,Forb,Herbaceous,1845,,75,18,172,44,0,0,,6.052595581,6.281950184,7,9,1,27.44965826,0.73,640.0000001,1610,22,57,8.000000004,1.6,3.5,1.383456187,47.41293614,1,181
Anthemis cotula,ANCO2,Asteraceae,Forb,Annual,Angiosperm,Forb,Herbaceous,1909,Escape,145,30,737,54,0,0,Short,6,8,10,12,0,22.4,0.43,0,2600,9.712539355,77.33,0.51,7.62,15.24,4.180000001,20.24472379,1,117
Anthoxanthum odoratum,ANOD,Poaceae,Graminoid,Perennial,Angiosperm,Graminoid,Herbaceous,1790,Escape,161,34,130,56,0,0,Long,5.266497584,7.598760063,5,9,,34.1511531,0.55,0,1600,27,127,0.91,1,6,3.100000002,9.000000002,1,236
Anthriscus caucalis,ANCA14,Apiaceae,Forb,Annual,Angiosperm,Forb,Herbaceous,1869,Stowaway,98,14,70,36,0,0,Long,5.1,8.2,7,10,,35.61131421,1.28,0,1940,14,89,1,8.57,20.24,2.000261785,3.955007789,1,157
Anthriscus sylvestris,ANSY,Apiaceae,Forb,Biennial,Angiosperm,Forb,Herbaceous,1893,Escape,115,23,163,66,1,1,Short,5.261758969,8.224028541,6.245337512,10.19124046,,30.49751074,3.72,1.223926008,1955.707633,14.6032469,81.55,1.5,25,22.17,2.249999999,4.500000002,1,133
Antigonon leptopus,ANLE4,Polygonaceae,Vine,Perennial,Angiosperm,Vine,Herbaceous,1909,Escape,33,8,18,11,,1,Long,6,8,8,11,,27.92740083,118.78,0,1000,11.8,137.8,3.049999999,7,14.5,1.529250944,18.84646116,1,117
Apera interrupta,APIN,Poaceae,Graminoid,Annual,Angiosperm,Graminoid,Herbaceous,1934,,13,4,35,33,0,0,,5.003815526,7.385371223,6.571305531,8.607426457,,35.27777778,0.1,1220,1700,21.94801557,45.25,0.858630274,0.52,7.57,2.789747812,15.86048989,1,92
Apium graveolens,APGR2,Apiaceae,Forb,Biennial,Angiosperm,Forb,Herbaceous,1839,,11,3,49,52,0,0,,6,8,3,6,,18.2,0.34,0,1000,12,181,0.91,7.62,15.24,1.270422047,2.305600047,1,187
Aquilegia vulgaris,,Ranunculaceae,Forb,Perennial,Angiosperm,Forb,Herbaceous,1838,,20,12,0,25,0,1,,5.434097938,7.917944493,4.5705554,7.988348516,,26.00588236,1.19,0,1500,15.41651101,69.15,0.72,1.49,3.17,0.39,0.78,1,188
Aralia elata,AREL8,Araliaceae,Tree,Perennial,Angiosperm,Tree,Woody,1894,Escape,64,18,179,12,,1,Long,5.456317292,8.8,4,9,,0.0000269,0.75,250,1500,10,100,12.19000001,7.62,15.24,0.63550291,2.567497729,0,132
Araujia sericifera,ARSE8,Apocynaceae,Vine,Perennial,Angiosperm,Vine,Woody,1930,Escape,13,4,3,5,,0,Long,6,8,8,11,,26.53529948,195.9924517,100,400,15.08808103,72.1,12,7.62,15.24,1.327278956,12.89905835,0,96
Arctium lappa,ARLA3,Asteraceae,Forb,Biennial,Angiosperm,Forb,Herbaceous,1873,Escape,94,32,3,80,0,0,Long,6,8,3,10,,17.40174456,10.71,50.91519802,500,15.09114745,49.75,3.049999999,15.24,15.24,1,2.501021952,1,153
Arctotheca calendula,ARCA45,Asteraceae,Forb,Annual,Angiosperm,Forb,Herbaceous,1988,Escape,13,4,66,4,,,Short,5.252521114,8.111794962,9.455690689,9.796769031,,21.76548373,1.49,1.887446369,100,17.65327044,45.08,0.25,1.96,13.95,1.774913331,3.750919987,1,38
Arctotheca prostrata,,Asteraceae,Forb,Annual,Angiosperm,Forb,Herbaceous,2001,,,,,2,,,,5.1,8.6,9,10,,21.76548373,0.7,0,739.9999997,15,61,0.208117872,2.4,14.21,1.988899919,2.902556061,1,25
Ardisia elliptica,AREL4,Primulaceae,Tree,Perennial,Angiosperm,Tree,Woody,1926,Escape,25,3,242,19,,0,Long,5.067711579,6.798967749,9.642111445,9.45243961,,13.70231618,37.16,35.77866424,913.6459722,26.13038487,67.71,8.000000004,7,16,1.219213606,18.80858242,0,100
Arenaria serpyllifolia,ARSE2,Caryophyllaceae,Forb,Annual,Angiosperm,Forb,Herbaceous,1816,Escape,47,25,1,77,0,0,Long,5.892347168,7.430106842,4.61236925,8.948062977,,20.99235875,0.07,150,1800,16.01117189,45.37,0.25,0.4,0.7,0.4,1.600000001,1,210
Arrhenatherum elatius,AREL3,Poaceae,Graminoid,Perennial,Angiosperm,Graminoid,Herbaceous,1800,Escape,83,18,20,54,1,1,Long,5,7.3,4,9,0,30.25259919,2.83,29.99999998,1800,32,50,1.22,1,40,3.999999998,16,1,226
Artemisia absinthium,ARAB3,Asteraceae,Forb,Perennial,Angiosperm,Forb,Herbaceous,1822,Escape,173,27,491,56,0,0,Long,5.574614453,8.478707081,3,9,,30.36459198,0.1,1500.000001,2100,13,35,1.52,2.54,7.62,4.709999999,9.420000001,1,204
Artemisia annua,,Asteraceae,Forb,Annual,Angiosperm,Forb,Herbaceous,1838,Escape,9,7,0,64,0,0,Long,5.515207332,8.382931831,4.734893348,8.913273193,,29.31166667,0.04,108.6883296,1000,12.21164371,21.31,1,2.04,7.33,1.9,3.799999998,1,188
Artemisia biennis,ARBI2,Asteraceae,Forb,Annual,Angiosperm,Forb,Herbaceous,1968,Contaminant,,,,16,,0,Long,5.090781595,8.911212146,6.201428144,9.468179861,1,13.34,1.508529038,0,2199.999999,10,43,3.000000001,4.07,13.2,5.247222396,14.04439502,1,58
Artemisia stelleriana,ARST6,Asteraceae,Forb,Perennial,Angiosperm,Forb,Herbaceous,1879,,6,5,0,34,,1,,6,8,3,9,,25.57373417,1.508529038,0,200,14.25143469,24.19,2.01121671,7.62,15.24,3.05,10.69251621,1,147
Artemisia vulgaris,ARVU,Asteraceae,Forb,Perennial,Angiosperm,Forb,Herbaceous,1904,Contaminant,335,30,452,74,1,1,Long,4.8,8.4,3,8,,24.12235294,0.16,1500.000001,3800.000001,14,29,2,8,13,3.25,9.320000005,1,122
Arthraxon hispidus,ARHI3,Poaceae,Graminoid,Annual,Angiosperm,Graminoid,Herbaceous,1923,Contaminant,129,18,41,65,,,Long,5.121615143,7.5,5.89594762,10.09638264,,26.46470061,0.35,19.13955565,1735.11972,20.43506678,75.27,1.33340927,2.5,8,1.277788102,12.68671904,1,103
Arum italicum,ARIT,Araceae,Forb,Perennial,Angiosperm,Forb,Herbaceous,1960,,58,19,18,28,1,1,,6,8,5,9,,33.26,39,0,500,20.97123602,64.14,0.61,20.32,30.48,12.62999999,50.0819063,1,66
Arundo donax,ARDO4,Poaceae,Graminoid,Perennial,Angiosperm,Graminoid,Herbaceous,1852,Escape,533,47,36468,35,1,1,Long,4.9,9.1,5,10,,26.46470061,0.11,0,2360.000001,35,65,9.999999996,9,100,2.8,13.85094635,1,174
Asclepias curassavica,ASCU,Apocynaceae,Forb,Perennial,Angiosperm,Forb,Herbaceous,1928,Escape,53,16,0,41,,,Long,6,8,8,11,,35.04925835,7.012869033,0,2000,12,37,0.91,7.62,15.24,1.879393099,6.950823163,1,98
Asparagus aethiopicus,,Liliaceae,Forb,Perennial,Angiosperm,Forb,Herbaceous,1902,Escape,55,6,107,2,,1,Long,5,8.5,9,10,,10.26869458,38.34,0,490,12,41,4.428804465,1.76,7.25,3.21740138,27.06348003,1,124
Asparagus asparagoides,ASAS4,Liliaceae,Forb/Vine,Perennial,Angiosperm,Vine,Herbaceous,1928,Escape,24,5,71,13,,,Long,5.1,8.6,9,11,,10.26869458,5.4,0,1090,12,53,6.000000002,3,7,4.176196737,37.66965331,1,98
Asparagus officinalis,,Asparagaceae,Forb,Perennial,Angiosperm,Forb,Herbaceous,1822,,196,55,14,31,1,1,,6,8,2,9,,10.92717391,24.12,175.5608683,200,13.93326038,17.71,1.52,1.48,3.77,1.46,4.659999999,1,204
Asperugo procumbens,,Boraginaceae,Forb,Annual,Angiosperm,Forb,Herbaceous,1877,,7,5,1,66,,1,,5.385662991,7.5,3.843830525,8.502134423,1,69.792,1.62,999.9999997,1500,20.31588265,44.58,0.8,2.6,7.3,0.33,0.860195484,1,149
Asphodelus fistulosus,ASFI2,Liliaceae,Forb,Perennial,Angiosperm,Forb,Herbaceous,1936,Contaminant,24,5,26,31,1,1,Long,5.2,8.2,9,10,,10.49166731,2.67,0,1260.000001,11,29,0.7,2.21,37.73,2.5,12.93552124,1,90
Astragalus cicer,,Fabaceae,Forb,Perennial,Angiosperm,Forb,Herbaceous,1957,Escape,21,11,2,26,,1,Long,6,8.5,5.650558767,9.092001386,,26.25,3.45,12.70206253,2000,16,60,0.91,1.08,3.54,1.0425,8.339999994,1,69
Atriplex micrantha,,Chenopodiaceae,Forb,Annual,Angiosperm,Forb,Herbaceous,1937,Stowaway,8,5,5,18,0,0,Long,6.472025801,8.789876738,4.220791622,10.00915755,,18.095,1.25,0,2000,8.143613292,53.2,0.884231922,2.17,5.39,0.975945393,2.875735188,1,89
Atriplex patula,,Chenopodiaceae,Forb,Annual,Angiosperm,Forb,Herbaceous,1852,Stowaway,21,13,1,108,0,0,Long,6.738077246,8.516892903,4.557795319,9.883608597,,17.375,1.39,1.13317927,1400,9.706444414,42.79,1.1,1.78,5.23,1.075,4.299999997,1,174
Atriplex semibaccata,ATSE,Chenopodiaceae,Shrub,Perennial,Angiosperm,Shrub,Woody,1900,Escape,45,6,1480,5,,1,Short,7,8.5,4.188754524,9.734182833,,17.09375591,4.12,2.801851652,1000,10,35,0.8,1.2,4,0.85,2.908966884,0,126
Avena barbata,AVBA,Poaceae,Graminoid,Annual,Angiosperm,Graminoid,Herbaceous,1883,Contaminant,106,10,189,43,0,0,Long,5,8.3,8,10,,30.84205433,20.25,0,2260,11,91,1.5,2,60,4.540000001,12.75,1,143
Avena fatua,AVFA,Poaceae,Graminoid,Annual,Angiosperm,Graminoid,Herbaceous,1872,Contaminant,184,25,169,87,0,0,Short,4,7.5,6.853808155,9.081593837,,31.49089315,18.31,2100,2730,10,39,1.2,1.06,45.08,4.301699999,25.81000001,1,154
Axonopus fissifolius,AXFI,Poaceae,Graminoid,Perennial,Angiosperm,Graminoid,Herbaceous,1870,,,,,44,,,,4.766698915,6,7,10,,26.46470061,0.49,21.35705918,2115.340909,30,157,1.569744414,1.56,15.24,0.916632097,19.12175417,1,156
Barbarea vulgaris,BAVU,Brassicaceae,Forb,Biennial,Angiosperm,Forb,Herbaceous,1822,Contaminant,279,40,39,47,0,1,Short,6,8,5,9,0,26.448976,0.68,0,3000.000001,31,71,1.2,7.62,15.24,0.295,0.59,1,204
Bassia hyssopifolia,BAHY,Bhenopodiaceae,Forb,Annual,Angiosperm,Forb,Herbaceous,1918,Contaminant,53,15,27,25,0,0,Long,5.7,9.4,6,10,,20.28231505,0.55,0,2240,6,29,1,0.3,2.5,0.923958367,2.137315558,1,108
Begonia cucullata,BECU,Begoniaceae,Forb,Perennial,Angiosperm,Forb,Herbaceous,1932,Escape,18,3,16,9,,1,Long,4.742203599,8.50687138,8,11,,,,0,1100,13.24846686,110.51,0.6,0.6,1.9,0.3,0.481797918,1,94
Bellardia trixago,BETR,Orobanchaceae,Forb,Annual,Angiosperm,Forb,Herbaceous,1921,,33,10,5,32,,,,5,8.6,9,10,,24.9585,1.088373511,0,900.0000003,18,85,0.7,2,9.5,1.344015567,3.914521063,1,105
Bellis perennis,BEPE2,Asteraceae,Forb,Perennial,Angiosperm,Forb,Herbaceous,1868,Escape,78,23,2,54,1,1,Long,6,8,4,8,,27.98170337,0.12,1.451800798,2672.929401,13.39651314,52.05,0.15,2.54,15.24,1.5765,3.153061226,1,158
Berberis bealei,BEBE2,Berberidaceae,Shrub,Perennial,Angiosperm,Shrub,Woody,1845,,,,,3,,,,5.681952812,6,7,9,,10.25283679,19.40244844,100,500,40.1085709,44.79,3.999999998,5.1,10,1.590601294,19.26062507,0,181
Berberis julianae,BEJU4,Berberidaceae,Shrub,Perennial,Angiosperm,Shrub,Woody,1936,Escape,8,5,1,2,,1,Long,5.449902237,6.839204757,6,8,,10.25283679,24,0.503056725,1037.327236,32.49299577,55.97,1.83,2.92,7.62,1.603137,7.364281051,0,90
Berberis thunbergii,BETH,Berberidaceae,Shrub,Perennial,Angiosperm,Shrub,Woody,1872,Escape,611,33,3165,1,,1,Long,5.5,7.2,4,8,,10.25283679,17.07,0,1300,30,60,3.000000001,1.8,2.4,1.55,5.611207438,0,154
Berberis vulgaris,BEVU,Berberidaceae,Shrub,Perennial,Angiosperm,Shrub,Woody,1818,Escape,189,25,103,33,1,1,Long,5.436498848,7.181665767,3,7,,10.63967814,13.05,0,1800,29.22463143,57.5,3.000000001,2.8,8,1.367899999,4.470000003,0,208
Berteroa incana,BEIN2,Brassicaceae,Forb,Annual,Angiosperm,Forb,Herbaceous,1876,Contaminant,288,33,593,39,,0,Long,5.320671791,8.370068779,5.730274722,9.818061174,,19.46416667,0.49,0,2056.157011,10.33028559,69.24,0.378112364,2.54,7.62,0.71,1.420000001,1,150
Betula pendula,BEPE3,Betulaceae,Tree,Perennial,Angiosperm,Tree,Woody,1869,Escape,19,9,1,75,1,1,Long,5,6.8,4.236617407,7.754470714,,15.1445311,0.59,25.92625174,1321.611389,30,55,12.19000001,5.28,9.5,0.49,0.98,0,157
Bidens bipinnata,BIBI7,Asteraceae,Forb,Annual,Angiosperm,Forb,Herbaceous,,Escape,,,,32,,0,Long,4.566252472,8.288608128,4.382208814,10.89145979,1,33.78817049,2.54,10,1800,25.44278789,97.77,1.5,10,20,1.804042027,3.416471157,1,
Bidens pilosa,BIPI,Asteraceae,Forb,Annual,Angiosperm,Forb,Herbaceous,1819,Escape,33,8,1,39,,0,Long,4,9,9,10,1,33.78817049,1.99,0,3600,20,138,1.5,4.5,12,1.7,2.294769798,1,207
Bischofia javanica,,Euphorbiaceae,Tree,Perennial,Angiosperm,Tree,Woody,1925,Escape,22,3,202,41,,0,Long,4.863840265,7.679161572,9.099310948,10.43934477,,9.8,11.99,0,1800,35,197,34.99999999,6.5,13,1.9,28.4007362,0,101
Borago officinalis,,Boraginaceae,Forb,Annual,Angiosperm,Forb,Herbaceous,1830,,36,13,6,15,0,0,,4.5,8.2,2,11,1,24.848,16.1,4.559541534,2380.252692,18.27737161,92.64,0.97,19.88,15.24,1.749999999,3.499999998,1,196
Bothriochloa ischaemum,,Poaceae,Graminoid,Perennial,Angiosperm,Graminoid,Herbaceous,1898,Escape,132,18,903,55,0,1,Long,5.5,8.5,3.912892254,9.456565834,,15.873,0.62,50.00000001,1200,15,45,1.22,0.45,25,1.21549403,8.175241765,1,128
Bougainvillea glabra,BOGL4,Nyctaginaceae,Vine/Shrub,Perennial,Angiosperm,Vine,Woody,1931,,3,3,0,3,,1,,6,8,9,11,,19.89202581,355.0259105,50.00000001,2280.000001,39,79,6.099999998,7.62,15.24,4.099999998,81.11329031,0,95
Brachypodium distachyon,BRDI2,Poaceae,Graminoid,Annual,Angiosperm,Graminoid,Herbaceous,1929,Contaminant,46,5,501,43,0,,Long,3.4,7.6,9,10,,29.8,4.18,0,599.9999997,11,67,0.4,0.6,12,0.3155,0.948,1,97
Brachypodium sylvaticum,BRSY,Poaceae,Graminoid,Perennial,Angiosperm,Graminoid,Herbaceous,1934,Stowaway,65,9,3406,92,1,0,Long,5,8.2,9,10,,44.11894737,3.56,25,710.0000003,28,79,2,1.5,35,0.431,0.862,1,92
Brassica elongata,,Brassicaceae,Forb,Perennial,Angiosperm,Forb,Herbaceous,1911,,8,4,0,30,,1,,4.907229148,8.599760135,4.853622658,10.15312448,0,14.018,0.84,0,2700.000001,11.69675273,88.69,1,6,30,0.700393726,1.539921489,1,115
Brassica juncea,BRJU,Brassicaceae,Forb,Annual,Angiosperm,Forb,Herbaceous,1860,Stowaway,9,7,0,,0,0,Long,4.3,8.3,2,11,,24.66579769,2.85,0,3000,20,165,1.800000001,28,80,1.5,5.031023164,1,166
Brassica napus,,Brassicaceae,Forb,Annual,Angiosperm,Forb,Herbaceous,1879,,5,3,1,1,0,1,,6,8,2,11,,24.805,3.35,0,2031.793298,40,80,1.22,15.24,15.24,0.575,2.300000001,1,147
Brassica nigra,BRNI,Brassicaceae,Forb,Annual,Angiosperm,Forb,Herbaceous,1888,Escape,160,30,227,49,0,0,Short,4.9,8.2,2,11,,26.42078167,0.81,14.24130874,2092.994987,12,67,2,10.16,25.4,0.8,1.600000001,1,138
Brassica rapa,BRRA,Brassicaceae,Forb,Annual,Angiosperm,Forb,Herbaceous,1840,Escape,77,25,20,21,0,1,Short,4.8,8.5,2,11,0,25.86319941,2.07,799.9999999,3000.000001,14,63,1.5,35,90,0.8,1.600000001,1,186
Brassica tournefortii,BRTO,Brassicaceae,Forb,Annual,Angiosperm,Forb,Herbaceous,1927,Contaminant,202,11,1296,,,1,Short,5.269472152,7.797486164,5.274354625,9.668753669,1,24.66579769,1.44,0,1000,16,34,1,5.39,30,0.6,1.65475866,1,99
Briza maxima,BRMA,Poaceae,Graminoid,Annual,Angiosperm,Graminoid,Herbaceous,1891,,54,8,72,26,0,0,,5.8,7,8,10,,48.86398605,3.04,5.570338663,990,12,40,0.61,0.8,20,6.5,49.84687338,1,135
Briza minor,BRMI2,Poaceae,Graminoid,Annual,Angiosperm,Graminoid,Herbaceous,1840,,79,18,4,28,0,0,,5,8,8,10,,54.42,0.32,0,1830,15,75,0.8,1,12,2.899999999,10.89331662,1,186
Bromus arvensis,BRAR5,Poaceae,Graminoid,Annual,Angiosperm,Graminoid,Herbaceous,1889,,485,44,2846,20,0,0,,5.2,7.5,5,9,,21.77857143,2.23,10,1686.636301,26,55,0.91,0.6,20,6.249999998,12.49999999,1,137
Bromus berteroanus,,Poaceae,Graminoid,Annual,Angiosperm,Graminoid,Herbaceous,1866,,11,5,1,9,,0,,5.4,8.5,7,10,,25.92067047,4.504091069,0,2280.000001,7,47,0.6,0.9,28,6.259999999,15.10944076,1,160
Bromus briziformis,BRBR5,Poaceae,Graminoid,Annual,Angiosperm,Graminoid,Herbaceous,1879,,45,13,11,4,0,0,,5.3,7.2,5.972842508,9.608128374,,25.92067047,2.94,74.13032544,1882.194584,12,45,0.49,0.57,11.6,3.670645122,12.80829695,1,147
Bromus catharticus,BRCA6,Poaceae,Graminoid,Annual,Angiosperm,Graminoid,Herbaceous,1822,,71,26,6,17,0,0,,5.5,8,6,10,,25.92067047,8.68,0,1603.321464,18,28,0.91,0.6,40,2.216700001,13.30000001,1,204
Bromus diandrus,BRDI3,Poaceae,Graminoid,Annual,Angiosperm,Graminoid,Herbaceous,1884,,182,22,1236,27,0,0,,5.516581686,7.291796447,6.373673718,9.683345985,,36.88617831,11.45,259.1753586,1998.60145,14.80251976,50.78,0.9,1,16.25,2.9875,23.89999998,1,142
Bromus hordeaceus,BRHO2,Poaceae,Graminoid,Annual,Angiosperm,Graminoid,Herbaceous,1861,Escape,217,24,801,72,0,1,Long,5.635626183,7.686288967,6,10,,31.11041127,1.95,1280,2800,10,39,0.7,0.7,20,4.6,18.4,1,165
Bromus hordeaceus subsp. hordeaceus,BRHOH,Poaceae,Graminoid,Annual,Angiosperm,Graminoid,Herbaceous,1800,,,,,,,0,,5.5,8,,,,25.92067047,2.7,,,12,20,0.61,,,9.2,,1,226
Bromus inermis,BRIN2,Poaceae,Graminoid,Perennial,Angiosperm,Graminoid,Herbaceous,1884,,,,,50,1,1,,5.5,8,5.626838319,9.806502553,0,16.3380031,2.91,1373,3235,11,69,0.98,1.5,35.56,2.939999998,20.17000002,1,142
Bromus madritensis,,Poaceae,Graminoid,Annual,Angiosperm,Graminoid,Herbaceous,1848,Contaminant,97,10,377,40,0,0,Short,6.017576524,6.980382085,5.457796743,9.330777821,,36.23034,5.77,370.0000001,900.0000003,10,14,0.45,0.09,0.3,2.424999999,9.700000004,1,178
Bromus racemosus,BRRA2,Poaceae,Graminoid,Annual,Angiosperm,Graminoid,Herbaceous,1861,,56,19,6,50,0,0,,5.609926533,7.29334417,5.136978849,9.314794362,,28.744,4.08,1280,2800,26,39,0.732448747,0.87,17.02,6.749999995,26.99999999,1,165
Bromus rigidus,BRRI8,Poaceae,Graminoid,Annual,Angiosperm,Graminoid,Herbaceous,1986,Contaminant,,,,28,0,0,Long,5,8.8,6,11,,27.51122222,10.19,0,2560,10,89,0.9,0.9,27,8.600000007,19.62181659,1,40
Bromus rubens,BRRU2,Poaceae,Graminoid,Annual,Angiosperm,Graminoid,Herbaceous,1887,Contaminant,321,17,392,32,0,0,Short,6,8.2,6,10,,33.11973958,2.8,0,2530,6,79,0.37,0.5,15,2.424999999,9.700000004,1,139
Bromus secalinus,BRSE,Poaceae,Graminoid,Annual,Angiosperm,Graminoid,Herbaceous,1822,Contaminant,29,14,4,26,0,0,Short,5,7.5,7,9,,19.898,8.41,200,1500,20,56.16,1.120747635,0.6,30,6.975000002,27.89999998,1,204
Bromus sterilis,BRST2,Poaceae,Graminoid,Annual,Angiosperm,Graminoid,Herbaceous,1827,Contaminant,40,16,17,50,0,0,Short,5.2,8.1,8,10,,32.46952045,9.51,34.99999998,2000,16,111,1,0.6,20,2.98,5.959999997,1,199
Bromus tectorum,BRTE,Poaceae,Graminoid,Annual,Angiosperm,Graminoid,Herbaceous,1861,Contaminant,1430,70,12358,62,0,0,Long,4.7,8.8,5,10,,29.56008625,2.99,0,3030,9,111,0.76,0.6,16,3.25,6.500000003,1,165
Broussonetia papyrifera,BRPA4,Moraceae,Tree,Perennial,Angiosperm,Tree,Woody,1838,Escape,146,23,337,15,,1,Long,6,8,6,11,,20.91235975,2.07,0,1000,28,98,15.23999999,6.6,9.7,0.7,1.4,0,188
Bryonia alba,BRAL4,Cucurbitaceae,Forb/Vine,Perennial,Angiosperm,Vine,Herbaceous,1880,,24,8,437,21,,,,5.27754958,7.477232538,4.371478759,10.21074568,,30.866,13.91,100,1800,25.07626333,108.16,7.000000004,8,15,2.970000001,16.73946602,1,146
Buddleja davidii,BUDA2,Loganiaceae,Shrub,Perennial,Angiosperm,Shrub,Woody,1917,Escape,137,26,83,4,0,1,Long,5.6,8.1,5,9,,15.51272839,0.1,0,3500,16,83,3.660000001,7,20,0.685,2.739999999,0,109
Buglossoides arvensis,BUAR3,Boraginaceae,Forb,Annual,Angiosperm,Forb,Herbaceous,1822,,88,24,1,74,,0,,5.505499465,7.344218058,7,9,,27.05228,5.82,100,1500,16,51,1.678802446,0.6,3,0.48,1.9,1,204
Bupleurum rotundifolium,BURO,Apiaceae,Forb,Annual,Angiosperm,Forb,Herbaceous,1860,,1,1,0,32,0,0,,6,8,5,9,,27.71533333,2.48,6.252669819,1656.777029,15.39161231,67.14,0.61,6.77,14.62,1.483889556,2.611306273,1,166
Butomus umbellatus,,Butomaceae,Forb,Perennial,Angiosperm,Forb,Herbaceous,1897,,165,27,566,70,1,1,,,,,,1,10.325,0.18,0,700,16,40,1.5,0.31,270,3.7551,,1,129
Cabomba caroliniana,CACA,Cabombaceae,Forb,Perennial,Angiosperm,Forb,Herbaceous,1879,Escape,,,,36,1,1,Long,5.7,9.2,6,10,,,1.14,,,40,60,0.08,,,3.55,,1,147
Cakile maritima,CAMA,Brassicaceae,Forb,Annual,Angiosperm,Forb,Herbaceous,1840,,36,3,41,49,0,0,,5,9.1,9,10,1,17.00836625,17.3,0,350,11,71,0.925664132,3,23.27,0.68,1.879746656,1,186
Calamagrostis arenaria,,Poaceae,Graminoid,Perennial,Angiosperm,Graminoid,Herbaceous,1896,,,,,40,,1,,6,8.5,9,10,,18.32727187,3.84,0,350,17,60,1.2,0.6,110,3.919110316,29.01180495,1,130
Calocedrus decurrens,CADE27,Cupressaceae,Tree,Perennial,Gymnosperm,Tree,Woody,,,,,,3,,0,,4.6,8,5,8,,0.065415584,28.58,50.00000001,3000.000001,15,80,70.00000002,1.16,1.4,15.24999999,65.75635152,0,
Calystegia sepium,CASE13,Convolvulaceae,Forb,Perennial,Angiosperm,Forb,Woody,1987,,,,,135,1,1,,6,8,3,9,,36.88153846,28.15,38.60233345,1310,16.91506513,51.56,2,7.62,15.24,0.8,1.600000001,0,39
Camelina microcarpa,CAMI2,Brassicaceae,Forb,Annual,Angiosperm,Forb,Herbaceous,1840,,84,17,4,51,0,0,,5.349479715,8.357617798,6,10,1,20.092,0.3,0,2500,11,31,1,2,7,0.218018078,0.847381372,1,186
Camelina sativa,,Brassicaceae,Forb,Annual,Angiosperm,Forb,Herbaceous,1855,,3,2,0,33,0,0,,5.391537909,8.069027424,6.480356375,9.163914167,1,20.092,0.97,0,1500,10.01092055,50.89,1.3,1.5,9,0.215133006,1.071850717,1,171
Campanula rapunculoides,CARA,Campanulaceae,Forb,Perennial,Angiosperm,Forb,Herbaceous,1879,,140,25,59,40,1,1,,,,3,9,,35.57439925,0.18,,,,,1.22,5.08,10.16,3.98,,1,147
Cannabis sativa,CASA3,Cannabaceae,Forb,Annual,Angiosperm,Forb,Herbaceous,1863,,20,14,0,10,,0,,6,8,8,11,,28.316,18.25,0,3700,10.93256656,38,4.999999998,7.62,15.24,0.91,1.82,1,163
Capsella bursa-pastoris,CABU2,Brassicaceae,Forb,Annual,Angiosperm,Forb,Woody,1867,Contaminant,142,38,5,93,0,0,Long,5,8.8,6,10,1,29.59582832,0.11,0,2800,9,79,0.8,2.54,15.24,0.2,0.8,0,159
Caragana arborescens,CAAR18,Fabaceae,Tree,Perennial,Angiosperm,Tree,Woody,1892,,129,14,20,12,,1,,5,8.5,2,7,1,23.53,26.35,0,1650,12,55,7.000000004,2.03,12.7,1.6,3.2,0,134
Cardamine flexuosa,CAFL14,Brassicaceae,Forb,Annual,Angiosperm,Forb,Herbaceous,1902,,5,5,0,33,0,0,,5.403837724,8.735117375,5.915064002,9.789329294,1,40.87157,0.18,0,3600,9.795388548,98.96,0.5,12.65,25.26,0.9,1.903934749,1,124
Cardamine hirsuta,,Brassicaceae,Forb,Annual,Angiosperm,Forb,Herbaceous,1840,,144,40,0,90,0,1,,6,8,4,8,1,27.75556769,0.12,0.76379209,1813.305577,12.09084194,49.92,0.25,8,22,0.23,0.430615446,1,186
Cardamine impatiens,CAIM,Brassicaceae,Forb,Biennial,Angiosperm,Forb,Herbaceous,1812,,104,22,62,64,0,0,,5.78987864,7.5,6.404573008,8.509681179,1,33.8,0.18,0,200,14.04028851,36.89,0.76,7,22,0.21,0.733713022,1,214
Cardiospermum halicacabum,,Sapindaceae,Vine,Perennial,Angiosperm,Vine,Herbaceous,1851,Escape,40,13,10,129,,1,Long,6,8,9,11,,18.48917807,46.78,0.33961214,1500,15.24377194,74.12,8.000000004,7.62,15.24,1.520874521,5.705636041,1,175
Carduus acanthoides,CAAC,Asteraceae,Forb,Biennial,Angiosperm,Forb,Herbaceous,1880,,239,37,1162,43,,1,,5.5,7.2,7,10,1,20.22142857,2.41,20.00000001,1790,23,85,1.83,7,29,1.270164745,5.988812145,1,146
Carduus tenuiflorus,CATE2,Asteraceae,Forb,Annual,Angiosperm,Forb,Herbaceous,1877,,55,11,5,19,0,0,,5,8.6,8,10,1,18.18641931,3.52,0,1410,12,63,2,4.14,25,1.229155564,3.176401893,1,149
Carex kobomugi,CAKO2,Cyperaceae,Graminoid,Perennial,Angiosperm,Graminoid,Herbaceous,1931,,9,7,8,10,0,0,,5.7,7,6.927925293,9.436935207,,19.9539276,1.402990765,3.580762592,838.7986724,36,55,0.3,0.8,21.62,0.2,0.595419977,1,95
Carex longii,CALO5,Cyperaceae,Graminoid,Perennial,Angiosperm,Graminoid,Herbaceous,,,,,,45,,,,5.425722724,7.069881698,8.832290641,9.347813418,,19.9539276,1.402990765,0,800,31.87185896,53.14,1.399999999,0.45,30,0.35,2.273560964,1,
Carex pendula,CAPE45,Cyperaceae,Graminoid,Perennial,Angiosperm,Graminoid,Herbaceous,1989,,8,4,188,28,1,1,,5.5,7.5,9,10,,13.3,0.75,0,739.9999997,23,57,3.000000001,2,48,0.34602041,2.302634254,1,37
Carpobrotus chilensis,CACH38,Aizoaceae,Shrub,Perennial,Angiosperm,Shrub,Woody,1881,,27,3,32,3,,1,,7.5,8.1,9,10,,,0.34,0,100,5,29,2,1.2,7,0.609849629,3.560949434,0,145
Carpobrotus edulis,CAED3,Aizoaceae,Shrub,Perennial,Angiosperm,Shrub,Herbaceous,1927,Escape,36,5,692,1,1,1,Long,5.302626414,9.5,8.950654699,10.42394966,1,,0.37,0,331.2703745,12,59,3.000000001,1.7,14,0.732888202,2.652630966,1,99
Carthamus lanatus,CALA20,Asteraceae,Forb,Annual,Angiosperm,Forb,Herbaceous,1879,,33,7,76,44,0,1,,5,8.1,9,10,1,19.63113333,13.4,0,1100,19,61,1.800000001,1.14,15,1.2,4.799999998,1,147
Casuarina equisetifolia,CAEQ,Casuarinaceae,Tree,Perennial,Angiosperm,Tree,Woody,1825,Release,63,6,1958,31,,1,Long,6.2,8.8,9,10,,4.374333857,4.77,0,1500,10,197,34.99999999,0.75,20.32,0.6,3.44161855,0,201
Casuarina glauca,CAGL11,Casuarinaceae,Tree,Perennial,Angiosperm,Tree,Woody,1916,Escape,21,3,129,2,,1,Long,6.5,7.646216331,8.822177112,8.911602849,,4.374333857,3,0,250,22.44,85.83,20.00000001,0.12,2,0.35,1.930704326,0,110
Catharanthus roseus,CARO14,Apocynaceae,Shrub,Perennial,Angiosperm,Shrub,Herbaceous,1865,Escape,26,3,48,1,,0,Short,5.068211839,6,10,11,,25.6604875,1.43,10.43465525,1500,31,55,1,2.54,7.62,2.4,31.44807504,1,161
Cenchrus ciliaris,CECI,Poaceae,Graminoid,Perennial,Angiosperm,Graminoid,Herbaceous,1917,Escape,,,,59,,1,Long,6,8.5,7.075096126,10.78342948,,26.46470061,1.37,0,2000,6,47,1.5,1.06,22.38,1.299999999,3.845390689,1,109
Cenchrus clandestinus,CECL2,Poaceae,Graminoid,Perennial,Angiosperm,Graminoid,Herbaceous,1918,,,,,10,,,,5.417201552,8.335649775,7.587746503,11.04056237,,26.46470061,3.68383871,0.993826387,1413.433082,17.21484165,77.53,0.950335041,1.22,22.68,1.349925949,3.838763086,1,108
Cenchrus echinatus,CEEC,Poaceae,Graminoid,Annual,Angiosperm,Graminoid,Herbaceous,1864,,,,,71,,,,5.436241634,8.826729326,8.075584511,11.29254114,,26.46470061,3.68383871,0,1664.657295,16.27633619,84.04,0.9,1.1,30,2.599999999,6.148199069,1,162
Cenchrus longispinus,CELO3,Poaceae,Graminoid,Annual,Angiosperm,Graminoid,Herbaceous,,,,,,55,,,,5.440878777,8.631552932,7,11,,26.46470061,3.68383871,0,1464.78085,15.74101939,76.98,0.665217081,0.64,17.78,1.95,4.206824715,1,
Cenchrus purpureus,CEPU15,Poaceae,Graminoid,Perennial,Angiosperm,Graminoid,Herbaceous,1913,,,,,36,,,,5.2,8.7,8.427704123,11.02829352,,26.46470061,0.79,0,1598.676876,36,100,3.049999999,1.66,40.43,1.98968672,7.690347811,1,113
Cenchrus setaceus,,Poaceae,Graminoid,Perennial,Angiosperm,Graminoid,Herbaceous,1914,,,,,22,,,,5.378506596,8.094796397,9,11,,26.46470061,1.64,1.143441772,1207.840151,17.78652767,73.15,1.22,0.91,15.24,1.341047797,5.304772049,1,112
Centaurea calcitrapa,CECA2,Asteraceae,Forb,Biennial,Angiosperm,Forb,Herbaceous,1827,,79,17,661,35,0,0,,5.1,8.3,9,10,,22.82,2.16,0,1109.999999,17,67,0.91,0.79,20,0.93,2.959239677,1,199
Centaurea cyanus,CECY2,Asteraceae,Forb,Annual,Angiosperm,Forb,Herbaceous,1829,,38,12,10,11,0,0,,6,8,2,11,0,21.084,4.28,0,2400,13,71,0.91,2.54,7.62,0.71,1.317686582,1,197
Centaurea diffusa,CEDI3,Asteraceae,Forb,Biennial,Angiosperm,Forb,Herbaceous,1900,Contaminant,619,31,7458,25,,0,Long,5.5,8.4,6,9,,16.167,1.89,0,2390.000001,14,123,0.8,1.72,20,0.9,1.8,1,126
Centaurea iberica,CEIB,Asteraceae,Forb,Perennial,Angiosperm,Forb,Herbaceous,1924,Stowaway,5,5,2,29,,1,Short,6.5,7.5,9,10,1,21.10304308,2.87,0,1500,18,25,2,1.21,20,1.341178269,7.76805709,1,102
Centaurea jacea,CEJA,Asteraceae,Forb,Perennial,Angiosperm,Forb,Herbaceous,1851,,119,32,182,38,1,1,,5.564569298,8.002304629,8,9,0,19.66263488,1.53,0,1650,47,103,1.22,2.54,25.4,1.045,3.049999999,1,175
Centaurea macrocephala,CEMA9,Asteraceae,Forb,Perennial,Angiosperm,Forb,Herbaceous,1920,Escape,12,7,9,3,,1,Short,5.735200478,7.670591243,3,8,,21.10304308,15.6,399.9999999,2000,17.2964367,43.51,1.699999999,1.11,30,0.621161545,2.059222676,1,106
Centaurea melitensis,CEME2,Asteraceae,Forb,Annual,Angiosperm,Forb,Herbaceous,1855,Stowaway,226,25,1056,21,,0,Short,5,8.9,8,10,1,14.9754,1.5,0,1990,7,85,1,0.3,15,0.94,2.458449937,1,171
Centaurea montana,,Asteraceae,Forb,Perennial,Angiosperm,Forb,Herbaceous,1920,,22,13,9,13,,1,,6,8,3,11,0,36.5,14.84,8.050282847,2028.939379,13.26513844,70.28,0.61,2.54,15.24,1.679999999,3.055668006,1,106
Centaurea nigra,CENI2,Asteraceae,Forb,Perennial,Angiosperm,Forb,Herbaceous,1864,,57,21,66,15,0,0,,5.5764745,8.002082452,6.076050819,9.31910119,0,25.21043478,2.32,3.806992333,2019.655995,15.29670613,92.35,0.91,2.1,25.4,1.08,3.159999999,1,162
Centaurea nigrescens,CENI3,Asteraceae,Forb,Perennial,Angiosperm,Forb,Herbaceous,1897,,99,20,832,8,,1,,5.577744573,7.716150999,8,8,,21.10304308,2.61,350,1877.351675,20,113,1.52,2,25.4,0.95,3.799999998,1,129
Centaurea solstitialis,CESO3,Asteraceae,Forb,Annual,Angiosperm,Forb,Herbaceous,1870,Contaminant,428,35,11616,47,0,0,Short,5,8.9,5,10,0,21.57792488,2.6,0,2550,12,121,1,1.28,15,0.87,1.739999999,1,156
Centaurea stoebe subsp. australis,CEST8,Asteraceae,Forb,Biennial,Angiosperm,Forb,Herbaceous,1893,,1556,70,36085,,,,,,,,,,21.10304308,1.4,30,3040,8,79,1.8,,,1.23,,1,133
Centaurea virgata,CEVI,Asteraceae,Forb,Perennial,Angiosperm,Forb,Herbaceous,1894,,101,14,646,16,,0,,5.7,7.1,6,8,,21.10304308,2.83,270,1619.999999,20,75,1.709898368,1.35,19.96,0.63052455,2.941988232,1,132
Centaurea x moncktonii,,Asteraceae,Forb,Perennial,Angiosperm,Forb,Herbaceous,1890,,119,20,254,,,,,5.536229538,8.100222129,6.565032326,10.03044983,,21.10304308,3.458455959,0,1000,13.76324568,67.95,1.5,1.71,25,1.161077005,3.755700054,1,136
Centaurium erythraea,CEER5,Gentianaceae,Forb,Biennial,Angiosperm,Forb,Herbaceous,1827,,17,10,2,57,0,0,,,,8,10,,22.41888889,0.01,0,1000,12,105,0.6,2,7,1.13,,1,199
Cerastium fontanum,CEFO2,Caryophyllaceae,Forb,Perennial,Angiosperm,Forb,Herbaceous,1832,,302,61,2,85,1,1,,5.4,7.3,6,10,,38.26191792,0.13,0,2740.000001,17,123,0.3,1.27,2.54,0.3688,5.900000001,1,194
Cerastium fontanum subsp. vulgare,CEFOV2,Caryophyllaceae,Forb,Perennial,Angiosperm,Forb,Herbaceous,,,,,,,,,,5.4,7.3,6,10,,35.35736414,0.09,20,2740,17,123,,,,2.9,,1,
Cerastium glomeratum,,Caryophyllaceae,Forb,Annual,Angiosperm,Forb,Herbaceous,1819,,310,45,3,73,0,0,,5.726495515,7.59626645,5.236242209,9.935310707,,22.42773333,0.05,0,1800,17.93351291,99.97,0.15,1.5,3,0.526000605,4.536384648,1,207
Cestrum diurnum,CEDI6,Solanaceae,Shrub,Perennial,Angiosperm,Shrub,Woody,1909,,8,3,139,6,,0,,5.489580431,7.935698127,7.418293754,10.24158924,,27.49033333,1.59,0,1000,31,118,2,4.5,11,1.828596746,6.375886708,0,117
Chaenorhinum minus,CHMI,Scrophulariaceae,Forb,Annual,Angiosperm,Forb,Herbaceous,1822,,17,11,1,35,0,0,,5.322523718,7.80785591,4.716110724,9.823814679,,28.95637243,0.09,0.752695842,1776.088553,15.71229847,76.78,0.3,2.33,3.18,0.76086763,1.3987166,1,204
Chamaecrista nictitans,CHNI2,Fabaceae,Forb,Annual,Angiosperm,Forb,Herbaceous,,Release,,,,76,,,Short,5.209565261,8,6.96780404,10.54053965,0,12.368,2.2,0,1743.625023,28,94,0.8,3,10,1.103332155,2.350237172,1,
Chasmanthe floribunda,,Iridaceae,Forb,Perennial,Angiosperm,Forb,Herbaceous,1962,,18,4,49,1,,1,,4.517511136,7.8,8.267102918,10.9640551,,19.36104348,61.31,0,100,23.02378636,57.43,1.2,3.5,68.11,6.020798769,46.06560459,1,64
Chelidonium majus,CHMA2,Papaveraceae,Forb,Biennial,Angiosperm,Forb,Herbaceous,1822,,188,26,30,45,0,1,,5.304141153,7,4,8,,44.88545455,0.72,9.647852344,1650.060907,20.13411636,42.21,1.22,15.24,35.56,1.13,2.259999999,1,204
Chenopodiastrum murale,,Chenopodiaceae,Forb,Annual,Angiosperm,Forb,Herbaceous,1865,Escape,,,,72,0,,,5.780651383,8.794946861,4.85942235,10.59996646,,21.32260616,0.59,0,2000,1,79,0.9,5,9,0.693801807,2.159231886,1,161
Chenopodiastrum simplex,,Amaranthaceae,Forb,Annual,Angiosperm,Forb,Herbaceous,,,,,,54,,,,5.906026109,7.5,5.135294227,10.06326228,,21.32260616,2.36,11.75740156,1863.92632,7.241024484,59.2,1.52,10.16,15.24,0.791884633,5.146300874,1,
Chenopodium album,CHAL7,Chenopodiaceae,Forb,Annual,Angiosperm,Forb,Herbaceous,1902,Escape,,,,106,0,0,,4.7,8.3,5,10,,22.86417292,0.63,0,2780.000001,9,75,3.000000001,8,12,0.77,3.159999999,1,124
Chorispora tenella,CHTE2,Brassicaceae,Forb,Annual,Angiosperm,Forb,Herbaceous,1894,Contaminant,158,22,36,29,,0,Long,5.8,8.1,6,9,,28.4481321,1.2,0,2300,8,37,0.56,3,13,0.35,0.823997556,1,132
Cichorium intybus,CIIN,Asteraceae,Forb,Perennial,Angiosperm,Forb,Herbaceous,1822,Escape,594,68,101,60,0,1,Short,6,8,3,8,0,23.93888461,1.21,0,1500,20,60,1.83,15,50,1.33,3.48315082,1,204
Cicuta maculata,CIMA2,Apiaceae,Forb,Perennial,Angiosperm,Forb,Herbaceous,,,,,,64,,,,6,8,5,9,,22.47466667,2.34,1372,2438,16.07262432,62.3,1.83,7.62,15.24,2.040000001,6.202382315,1,
Cirsium arvense,CIAR4,Asteraceae,Forb,Perennial,Angiosperm,Forb,Herbaceous,1650,Contaminant,1858,72,57813,86,1,1,Long,5.1,8.5,5,10,0,15.3333393,1.34,0,2660,10,123,1.5,6,30,1.42,2.840000001,1,376
Cirsium ochrocentrum,CIOC2,Asteraceae,Forb,Perennial,Angiosperm,Forb,Herbaceous,,,,,,13,,,,5.577945457,7.572761863,3.781029005,9.25253321,,17.8174975,3.547681944,1372,2438,15.47902834,72.08,0.9,8,30,0.841936672,2.099223334,1,
Cirsium palustre,,Asteraceae,Forb,Perennial,Angiosperm,Forb,Herbaceous,1902,,102,11,1162,33,0,0,Long,5.53895729,7.45147956,6.516022248,9.742420988,1,17.25154896,1.63,10,800,17.17355534,68.7,2.129999999,10.16,30.48,1.29,5.284138156,1,124
Cirsium undulatum,CIUN,Asteraceae,Forb,Biennial,Angiosperm,Forb,Herbaceous,,,,,,31,,0,,5.420734395,7.997945537,4.155006431,9.567946286,,17.8174975,4.86,100,2800,13.8530068,89.8,0.9,10,40,1.060308262,2.206946009,1,
Citrus trifoliata,CITR5,Rutaceae,Shrub,Perennial,Angiosperm,Shrub,Woody,1850,Escape,,,,3,,,Long,5.362602842,6,5,9,,11.64109467,101.28,1869.292067,1032.071728,24.81675412,27.12,9.140000001,2.5,6.4,0.7839996,6.250036256,0,176
Citrus x aurantium,CIAU8,Rutaceae,Tree,Perennial,Angiosperm,Tree,Woody,,,,,,,,,,5.296858898,6.664402245,4.65772315,9.083471221,,11.64109467,117.36,279.3290156,1319.597043,21.80144641,34.86,4.999999998,2.89,7.39,0.867896161,4.089769001,0,
Clematis terniflora,CLTE4,Ranunculaceae,Vine,Perennial,Angiosperm,Vine,Woody,1878,Escape,159,29,43,13,,0,Long,5.1834146,8.931421392,5,9,,17.921803,5.24,0,3149.999999,21.99686845,111.37,6.000000002,7.62,7.62,8.424248243,6.881451283,0,148
Clematis vitalba,CLVI6,Ranunculaceae,Vine,Perennial,Angiosperm,Vine,Woody,1835,Escape,50,12,270,33,0,1,Long,5.5,8,7.01263921,8.880667201,,23.63,2.22,0,100,31,63,12,4.73,8.25,8.405000006,16.81000001,0,191
Clerodendrum indicum,CLIN,Lamiaceae,Shrub,Perennial,Angiosperm,Shrub,Herbaceous,1937,Escape,11,3,2,15,,1,Long,5.021489814,8.046333097,8,12,,28.70343763,66.66816667,0,1400,22.80878428,97.81,3.000000001,8,20,2.03505529,11.07163543,1,89
Clerodendrum macrostegium,CLMA24,Verbenaceae,Shrub,Perennial,Angiosperm,Shrub,Woody,1961,,,,,2,,1,,5.130338154,7.94343861,7.054926515,11.35745517,,28.70343763,66.66816667,1.237784209,1375.698279,23.32247967,86.94,1.696582718,6.94,16.87,1.699824594,7.048762628,0,65
Cocos nucifera,,Arecaceae,Tree,Perennial,Angiosperm,Tree,Woody,1892,Escape,17,3,21,11,,1,Long,4,8,9.455553258,10.51105472,,16.67897783,576800,0,1200,20,80,30.00000002,150,700,2.8,66.36022578,0,134
Colocasia esculenta,COES,Araceae,Forb,Perennial,Angiosperm,Forb,Herbaceous,1870,Escape,230,21,727,13,,1,Short,4.2,7.5,8,11,,26.25986536,58.53008,0,270,14,17,1.5,38,55,4.099999998,42.34187804,1,156
Colubrina asiatica,COAS3,Rhamnaceae,Shrub,Perennial,Angiosperm,Shrub,Woody,1930,Escape,19,3,158,54,,,Long,5.20303244,7.2,9,11,,17.46871924,31.76,0,101,39,118,9.999999996,5.7,8,0.93,4.313138274,0,96
Commelina communis,COCO3,Commelinaceae,Forb,Annual,Angiosperm,Forb,Herbaceous,1827,,266,37,23,25,,1,,5.506113047,5.473099462,5,8,,30.01097802,7.7,350,274.4921913,16.59,31.04115736,0.91,2.13,8.83,0.6,7.011686547,1,199
Conicosia pugioniformis,COPU18,Aizoaceae,Forb,Perennial,Angiosperm,Forb,Herbaceous,1903,,8,1,17,1,,0,,6.148707393,8.449120387,3,7,,,0.87,0,100,16,35,0.25,1.2,20,0.459182204,0.738256663,1,123
Convallaria majalis,COMA7,Asparagaceae,Forb,Perennial,Angiosperm,Forb,Herbaceous,1827,,134,26,223,36,1,1,,5.5,7.5,3,8,,28.96700855,19.04,1.325115341,1220.555776,32,65,0.15,12.7,25.4,17.6638,35.32755099,1,199
Coronilla varia,COVA2,Fabaceae,Forb,Perennial,Angiosperm,Forb,Herbaceous,1850,,,,,28,,,,4.8,7.2,3,7,,30.21266667,4.02,28.65209249,2199.999999,21,65,1,2.15,16,1.245,6.516799065,1,176
Cortaderia jubata,COJU2,Poaceae,Graminoid,Perennial,Angiosperm,Graminoid,Herbaceous,1958,Escape,75,9,3488,5,,,Long,4.5,8.3,8,10,,26.46470061,8.839506508,0,1990,15,113,2.499999999,1.2,90,1.47721053,13.39479815,1,68
Cortaderia selloana,COSE4,Poaceae,Graminoid,Annual,Angiosperm,Graminoid,Herbaceous,1800,Escape,128,27,450,10,0,1,Long,4.9,8.5,6,11,,26.46470061,8.839506508,0,400,35,65,3.999999998,8,200,1.616469071,16.49962476,1,226
Cosmos bipinnatus,COBI2,Asteraceae,Forb,Annual,Angiosperm,Forb,Herbaceous,1881,,11,8,0,5,,0,,4.685328028,8.842334261,2,11,0,21.76548373,7.02,9.005623921,2280,16,31,1.5,7.62,15.24,1.5,1.847431651,1,145
Cotoneaster coriaceus,,Rosaceae,Shrub,Perennial,Angiosperm,Shrub,Woody,,,,,,2,,0,,6,8,6,8,,11.89802989,7.77,5.079178958,1415.939352,15.86845159,57.27,3.049999999,1.49,3.67,0.692409329,0.974035533,0,
Cotoneaster franchetii,COFR3,Rosaceae,Shrub,Perennial,Angiosperm,Shrub,Woody,1914,,38,7,382,3,,0,,5.740723285,8.146549445,6,9,,10.073,8.88,0,1569.795204,24,105,3.049999999,2.9,5.8,0.788149974,1.000435675,0,112
Cotoneaster pannosus,COPA14,Rosaceae,Shrub,Perennial,Angiosperm,Shrub,Woody,1920,,23,7,390,1,,0,,5,7.7,9,10,,11.89802989,26.17,0,1330,16,85,4.999999998,2.6,3.9,0.965068596,1.936784953,0,106
Cotula australis,COAU3,Asteraceae,Forb,Annual,Angiosperm,Forb,Herbaceous,1881,,22,3,0,20,,1,,5.690116893,7.972061904,9,10,1,37.272,0.06,0,800,13,67,0.1,2,6,1.870144626,2.189526008,1,145
Cotula coronopifolia,COCO7,Asteraceae,Forb,Perennial,Angiosperm,Forb,Herbaceous,1878,,61,10,21,4,,1,,5.52259797,7.762897243,8,10,1,37.272,0.09,0,900.0000003,13,71,0.3,1.85,7,2,3.999999999,1,148
Crataegus monogyna,CRMO3,Rosaceae,Shrub/Tree,Perennial,Angiosperm,Tree,Woody,1850,Escape,65,21,101,48,0,1,Long,6,7.5,8,10,1,10.89180913,96.87,1525,2199.999999,24,67,9.999999996,2.43,3.5,0.76,1.52,0,176
Crepis capillaris,CRCA3,Asteraceae,Forb,Annual,Angiosperm,Forb,Herbaceous,1849,,13,11,0,32,0,0,,5.476937432,7.908103909,7,10.43699317,0,42.2164184,0.24,0,1300,20,79,0.5695,4.5,30,2.1,4.200000001,1,177
Crepis tectorum,CRTE3,Asteraceae,Forb,Annual,Angiosperm,Forb,Herbaceous,1880,,28,11,1,48,,1,,5.453843745,7.984950954,7.146113072,10.81174614,1,17.2,0.27,100,1930.34843,21.72391152,103.33,1.02,15.24,2.54,3.399999998,6.800000002,1,146
Crotalaria pallida,CRPA10,Fabaceae,Shrub,Perennial,Angiosperm,Shrub,Woody,1919,,27,2,50,59,,,,4.916950928,8.314189069,8.019353557,11.06125901,,23.47437641,12.86,0,1690.612235,27.74997479,112.7,0.7,3,6,1.299999999,2.372798914,0,107
Crotalaria spectabilis,CRSP2,Fabaceae,Shrub,Annual,Angiosperm,Shrub,Herbaceous,1930,Escape,77,4,71,16,0,0,Short,4.8,8,9,11,,23.47437641,16.6,0,1500,35,110,1.5,5,15,1.496086388,4.572493414,1,96
Cruciata pedemontana,CRPE10,Rubiaceae,Forb,Annual,Angiosperm,Forb,Herbaceous,1954,,16,9,0,33,,1,,5.483017305,7,5.519873195,9.647687815,,27.18733333,0.38,146.8532709,878.6826455,19.51947866,64.66,0.35,0.55,1.7,0.829598621,4.375492836,1,72
Cryptostegia madagascariensis,CRMA10,Apocynaceae,Vine/Shrub,Perennial,Angiosperm,Vine,Herbaceous,1904,Escape,7,3,4,1,,0,Long,5.520242104,7.38150218,10,11,,26.53529948,5.96,0,599.9999997,16,94,8.000000004,6.5,11.2,1.887035071,26.98987051,1,122
Cucumis melo,,Cucurbitaceae,Forb,Annual,Angiosperm,Forb,Herbaceous,1888,,5,4,0,32,,0,,6,8,2,11,,29.03121212,18.61,0,2199.999999,17.17630085,137.77,3.000000001,15.24,7.62,1,1.843550865,1,138
Cuphea carthagenensis,CUCA4,Lythraceae,Shrub,Annual,Angiosperm,Shrub,Herbaceous,1923,,21,7,0,32,,,,5.063617724,8.109923438,6.210921993,10.45598529,,25.69592314,0.7,0,1060,13.22057815,64.71,0.6,2.5,5.5,0.70161525,1.006460261,1,103
Cuscuta approximata,CUAP2,Cuscutaceae,Forb,Annual,Angiosperm,Forb,Herbaceous,1887,,6,4,0,62,,1,,5.879582051,7.770391528,5.624766837,10.17623457,,28.02022794,0.33,33.93244027,1500,12.64049913,58.24,3.265192962,6.89,11.24,1.005128093,3.677955553,1,139
Cuscuta epithymum,CUEP,Cuscutaceae,Forb/Vine,Perennial,Angiosperm,Vine,Herbaceous,1888,,4,4,0,57,1,1,,6.057784269,7.631885905,4.616577214,9.856656811,,28.02022794,0.31,2000.000001,1433.883747,6,43,3.849513322,5.58,8.86,0.671290129,2.723565221,1,138
Cynara cardunculus,CYCA,Asteraceae,Forb,Perennial,Angiosperm,Forb,Herbaceous,1901,Escape,64,6,5744,14,,0,Long,6,8,7,10,1,14.67715,33.21,5.243225445,2280,16,34,2,30,200,2.214800157,7.724718006,1,125
Cynodon dactylon,CYDA,Poaceae,Graminoid,Perennial,Angiosperm,Graminoid,Herbaceous,1895,Escape,419,43,1040,153,1,1,Long,5,8,6,10,,30.928,0.26,0,2180,32,100,0.43,0.25,12.7,0.49,2.27,1,131
Cynosurus echinatus,CYEC,Poaceae,Graminoid,Annual,Angiosperm,Graminoid,Herbaceous,1919,,59,10,181,,0,0,,5,7.9,7,10,,53.26960402,1.49,0,2160,19,113,0.6,1.4,23,3.875383421,11.74488629,1,107
Cyperus alternifolius subsp. flabelliformis,CYALF,Cyperaceae,Graminoid,Perennial,Angiosperm,Graminoid,Herbaceous,1921,,,,,,,,,6,8,8,12,,31.2308,0.302287097,0,800,20,400,1.83,2.54,40.64,,,1,105
Cyperus blepharoleptos,,Cyperaceae,Graminoid,Perennial,Angiosperm,Graminoid,Herbaceous,1800,,,,,58,,,,5.449158841,6.5,9.592332492,9.32354547,,31.2308,0.302287097,0,49.99999998,20.5,22.55101806,2.54250181,0.7,110,0.676963144,10.83754774,1,226
Cyperus brevifolioides,CYBR2,Cyperaceae,Graminoid,Perennial,Angiosperm,Graminoid,Herbaceous,1878,,,,,10,,,,5.473916198,7.60927556,7.675391401,9.923637126,,31.2308,0.302287097,0,1000,15.78709008,35.27,1.008170341,0.96,47.42,0.622947685,3.160706958,1,148
Cyperus brevifolius,CYBR,Cyperaceae,Graminoid,Perennial,Angiosperm,Graminoid,Herbaceous,1894,,,,,140,,,,5.6,7.5,10,10,,31.2308,0.18,0,2300,12,17,0.3,0.35,20,0.66899778,2.616816869,1,132
Cyperus difformis,,Cyperaceae,Graminoid,Annual,Angiosperm,Graminoid,Herbaceous,1895,,5,5,0,122,,1,,5.448898264,8.698185035,6.246464968,10.37245097,1,31.2308,0.03,0,2000,2,34,0.8,0.6,25,0.458015183,1.24087717,1,131
Cyperus entrerianus,CYEN2,Cyperaceae,Graminoid,Perennial,Angiosperm,Graminoid,Herbaceous,1989,,15,4,25,18,,1,,5.762306173,7.420468804,7.9357779,10.6775281,,31.2308,0.03,0,100,14.83676376,29.69,1.02,1.27,15.24,0.55449642,2.804076805,1,37
Cyperus esculentus,CYES,Cyperaceae,Graminoid,Perennial,Angiosperm,Graminoid,Herbaceous,1854,Contaminant,,,,171,,1,Long,5,8,8,10,,27.29,0.15,1219,2438,14,55,0.61,0.85,76.2,0.6,3.083481945,1,172
Cyperus haspan,CYHA,Cyperaceae,Graminoid,Perennial,Angiosperm,Graminoid,Herbaceous,1866,,,,,120,,1,,4.5,7.8,7.710400826,9.375142086,,31.2308,0.06,0,1700,35,60,0.98,0.4,100,0.4,1.685812357,1,160
Cyperus iria,CYIR,Cyperaceae,Graminoid,Annual,Angiosperm,Graminoid,Herbaceous,1888,Contaminant,10,7,0,81,,1,,6,8,4,9,,31.2308,0.18,0,500,14.50561336,28.74,0.8,2.54,15.24,0.8,2.195616873,1,138
Cyperus rotundus,CYRO,Cyperaceae,Graminoid,Perennial,Angiosperm,Graminoid,Herbaceous,1850,Contaminant,35,11,60,151,,1,Long,6,8,3,10,,31.2308,0.24,0,400,7,32.93,0.9,0.85,38.1,0.5,1.410880592,1,176
Cytisus scoparius,CYSC4,Fabaceae,Shrub,Perennial,Angiosperm,Shrub,Woody,1878,Escape,297,30,10504,29,0,1,Long,5.5,7,6,10,0,12.45714517,8.78,0,2180,12,118,3.999999998,0.8,2,0.425,1.7,0,148
Cytisus striatus,CYST7,Cyperaceae,Shrub,Perennial,Angiosperm,Shrub,Herbaceous,1965,,18,8,55,3,,0,,5.4,6.9,9,10,0,12.45714517,7.77,0,1500,18,65,4.433267387,1.15,4.89,0.97,6.622506323,1,61
Dactylis glomerata,DAGL,Poaceae,Graminoid,Perennial,Angiosperm,Graminoid,Herbaceous,1902,Escape,516,64,392,84,1,1,Long,5,7.9,4,8,0,25.61809451,0.81,0,2690,17,113,2.099999999,1.4,45,3.3,7.699999995,1,124
Dactyloctenium aegyptium,DAAE,Poaceae,Graminoid,Annual,Angiosperm,Graminoid,Herbaceous,1909,Contaminant,69,11,306,99,,1,Long,5.316704063,7,9,9,,3.6176,0.3,0,300,20,59,0.5,1.2,22,1.9,16.61697617,1,117
Dalbergia sissoo,DASI,Fabaceae,Tree,Perennial,Angiosperm,Tree,Woody,1927,,20,2,20,10,,1,,4.829349577,7.5,8.837232382,10.55813975,,19.60740667,41.79,0,1500,16,177,30.00000002,7,15,1.62,23.31384805,0,99
Daphne laureola,DALA11,Thymelaeaceae,Tree,Perennial,Angiosperm,Tree,Woody,1994,,34,7,411,20,0,0,,5.760388713,8.20263967,3.986557613,7.042046716,,9.235698,35.83,0,300,20.92326875,33.72,1.5,1.5,8,2.985000001,5.969999999,0,32
Daphne mezereum,DAME3,Thymelaeaceae,Shrub,Perennial,Angiosperm,Shrub,Woody,1897,,35,9,3,35,0,0,,5.819053499,8,4,7,,23.13249741,85.94,0,300,21.9295099,35.31,1.52,2.5,8,3.030000001,7.430000001,0,129
Datura stramonium,DAST,Solanaceae,Shrub,Annual,Angiosperm,Shrub,Herbaceous,1837,Contaminant,130,36,9,6,0,0,Long,5.720208639,8,8,10,1,25.93048495,8.09,0,2750,14,77,1.5,14,20,2.089999999,4.179999998,1,189
Daucus carota,DACA6,Apiaceae,Forb,Biennial,Angiosperm,Forb,Herbaceous,1871,Contaminant,940,68,178,66,0,1,Long,5.5,8,2,11,,23.05459817,1.01,700,1200,18,24,1.5,15.24,25.4,0.47,0.94,1,155
Delairea odorata,DEOD,Asteraceae,Vine,Perennial,Angiosperm,Vine,Herbaceous,1892,Escape,54,4,1087,3,0,1,Long,4.866792822,6.401634798,9,11,0,21.76548373,5.651761754,0,1900.000001,14,14,8.000000004,8,8,1.520934554,13.49084914,1,134
Delphinium ajacis,DEAJ,Ranunculaceae,Forb,Annual,Angiosperm,Forb,Herbaceous,1806,,,,,24,0,0,,6,8,6,10,,12.28081732,1.93,0,2000,19.87108618,82.37,1,5,5.54,6.6,11.87285428,1,220
Deschampsia elongata,DEEL,Juncaceae,Graminoid,Perennial,Angiosperm,Graminoid,Herbaceous,1902,,,,,26,,0,,6,8,5.139038761,8.93788531,,17.03877809,0.26,35.04331887,1808.996248,10,24,1.2,0.6,30,2.215292755,7.39373224,1,124
Descurainia sophia,DESO2,Brassicaceae,Forb,Annual,Angiosperm,Forb,Herbaceous,1877,Contaminant,400,33,107,76,0,0,Long,5.121507104,7.831472838,5,10,1,27.053,0.13,0,3000.000001,6,59,1,6.35,15.24,0.1575,0.63,1,149
Desmodium incanum,,Fabaceae,Shrub,Perennial,Angiosperm,Shrub,Herbaceous,1913,,11,5,0,44,,1,,5,7,6.351845399,10.02833411,,18.70787138,4.47,0,2199.999999,39,118,3.049999999,4.5,9,1.260967428,4.088252394,1,113
Deutzia scabra,DESC4,Hydrangeaceae,Shrub,Perennial,Angiosperm,Shrub,Woody,1822,,12,7,1,1,,0,,,,5,8,,6.85451517,0.1,0,200,35,87,3,7.62,15.24,,,0,204
Dianthus armeria,DIAR,Caryophyllaceae,Forb,Annual,Angiosperm,Forb,Herbaceous,1816,,329,53,10,33,0,0,,6,8,3,8,,15.98142857,0.43,440,2600,20,93,0.61,0.32,7.62,0.55,2.035642662,1,210
Dianthus deltoides,,Caryophyllaceae,Forb,Perennial,Angiosperm,Forb,Herbaceous,1879,,13,7,0,35,0,1,,6,8,3,8,,16.05,0.2,2151.395956,2639.765307,13.50061794,27.73,0.41,0.32,3.81,0.528118037,1.622337559,1,147
Digitalis lanata,DILA3,Scrophulariaceae,Forb,Perennial,Angiosperm,Forb,Herbaceous,1918,,5,3,0,9,,1,,4.866643904,7.5,6.603231981,9.365211934,,21.98268951,0.38,0,1000,31.5348567,57.58,1.22,2,15,1.43,6.795665064,1,108
Digitalis purpurea,DIPU,Scrophulariaceae,Forb,Biennial,Angiosperm,Forb,Herbaceous,1856,,170,33,288,12,0,1,,5,7,4,9,,17.57687714,0.08,2200.000001,3600,40,60,1.52,10,20,1.071417473,5.369092666,1,170
Digitaria ciliaris,DICI,Poaceae,Graminoid,Annual,Angiosperm,Graminoid,Herbaceous,1903,Release,,,,91,,1,Long,5,7,3.905386968,10.41964922,,33.40644444,0.53,0,3000.000001,20,67,2,1,25,1.29,15.67401928,1,123
Digitaria ischaemum,,Poaceae,Graminoid,Annual,Angiosperm,Graminoid,Herbaceous,1857,,58,21,9,53,0,0,,5.463675782,7.930356763,3.033473233,10.88978045,,41.86,0.48,0,2582.589456,9.849891204,71.69,0.46,0.64,10.16,0.752835929,2.470909872,1,169
Digitaria sanguinalis,DISA,Poaceae,Graminoid,Annual,Angiosperm,Graminoid,Herbaceous,1810,Escape,109,34,22,71,0,0,Long,6,8,2,11,,35.038,0.49,0,2500,4,79,0.91,1.27,25.4,0.5,2.190000001,1,216
Digitaria violascens,DIVI2,Poaceae,Graminoid,Annual,Angiosperm,Graminoid,Herbaceous,1916,,2,1,0,42,0,0,,5.382263008,7.888791141,3.4182641,10.69386943,,33.40644444,0.41,0,2500,11.07095802,68.98,0.6,0.7,25,0.82097363,3.343407961,1,110
Dioscorea bulbifera,DIBU,Dioscoreaceae,vine,Perennial,Angiosperm,Vine,Herbaceous,1939,Escape,140,17,1958,72,,,Short,6,6.7,9,12,,30.3,5.68,0,1630,31,118,21.32999998,25,26,1.2,31.74948492,1,87
Dioscorea oppositifolia,DIOP,Dioscoreaceae,Forb/Vine,Perennial,Angiosperm,Vine,Herbaceous,1965,,167,25,120,6,,1,,6,6.7,5,11,,30.3,14.74333333,0,1000,47,102,2.476834278,3.81,8,0.788158236,5.314894228,1,61
Dioscorea polystachya,,Dioscoreaceae,Vine,Perennial,Angiosperm,Vine,Herbaceous,1800,,,,,8,,,,6.297327431,6.68589311,5,10,,30.3,14.74333333,0,500,37.58975368,76.79,0.61,11.43,11.43,0.909548918,3.814737629,1,226
Dipsacus laciniatus,DILA4,Dipsacaceae,Forb,Biennial,Angiosperm,Forb,Herbaceous,1941,,244,38,107,28,,0,,5.786118182,6.970000124,5.276958683,9.540593749,,36.74414933,3.49,8.687541921,1178.733518,28.75152552,54.12,2.129999999,10.16,40.64,3.320000002,25.89065014,1,85
Distimake tuberosus,,Convolvulaceae,Vine,Perennial,Angiosperm,Vine,Woody,1963,,,,,20,,,,6.1,7.8,9,12,,28.02022794,34.96579626,0,1400,19,196,15.00000001,11,12,1.594029249,14.2497183,0,63
Dittrichia graveolens,DIGR3,Asteraceae,Forb,Annual,Angiosperm,Forb,Herbaceous,1916,,77,7,1023,29,,0,,5.360294906,7.646425183,8,10,,18.5757433,0.34,0,699.9999996,12,75,1,2.54,15.24,1.444742604,2.833188807,1,110
Draba verna,DRVE2,Brassicaceae,Forb,Annual,Angiosperm,Forb,Herbaceous,1845,,197,42,141,60,0,0,,5.2,8.4,6,10,1,20.674375,0.02,0,2500,12,87,0.2,1,3,0.4,0.649693046,1,181
Dracaena hyacinthoides,,Agavaceae,Forb,Perennial,Angiosperm,Forb,Herbaceous,1961,,,,,10,,,,6.5,7.5,9,11,,18.3439,344.83,50.00000001,1050,20,39,0.5,8,85,14.44859527,194.8666454,1,65
Drymaria cordata,DRCO2,Caryophyllaceae,Forb,Annual,Angiosperm,Forb,Herbaceous,1895,Contaminant,,,,57,,,Long,6.1,7.8,6.577684573,9.750069765,,29.5361293,0.65,0,3099.999999,13.38792566,69.78,0.5,1.04,1,1.064013934,4.569515964,1,131
Dysphania ambrosioides,,Chenopodiaceae,Forb,Annual,Angiosperm,Forb,Herbaceous,1753,,71,23,3,41,,,,5.275475001,8.294607087,5.007320146,9.548674585,,16.94797788,0.23,0,3600,12,98,1,3.81,10.16,0.2793,1.117,1,273
Dysphania pumilio,DYPU,Chenopodiaceae,Forb,Annual,Angiosperm,Forb,Herbaceous,1901,,9,6,3,7,,0,,5.440707221,8.488842489,7,10,,16.94797788,0.07,0,3000.000001,15,61,0.595071766,1.3,2.7,0.313182352,0.908909606,1,125
Echinochloa colona,ECCO2,Poaceae,Graminoid,Annual,Angiosperm,Graminoid,Herbaceous,1864,Escape,23,14,0,103,0,1,Long,4,8.5,8,10,,27.91,1,0,1750,12,60,0.6,0.7,20,1.389882194,3.399558133,1,162
Echinochloa crus-galli,ECCR,Poaceae,Graminoid,Annual,Angiosperm,Graminoid,Herbaceous,1836,Escape,501,59,62,110,0,1,Long,4.044726032,8.013639291,7,10,,27.91,1.53,0,2500,7,71,1.83,2.54,60.96,1.4,7.198020629,1,190
Echium candicans,ECCA5,Boraginaceae,Shrub,Perennial,Angiosperm,Shrub,Woody,1945,,27,3,216,1,,0,,5.2,8.3,9,11,,22.01476852,3.756230769,0,1402,13,57,1.83,7.65,25,1.5337822,6.211926639,0,81
Echium vulgare,ECVU,Boraginaceae,Forb,Biennial,Angiosperm,Forb,Herbaceous,1845,,122,28,1214,50,0,1,,6,8,4,8,,14.45,3.09,5,1517.601452,23,41,0.91,3.81,15.24,0.83,2.086388424,1,181
Eclipta prostrata,ECPR,Asteraceae,Forb,Annual,Angiosperm,Forb,Herbaceous,1800,Contaminant,,,,78,0,0,Long,5.2,7.9,10,12,,21.76548373,0.6,0,1900.000001,35,50,0.9,0.3,0.6,1.6,3.298530542,1,226
Ehrharta calycina,EHCA,Poaceae,Graminoid,Perennial,Angiosperm,Graminoid,Herbaceous,1905,Escape,19,3,305,5,,1,Long,5.3,8.3,9,11,,37.3134328,1.88,0,1370,13,69,0.75,0.7,20,2.394335221,12.45834719,1,121
Ehrharta erecta,EHER,Poaceae,Graminoid,Perennial,Angiosperm,Graminoid,Herbaceous,1939,Contaminant,34,5,2002,23,,,Long,5,8.3,9,10,,37.3134328,0.85,0,1350,13,67,1,1.5,20,2.29494575,12.36293114,1,87
Elaeagnus pungens,ELPU2,Elaeagnaceae,Shrub,Perennial,Angiosperm,Shrub,Woody,1909,,122,15,175,5,,1,,5.10172094,6.105396569,6,10,,17.4965,16,0,1000,20,118,8.034080008,5,10,0.962400753,3.158522719,0,117
Elaeagnus umbellata,ELUM,Elaeagnaceae,Shrub,Perennial,Angiosperm,Shrub,Woody,1879,Release,864,43,8913,12,,1,Long,4.8,6.5,4,9,,11.8482531,19.27,0,3099.999999,16,157,4.999999998,2.5,8,0.805,1.61,0,147
Eleusine indica,ELIN3,Poaceae,Graminoid,Annual,Angiosperm,Graminoid,Herbaceous,1822,Release,59,24,4,98,,0,Long,5.8,8.4,9,10,,24.07,0.4,0,2000,8,79,0.4,0.8,15,0.7,1.4,1,204
Elodea densa,ELDE3,Hydrocharitaceae,Forb,Perennial,Angiosperm,Forb,Herbaceous,1800,,,,,5,,1,,6,8,4.749500622,10.20369043,,36.02,1869.37651,0,2400,8.024415473,88.39,0.095206233,4.01,4.63,1.151823143,2.063159523,1,226
Elsholtzia ciliata,ELCI,Lamiaceae,Forb,Annual,Angiosperm,Forb,Herbaceous,1909,,20,5,3,34,,0,,5.438745663,6.435175752,7.952643639,8.683087889,,28.70343763,0.23,981.8270287,1049.490592,27.25226426,38.36,8.000000004,3.5,10,0.715218316,10.61188316,1,117
Elymus repens,ELRE4,Poaceae,Graminoid,Perennial,Angiosperm,Graminoid,Herbaceous,1872,Escape,397,55,174,84,1,1,Long,5.2,7.8,6,9,,24.49793072,3.74,0,1619.999999,24,65,0.9,1,40,3.880000002,29.09000001,1,154
Elymus sibiricus,ELSI,Poaceae,Graminoid,Perennial,Angiosperm,Graminoid,Herbaceous,1980,,,,,38,,1,,5,7.2,6.529283165,9.577223317,1,49.84404722,2.66,2.213262917,1819.36341,24,55,1.5,5,30,8.300000002,108.169417,1,46
Emilia fosbergii,EMFO,Asteraceae,Forb,Annual,Angiosperm,Forb,Herbaceous,1929,Escape,20,4,5,31,,1,Long,5.011353361,6.616711982,5.955533021,9.398146387,1,21.76548373,5.651761754,0,100,15.36645822,25.38,1,10,5,1.483644613,7.397329488,1,97
Epilobium hirsutum,EPHI,Onagraceae,Forb,Perennial,Angiosperm,Forb,Herbaceous,1829,,164,31,87,95,1,1,,4.907824344,7.8,8.288915256,9.166422509,,26.24355487,0.11,0,3000.000001,13.50058213,86.36,1.83,5,25,0.3,0.6,1,197
Epipactis helleborine,EPHE,Orchidaceae,Forb,Perennial,Angiosperm,Forb,Herbaceous,1819,,243,31,28,72,1,1,,4,8.5,8,10,,28.0505835,0.01,0,1519.999999,18,67,1,7.62,15.24,13.8,60.1067499,1,207
Epipremnum pinnatum,EPPI,Araceae,Forb/Vine,Perennial,Angiosperm,Vine,Herbaceous,1930,Escape,27,2,107,38,,,Long,4,6,10,11,,26.25986536,58.53008,1.095931503,1463.802087,20,138,8.000000004,30,50,1.980964005,161.338194,1,96
Eragrostis cilianensis,ERCI,Poaceae,Graminoid,Annual,Angiosperm,Graminoid,Herbaceous,1864,,54,20,4,118,,0,,5.6,7.8,6,10,,30.36736515,0.08,0,3500,8,45,0.9,0.7,40,1.199259348,5.4808339,1,162
Eragrostis cumingii,ERCU5,Poaceae,Graminoid,Perennial,Angiosperm,Graminoid,Herbaceous,1907,,,,,26,,,,5.389356469,7.5,7.393874071,9.708854586,,30.36736515,0.05,0,150,12.27448544,26.62,0.971946871,0.3,12,0.91023592,5.421045865,1,119
Eragrostis curvula,ERCU2,Poaceae,Graminoid,Perennial,Angiosperm,Graminoid,Herbaceous,1907,,65,16,427,20,,0,,4.5,8.5,6,9,,1.6043,0.22,0,3500,14,67,1.800000001,0.5,50,1.108712101,4.879110855,1,119
Eragrostis lehmanniana,ERLE,Poaceae,Graminoid,Perennial,Angiosperm,Graminoid,Herbaceous,1914,Release,43,6,57,11,,1,Long,5,8.5,4.114090992,8.771622917,,30.36736515,0.07,200,2300,4,14,0.9,0.35,25,0.603538619,1.772171226,1,112
Erechtites hieraciifolius,ERHI12,Asteraceae,Forb,Annual,Angiosperm,Forb,Herbaceous,,Contaminant,,,,81,,,Long,4.5,8,4.898568016,9.289298406,,21.76548373,0.33,0,1400,2,27.13,1,4,16,1.39600063,4.083492162,1,
Eremochloa ophiuroides,,Poaceae,Graminoid,Perennial,Angiosperm,Graminoid,Herbaceous,1900,Escape,28,6,259,6,,1,Long,5.8,8.4,7,10,,26.46470061,1.11,200,1200,30,59,0.3,0.4,10,0.83,3.763252446,1,126
Erica lusitanica,ERLU6,Ericaceae,Shrub,Perennial,Angiosperm,Shrub,Woody,1928,,7,2,9,3,,1,,5,6.5,9,9,,9.955357546,0.01,0,270,33,71,0.3,0.02,0.7,0.617793464,2.69765886,0,98
Erigeron bonariensis,ERBO4,Asteraceae,Forb,Annual,Angiosperm,Forb,Herbaceous,1873,,,,,39,0,0,,5.1,8.7,8,10,1,22.15608673,0.1,0,2230,9,59,1,0.5,15.24,0.564650795,1.270530843,1,153
Erigeron canadensis,ERCA20,Asteraceae,Forb,Annual,Angiosperm,Forb,Herbaceous,1817,,,,,91,,0,,5,8.8,6,10,1,22.15608673,0.05,0,2410.000001,9,85,2.129999999,1,10,0.45,0.9,1,209
Erodium botrys,,Geraniaceae,Forb,Annual,Angiosperm,Forb,Herbaceous,1902,Contaminant,75,7,70,23,0,1,Short,5,8.8,8,10,,26.05481109,10.66,0,1900.000001,11,75,0.24,3,10,1.033916023,1.2958871,1,124
Erodium cicutarium,ERCI6,Geraniaceae,Forb,Annual,Angiosperm,Forb,Herbaceous,1888,Contaminant,719,55,782,88,0,0,Short,5,8.8,6,10,,28.32082643,2.02,0,2810,8,111,0.5,3.5,15,1.2,1.715488661,1,138
Erodium moschatum,,Geraniaceae,Forb,Annual,Angiosperm,Forb,Herbaceous,1892,,45,5,27,33,0,0,,5,8.8,8,10,,28.29251538,2.62,0,1519.999999,11,101,0.539339049,4.02,15,1.133682945,2.029829881,1,134
Erucastrum gallicum,,Brassicaceae,Forb,Annual,Angiosperm,Forb,Herbaceous,1906,,15,10,0,9,0,0,,5.318690594,8.532967388,4.446331335,10.77129368,1,12.218,1.4,0,2000,12.67589944,90.54,0.28,10.16,27.94,1.04,1.478897686,1,120
Erysimum cheiranthoides,,Brassicaceae,Forb,Annual,Angiosperm,Forb,Herbaceous,1909,,67,21,0,55,0,0,,6,8,4,8,1,23.68893217,0.21,0,3000.000001,7.467043783,39.05,1.52,1.91,10.16,0.22,1.05,1,117
Erysimum repandum,,Brassicaceae,Forb,Annual,Angiosperm,Forb,Herbaceous,1877,,22,11,4,33,,1,,6.2,8,6,8,1,19.8849062,0.26,0,2100,8,33,1.926267526,1.7,11,0.229390374,1.39725839,1,149
Erythrostemon gilliesii,,Fabaceae,Tree,Perennial,Angiosperm,Tree,Woody,,,,,,6,,,,7,8.5,8,11,,23.47437641,140.74,8.265951141,769.0157582,2,10,10.67,1.32,5.08,0.817291761,3.64570033,0,
Eschscholzia californica,ESCA2,Papaveraceae,Forb,Annual,Angiosperm,Forb,Herbaceous,1843,,,,,10,,1,,5.8,7.5,6,10,0,38.40417588,1.5,0,2260,10,93,0.37,7.62,7.62,1.099999999,2.371424321,1,183
Eucalyptus camaldulensis,EUCA2,Myrtaceae,Tree,Perennial,Angiosperm,Tree,Woody,1909,Escape,25,5,17,6,,1,Long,5,8.5,9,11,1,4.626768357,2.1,0,2800,6,98,49.99999997,2,30,0.62,3.837919558,0,117
Eucalyptus globulus,EUGL,Myrtaceae,Tree,Perennial,Angiosperm,Tree,Woody,1916,Escape,47,5,336,2,,1,Long,5,6.8,9,11,,6.219137053,37.36,1500.000001,2900,21,60,49.99999997,4,30,0.55,7.05092235,0,110
Eulophia maculata,,Orchidaceae,Forb,Perennial,Angiosperm,Forb,Herbaceous,1974,,,,,31,,,,4.630534786,8.356943789,7.191362965,9.940287829,,27.57378476,12.4425694,0,749.9999997,19.51271039,56.18,0.4,5,30,5.928787272,16.84701666,1,52
Euonymus alatus,EUAL13,Celastraceae,Shrub,Perennial,Angiosperm,Shrub,Woody,1905,,375,34,830,15,,1,,5,7.5,4,8,,11.9097623,16.34,0,400,35,55,7.000000004,3.81,7.62,0.65,3.846391302,0,121
Euonymus europaeus,EUEU7,Celastraceae,Shrub/Tree,Perennial,Angiosperm,Tree,Woody,1822,,39,17,2,37,1,1,,6,8,3,7,,11.9097623,38.95,0,300,32.66888324,40.73,6.099999998,7.62,7.62,0.47,1.880000001,0,204
Euonymus fortunei,EUFO5,Celastraceae,Vine/Shrub,Perennial,Angiosperm,Vine,Woody,1931,Escape,244,36,240,22,,1,Long,5,7.5,4,9,,11.9097623,13.12,750.0000002,4000.000001,37,54,21.99999999,4.5,6,0.542200178,4.246808152,0,95
Euphorbia cyparissias,EUCY2,Euphorbiaceae,Forb,Perennial,Angiosperm,Forb,Herbaceous,1873,,242,32,89,31,1,1,,5.234073702,7.524630036,4,8,,26.278,1.44,0,1500,16,31,0.3,2.54,7.62,1.11,2.030340493,1,153
Euphorbia dentata,EUDE16,Euphorbiaceae,Forb,Annual,Angiosperm,Forb,Herbaceous,,,,,,17,,,,5.263164524,7.753446824,5.000454129,9.850408661,,41.37478777,4.98,0,1000,18.84964693,72.59,0.4,2.2,4.17,0.781725713,1.513086573,1,
Euphorbia hirta,EUHI,Euphorbiaceae,Forb,Annual,Angiosperm,Forb,Herbaceous,,,,,,55,,,,5.109815807,7.9,4.872813351,9.612032041,,41.37478777,0.08,0,1500,17.23749392,76.48,0.5,1.5,4,0.7,1.383056375,1,
Euphorbia lathyris,,Euphorbiaceae,Forb,Annual,Angiosperm,Forb,Herbaceous,1830,,63,15,17,3,0,0,,5.1,8.2,1,11,,25.10333333,40.3,0,1800,13,73,0.66,2.54,15.24,1.038327367,1.51941403,1,196
Euphorbia maculata,EUMA14,Euphorbiaceae,Forb,Annual,Angiosperm,Forb,Herbaceous,,,,,,54,,,,5.2783017,7.949067931,4.365148082,10.02087847,,41.37478777,0.33,0,1500,17.07879354,81.65,0.3,2.54,2.54,0.749845207,1.131022289,1,
Euphorbia myrsinites,EUMY2,Euphorbiaceae,Forb,Perennial,Angiosperm,Forb,Herbaceous,1966,,97,20,114,17,,,,5.087082734,7.895038885,5,9,,41.37478777,2.1,0,2400,19,57,0.3,1.91,3,2.02,3.635636288,1,60
Euphorbia oblongata,EUOB4,Euphorbiaceae,Forb,Annual,Angiosperm,Forb,Herbaceous,1933,,68,11,407,8,,,,5,8,8,10,,41.37478777,7.075566474,0,1600,19,105,0.8,2.5,7,1.176345175,3.838269826,1,93
Euphorbia peplus,EUPE6,Euphorbiaceae,Forb,Annual,Angiosperm,Forb,Herbaceous,1841,,37,9,5,57,0,0,,5.095675468,7.8,6,10,,37.75,0.67,0,1500,13,73,0.747545973,7.62,7.62,0.345,0.69,1,185
Euphorbia terracina,EUTE10,Euphorbiaceae,Shrub,Perennial,Angiosperm,Shrub,Herbaceous,1967,Stowaway,13,3,23,31,0,1,Short,5.247769341,7.060140997,9,11,,41.37478777,2.61,0,300,12,37,1,1,5,1.148397067,4.98046463,1,59
Euphorbia virgata,EUVI7,Euphorbiaceae,Forb,Perennial,Angiosperm,Forb,Herbaceous,1827,,,,,31,,,,5.161380956,7.5,5.247723957,10.17073752,,41.37478777,7.075566474,0,2600,21.47180046,96.95,0.61,7.62,9.63,2.35,6.196803594,1,199
Fagopyrum esculentum,,Polygonaceae,Forb,Annual,Angiosperm,Forb,Herbaceous,1829,,8,7,0,2,0,0,,4.5,8.5,4.902376465,9.71681993,,27.92740083,28.29,0,2199.999999,15,50,1.2,10,10,2.749999999,8.883743235,1,197
Fallopia convolvulus,FACO,Polygonaceae,Forb,Annual,Angiosperm,Forb,Herbaceous,1916,Contaminant,,,,91,0,0,Long,4.750405469,7.5,2.925093237,8.831954417,,23.875,5.84,0,2700.000001,12.03146078,89.86,1.02,7.62,5.08,0.35,1.4,1,110
Fatoua villosa,FAVI,Moraceae,Forb,Annual,Angiosperm,Forb,Herbaceous,1962,,42,19,2,20,,,,6,8,5,11,,20.91235975,416.3059313,0,300,22.10844464,57.58,0.79,7.62,7.62,0.588221777,0.62463381,1,64
Festuca bromoides,4-Feb,Poaceae,Graminoid,Annual,Angiosperm,Graminoid,Herbaceous,1800,,,,,49,,0,,5,8.8,6,10,,20.49891652,0.54,0,2280.000001,10,97,0.5,0.25,10,2.543013914,5.840068213,1,226
Festuca filiformis,FEFI,Poaceae,Graminoid,Perennial,Angiosperm,Graminoid,Herbaceous,1874,,9,6,0,23,1,1,,4.564177928,7.756038801,5.391606508,8.48435988,,20.49891652,0.33,302.2171978,3678.879953,18.12624028,43.69,0.6,0.16,25.96,2.51,12.14663451,1,152
Festuca myuros,FEMY2,Poaceae,Graminoid,Annual,Angiosperm,Graminoid,Herbaceous,1800,,,,,64,,0,,5.119937484,7.449831902,6,10,,20.49891652,1.1,0,2000,17,109,0.46,0.3,17,2.49568462,9.292128117,1,226
Festuca rubra,FERU2,Poaceae,Graminoid,Perennial,Angiosperm,Graminoid,Herbaceous,1852,,,,,139,1,1,,5,5.953320286,4.504208361,11.02423186,1,11.40911913,1.12,0,3424.276071,30,70,0.91,40,0.2,2.279999999,15.67,1,174
Festuca trachyphylla,FETR3,Poaceae,Graminoid,Perennial,Angiosperm,Graminoid,Herbaceous,,,,,,13,1,1,,4.530902774,7.610149473,5.404605263,8.181292613,,20.49891652,0.93,792.0000003,3656.999999,18.78000078,39.06,0.76,0.12,30,2.0917,12.55,1,
Ficus altissima,FIAL4,Moraceae,Tree,Perennial,Angiosperm,Tree,Woody,1931,,4,2,4,21,,0,,5.813516616,6.536797449,9,11,,14.41512656,0.61,0,49.99999998,26.1392999,50.26,30.00000002,7.43,7.43,0.433731882,2.273141857,0,95
Ficus carica,FICA,Moraceae,Shrub/Tree,Perennial,Angiosperm,Tree,Woody,1822,Escape,89,18,153,15,0,0,Long,6,8,7,10,,18.82666667,33.42341816,0,300,8,71,9.140000001,15.24,25.4,0.37,0.794864206,0,204
Ficus microcarpa,FIMI2,Moraceae,Shrub/Tree,Perennial,Angiosperm,Tree,Woody,1915,Escape,27,3,76,41,,,Long,5.578800684,7,9,11,,14.41512656,0.39,0,1900.000001,14,19,12.19000001,7.62,5.08,0.415619498,1.257803264,0,111
Filipendula ulmaria,FIUL,Rosaceae,Forb,Perennial,Angiosperm,Forb,Herbaceous,1889,,18,6,10,49,1,1,,6,8,3,9,,22.66566235,0.81,0,500,19.27306866,58.47,1.83,12.7,7.62,0.789892343,1.133342547,1,137
Firmiana simplex,FISI2,Sterculiaceae,Shrub/Tree,Perennial,Angiosperm,Tree,Woody,1898,,19,11,23,9,,0,,6,8,7,9,,20.98979004,96.15,0,300,27.79303079,68.17,13.72000001,30.48,20.32,1.268505507,13.44160524,0,128
Foeniculum vulgare,FOVU,Apiaceae,Forb,Perennial,Angiosperm,Forb,Herbaceous,1905,,137,18,2235,41,1,1,,6,8,4,9,,17.6815,2.99,0,2260,13,109,1.83,40,30,2.390000001,5.170361804,1,121
Fragaria chiloensis,FRCH,Rosaceae,Forb,Perennial,Angiosperm,Forb,Herbaceous,,,,,,9,,1,,4.5,8,9,10,,19.05951669,0.68,0,330,20,85,0.2,3.48,20,0.838955253,1.116870266,1,
Fragaria vesca subsp. vesca,FRVEV,Rosaceae,Forb,Perennial,Angiosperm,Forb,Herbaceous,,,,,,,,,,,,,,,19.05951669,0.31,,,,,,,,0.25,,1,
Froelichia gracilis,FRGR3,Amaranthaceae,Forb,Annual,Angiosperm,Forb,Herbaceous,,,,,,19,,,,5.394353911,7.5,5.55532096,10.04212687,,21.32260616,2.298333333,12.93771727,2245.949353,36.0034583,64.58,0.5,5.08,7.17,4.329999998,14.26557095,1,
Fumaria capreolata,,Papaveraceae,Forb,Perennial,Angiosperm,Forb,Herbaceous,1970,,8,3,7,29,0,0,,5.702342578,8.4,5.430089782,9.828249988,,30.25333654,3.49,0,49.99999998,15.95032018,49.74,0.49,3.41,9.67,1.158582566,1.937409488,1,56
Galanthus nivalis,,Amaryllidaceae,Forb,Perennial,Angiosperm,Forb,Herbaceous,1962,,29,15,0,18,1,1,,5.817796687,7.757500446,3,9,,28.61,7.73,0,500,19.6370797,30.39,0.25,2.54,15.24,36.1,88.74999995,1,64
Galega officinalis,GAOF,Fabaceae,Shrub,Perennial,Angiosperm,Shrub,Herbaceous,1895,,18,7,450,25,0,0,,5.4,7.2,9,9,,44.331,7.47,10,1641.457451,42,49,1.83,10,20,2.210000001,4.420000002,1,131
Galeopsis bifida,,Lamiaceae,Forb,Annual,Angiosperm,Forb,Herbaceous,1861,,29,11,0,59,0,0,,5.009788925,7.997854496,5.959521292,9.896693187,,32.72576923,3.47,0.989364753,1395.853237,14.16813344,65.61,0.4,3.69,5.33,1.59760247,3.397837198,1,165
Galeopsis tetrahit,,Lamiaceae,Forb,Annual,Angiosperm,Forb,Herbaceous,1867,,87,17,81,35,0,0,,4.997325198,7.544516339,6.473331115,9.597645458,,32.61777778,4.1,7.815034018,1202.404924,16.26809649,57.1,0.91,3.81,6.35,1.55,6.124756784,1,159
Galinsoga parviflora,GAPA2,Asteraceae,Forb,Annual,Angiosperm,Forb,Herbaceous,1869,Contaminant,16,10,0,33,0,0,Long,4.941100683,8.5,8,10.06301006,1,40.31428571,0.31,5,2280,9,47,0.8,3.81,6.35,0.755,1.509999999,1,157
Galinsoga quadriradiata,GAQU,Asteraceae,Forb,Annual,Angiosperm,Forb,Herbaceous,1860,Escape,70,22,0,22,0,1,Long,4.970214423,8.674088115,7.571393346,10.83472176,1,36.42666667,0.25,0,2500,19.46713315,90.17,0.62,7.62,7.62,2.02,4.039999999,1,166
Galium aparine,GAAP2,Rubiaceae,Forb/Vine,Annual,Angiosperm,Vine,Herbaceous,1800,,,,,80,0,0,,4.9,8.3,6,10,,33.02075842,9.05,0,2350,14,117,1.2,0.8,6,1.45,8.763735833,1,226
Galium mollugo,GAMO,Rubiaceae,Forb,Perennial,Angiosperm,Forb,Herbaceous,1865,,104,22,19,41,1,1,,5.167299034,7.684470203,7.326815961,10.23203983,,34.42843859,0.694432432,0,820.0000001,16.74340797,92.52,1.2,0.64,2.54,1.88,20.92753179,1,161
Galium verum,GAVE,Rubiaceae,Forb/Vine,Perennial,Angiosperm,Vine,Herbaceous,1872,,11,10,2,74,1,1,,5.328897812,7.903131374,4,8,,34.18350956,0.56,1.474890016,1104.983213,13.02711114,91.88,0.36,0.32,0.3,0.9435,3.774000002,1,154
Gamochaeta purpurea,GAPU3,Asteraceae,Forb,Annual,Angiosperm,Forb,Herbaceous,,,,,,62,,,,5.628867139,8,7.53324175,10.76341108,,21.76548373,0.01,4.999999999,300,22.42333942,48.76,0.410346744,2.54,7.62,1.546206643,3.140729653,1,
Gastridium phleoides,GAPH2,Poaceae,Graminoid,Annual,Angiosperm,Graminoid,Herbaceous,1866,,32,5,3,44,,0,,5,8.2,8,10,,26.46470061,0.14,0,1880,14,73,0.6,0.6,20,2.55134907,13.14832939,1,160
Gazania linearis,,Asteraceae,Forb,Perennial,Angiosperm,Forb,Herbaceous,1945,,22,4,13,2,,,,5.387209571,8.615835682,6.810165734,9.77803564,,21.76548373,1.77,0,900.0000003,12,47,0.15,2.54,15.24,1.849061941,1.915832584,1,81
Genista linifolia,GELI5,Fabaceae,Shrub,Perennial,Angiosperm,Shrub,Woody,1928,,2,3,750,6,0,0,,5.3,8.3,9,10,,14.683,6.6,0,1619.999999,12,47,1.2,0.47,6,0.648666708,1.533447758,0,98
Geranium columbinum,GECO,Geraniaceae,Forb,Annual,Angiosperm,Forb,Herbaceous,1861,,2,2,0,46,0,0,,5.015831443,7.954184566,7.9251835,9.853757007,,27.45,3.68,0,450,17.20281618,87.34,0.371193418,5,9.98,0.7133,1.426530612,1,165
Geranium dissectum,GEDI,Geraniaceae,Forb,Annual,Angiosperm,Forb,Herbaceous,1859,,110,28,12,55,0,0,,5,8.3,8,10,,22.09254492,2.37,0,1970,16,109,0.28,6,9.82,0.810902714,1.309874243,1,167
Geranium lucidum,GELU,Geraniaceae,Forb,Annual,Angiosperm,Forb,Herbaceous,1971,,55,8,365,51,0,0,,5,7,9,10,,27.425,0.68,0,350,26,87,0.4,4.2,10.3,0.935021705,3.050284264,1,55
Geranium molle,GEMO,Geraniaceae,Forb,Annual,Angiosperm,Forb,Herbaceous,1828,,77,19,20,57,0,0,,5,8,8,10,,27.78000667,1.07,0,1350,17,79,0.4,5.2,4,0.816941147,1.604964205,1,198
Geum urbanum,GEUR,Rosaceae,Forb,Perennial,Angiosperm,Forb,Herbaceous,1895,,16,10,1,51,0,1,,5.206601058,8.097519797,4.761368912,9.622568217,1,36.00212883,2.08,0,1400,18.98162322,72.2,0.43,5.21,7.93,1.510000001,1.594389413,1,131
Gilia capitata,GICA5,Polemoniaceae,Forb,Annual,Angiosperm,Forb,Herbaceous,1877,,,,,8,,,,5,8.2,7,10,,0.170797425,0.62,0,2310,16,127,1.07,2.67,6.66,1.100235568,3.088850742,1,149
Glebionis coronaria,GLCO6,Asteraceae,Forb,Annual,Angiosperm,Forb,Herbaceous,1986,,20,2,0,30,0,,,5,8.9,9,10,0,21.76548373,2.79,0,2280.000001,10,39,0.4,4,6,4.52944666,7.673742053,1,40
Glechoma hederacea,GLHE2,Lamiaceae,Forb,Perennial,Angiosperm,Forb,Herbaceous,1864,Escape,603,53,423,46,1,1,Short,5.3,6.7,3,10,,35.16044444,0.65,20.00000001,2199.999999,34,67,0.23,7.62,7.62,0.9,1.688976464,1,162
Glyceria grandis,GLGR,Poaceae,Graminoid,Perennial,Angiosperm,Graminoid,Herbaceous,,,,,,50,,,,5.625305264,6.883920928,5.004318195,8.998369475,,30.76592466,0.33,1060,1890.000001,22.04287527,47.11,1.401831996,7.57,15.25,2.04603619,12.30298954,1,
Glyceria maxima,GLMA3,Poaceae,Graminoid,Perennial,Angiosperm,Graminoid,Herbaceous,1878,,16,11,1,35,1,1,,5.625729686,6.885043332,5,9,,19.78808995,0.95,1050.188039,1893.435347,22.03818109,47.2,1.399999999,7.62,15.24,2.05,12.3,1,148
Gnaphalium uliginosum,,Asteraceae,Forb,Annual,Angiosperm,Forb,Herbaceous,1829,,30,13,0,104,0,0,,5.335476946,7.942654901,4.864388229,9.159671937,,37.93106292,0.01,1400,3000.000001,18.66951696,42.78,0.25,0.32,5.08,0.765475668,1.285627114,1,197
Grindelia squarrosa,GRSQ,Asteraceae,Forb,Perennial,Angiosperm,Forb,Herbaceous,,,,,,47,,,,5.4,8.1,5,10,,21.76548373,0.91,10,2900,9,67,0.91,1.64,6.35,0.722320966,1.839965288,1,
Gypsophila paniculata,GYPA,Caryophyllales,Forb,Perennial,Angiosperm,Forb,Herbaceous,1896,Escape,82,22,105,24,,0,Short,5.8,8.5,6,9,,13.878,0.76,1020,2600,11,31,0.75,1.27,10.16,0.828367489,3.472653504,1,130
Gypsophila vaccaria,,Caryophyllaceae,Forb,Perennial,Angiosperm,Forb,Herbaceous,1902,,,,,50,,,,,,,,,19.622,3.537,,,,,,,,,,1,124
Hedera canariensis,HECA37,Araliaceae,Vine,Perennial,Angiosperm,Vine,Woody,1800,,,,,1,,1,,5,8.2,7,10,,11.85031783,23.27036375,0,1810,15,67,9.999999996,3.51,15.24,1.4,9.361208339,0,226
Hedera helix,HEHE,Araliaceae,Vine,Perennial,Angiosperm,Vine,Woody,1838,,564,56,2611,37,1,1,,4.5,8.4,4,13,,11.85031783,19.72,0,3300,15,103,30.00000002,7.62,7.62,0.75,3.000000001,0,188
Hedychium coronarium,HECO11,Zingiberaceae,Forb,Perennial,Angiosperm,Forb,Herbaceous,1927,,5,2,3,10,,1,,4.932183869,7.42657426,7,10,,,15,0,2500,59,113.28,3.000000001,15,60,3.844897682,39.01371206,1,99
Hedypnois rhagadioloides,,Asteraceae,Forb,Annual,Angiosperm,Forb,Herbaceous,,,,,,33,,,,5.2,8.3,9,10,,28.13975,2.32,0,1410,13,67,0.05,3.03,7.86,1.288798752,1.084398972,1,
Helianthus ciliaris,HECI,Asteraceae,Forb,Perennial,Angiosperm,Forb,Herbaceous,,Unaided,,,,13,,,Short,5.949965667,7.8,7.784930923,9.707115662,0,2.180585407,1.3,10,2600,6.910140012,31.37,1.423476813,7.99,15.43,1.444126515,3.191801902,1,
Helianthus petiolaris,HEPE,Asteraceae,Forb,Annual,Angiosperm,Forb,Herbaceous,,,,,,46,,0,,6.2,8.1,9,10,0,0.0000212,3.75,0,370,6,21,1.22,5.08,15.24,1.462736784,3.056989144,1,
Helichrysum petiolare,HEPE8,Asteraceae,Vine/Shrub,Perennial,Angiosperm,Shrub,Woody,1981,,5,2,2196,4,,1,,5.5,6.8,9,11,,20.97406,0.299241176,0,739.9999997,26,59,0.6,3,3.5,2.0385797,8.497810016,0,45
Heliotropium indicum,,Boraginaceae,Forb,Annual,Angiosperm,Forb,Herbaceous,1843,Escape,89,21,1,11,,0,Long,5.555080922,8,3,10,,15.5575,2.16,21.09749594,1908.337541,18.38396496,69.24,1.5,10,15,1.025399278,2.354427839,1,183
Helminthotheca echioides,HEEC3,Asteraceae,Forb,Annual,Angiosperm,Forb,Herbaceous,1907,Contaminant,,,,34,0,0,Long,5,8.6,9,10,0,21.76548373,0.7,0,2350,13,83,1,8.53,30,1.2,2.399999999,1,119
Hemarthria altissima,HEAL5,Poaceae,Graminoid,Perennial,Angiosperm,Graminoid,Herbaceous,1890,,13,2,30,58,,1,,5.5,6.5,6.040243977,9.31462206,,26.46470061,8.839506508,3008.74684,973.1330975,47,59,0.43,0.75,17.12,0.970017123,12.94724382,1,136
Hemerocallis fulva,HEFU,Asphodelaceae,Forb,Perennial,Angiosperm,Forb,Herbaceous,1872,,292,39,164,7,,1,,5.328159978,8.089998677,3,8,,12.93250097,27.9,0,1000,16.79416488,28.88,1.07,2.54,91.44,4.035379461,15.83158532,1,154
Hemerocallis lilioasphodelus,HELI4,Liliaceae,Forb,Perennial,Angiosperm,Forb,Herbaceous,1822,,4,3,3,14,,1,,5.381527293,7.944268293,3.401579065,7.930654601,,12.93250097,52.4,0,500,17.98199537,23.92,1,2,100,3.89,17.41085696,1,204
Heracleum mantegazzianum,HEMA17,Apiaceae,Forb,Perennial,Angiosperm,Forb,Herbaceous,1917,Escape,101,22,53,44,0,1,Long,5.864042717,7.352314162,3,9,1,26.69857143,9.51,0,2438.440626,18.5650646,75.65,4.999999998,170,300,1.780000001,3.560000002,1,109
Heterotheca grandiflora,HEGR7,Asteraceae,Forb,Annual,Angiosperm,Forb,Herbaceous,1878,Contaminant,,,,5,,,Long,5,8.8,8,10,,16.38240474,1.03,0,2260,11,69,2.499999999,1.52,14.93,0.941852384,3.237442631,1,148
Hibiscus syriacus,HISY,Malvaceae,Shrub/Tree,Perennial,Angiosperm,Tree,Woody,1838,,64,29,1,3,,0,,5.5,7.5,5,9,,1.08114882,15.48,0,300,24,55,2.499999999,8.5,9.5,0.837278211,4.879305457,0,188
Hibiscus tiliaceus,HITI,Malvaceae,Tree,Perennial,Angiosperm,Tree,Woody,1925,Escape,20,3,33,122,,1,Long,5,8.5,10,12,,1.08114882,15.38,0,800,35,98,20.00000001,15.24,20.32,1.595669257,23.09412802,0,101
Hibiscus trionum,HITR,Malvaceae,Forb,Annual,Angiosperm,Forb,Herbaceous,1822,Escape,64,25,0,33,,1,Short,5.628604546,7.825670136,2,11,1,1.08114882,3.87,10,1800,22.81167069,72.39,0.7,5.08,8,0.824911498,3.105098305,1,204
Hieracium lachenalii,,Asteraceae,Forb,Perennial,Angiosperm,Forb,Herbaceous,1896,,25,7,399,29,,0,,5.807404924,7.733212474,6.711781285,9.391261793,,25.645,0.37,0,318.3863573,19.97919209,48.28,0.41,2.78,14.36,3.75,11.24999999,1,130
Hieracium murorum,,Asteraceae,Forb,Perennial,Angiosperm,Forb,Herbaceous,1896,,14,5,55,39,0,1,,5.918390677,7.608638328,6.819145787,9.441275579,,40.402,0.43,0,100,20.70160992,43.78,0.27,2.35,12.48,3.804000001,11.412,1,130
Hirschfeldia incana,HIIN3,Brassicaceae,Forb,Annual,Angiosperm,Forb,Herbaceous,1915,Contaminant,128,10,424,30,,0,Short,5,8.8,7,10,1,23.29111111,0.33,100,1600,10,87,0.56,8,35,0.52,1.04,1,111
Holcus lanatus,HOLA,Poaceae,Graminoid,Perennial,Angiosperm,Graminoid,Herbaceous,1906,Contaminant,229,34,506,47,1,1,Long,4,7.9,6,10,,32.18407764,0.33,0,2300,18,95,1.01,1,20.17,1.7,3.399999999,1,120
Hordeum jubatum,HOJU,Poaceae,Graminoid,Perennial,Angiosperm,Graminoid,Herbaceous,1889,,,,,79,1,0,,5.7,9.2,6,10,,23.0179,1.94,0,2990,7,67,0.61,0.5,15.24,5.424999999,21.70000002,1,137
Hordeum marinum,HOMA2,Poaceae,Graminoid,Annual,Angiosperm,Graminoid,Herbaceous,1884,,53,7,70,53,0,0,,5,8.8,7,10,,46.43,5.27,0,2230,11,109,0.17,0.6,8,5.500000001,15.31999999,1,142
Hordeum murinum,HOMU,Poaceae,Graminoid,Annual,Angiosperm,Graminoid,Herbaceous,1876,,171,21,54,59,,0,,5,8.8,6,10,,34.54219544,5.27,0,2650,8,97,0.29,0.8,28,5.500000001,21.04999998,1,150
Hordeum murinum subsp. glaucum,HOMUG,Poaceae,Graminoid,Annual,Angiosperm,Graminoid,Herbaceous,,,,,,,,,,5.5,8.3,7,10,,34.09361647,5.33,0,2479,8,67,,,,10.51,,1,
Hordeum murinum subsp. leporinum,HOMUL,Poaceae,Graminoid,Annual,Angiosperm,Graminoid,Herbaceous,1700,,,,,,,,,5,8.7,7,10,,34.09361647,7.03,0,2120,9,97,0.38,,,10.51,,1,326
Hordeum vulgare,,Poaceae,Graminoid,Annual,Angiosperm,Graminoid,Herbaceous,1831,,19,11,2,1,0,0,,5,8.1,8,10,,32.56906667,41.83,0,2280.000001,14,93,1.2,1.11,19.54,5.500000001,14.71000001,1,195
Humulus scandens,HUSC,Cannabaceae,Forb/Vine,Annual,Angiosperm,Vine,Woody,1900,,,,,14,,,,6,8,4,8,,23.96666667,18,0,1000,15.49754971,22.2,6.099999998,15.24,15.24,0.603186482,0.928520342,0,126
Hydrilla verticillata,,Hydrocharitaceae,Forb,Perennial,Angiosperm,Forb,Herbaceous,1905,Escape,398,42,133,63,1,1,Long,5.1,8.2,5,11,,37.3855814,0.17,0,200,5,47,0.06,2.54,2.54,0.822243862,1.055210785,1,121
Hydrocharis morsus-ranae,,Hydrocharitaceae,Forb,Perennial,Angiosperm,Forb,Herbaceous,1974,Escape,75,15,1420,43,1,1,Long,5.303806567,7.5,7.305909576,9.518556378,,40.29266667,0.16,10,49.99999998,12.43173126,71.66,0.120965014,1.5,4.75,0.8449,3.379591837,1,52
Hydrocharis spongia,HYSP6,Hydrocharitaceae,Forb,Perennial,Angiosperm,Forb,Herbaceous,1896,,,,,18,,,,5,5.9,9,9,,40.29266667,0.17,0,100,17,77,0.15,2.02,5.25,1.092480658,11.11146419,1,130
Hylotelephium telephium,,Crassulaceae,Forb,Perennial,Angiosperm,Forb,Herbaceous,1838,,44,10,18,42,0,0,,6,8,3,9,,19.84821434,0.053157562,0,599.9999997,27.32279071,69.53,1.83,4.24,15.24,0.84265663,1.943298437,1,188
Hymenachne amplexicaulis,HYAM2,Poaceae,Graminoid,Perennial,Angiosperm,Graminoid,Herbaceous,1990,,,,,36,,,,4.915907678,7.5,6.757813023,10.30716405,,26.46470061,8.839506508,2.093201662,1948.068682,23.44810888,97.29,1.096045156,1.2,25.52,1.109476731,8.339972092,1,36
Hyoscyamus niger,HYNI,Solanaceae,Forb,Annual,Angiosperm,Forb,Herbaceous,1830,Escape,311,20,2891,76,0,0,Short,6,8,4,8,1,39.04202919,0.64,0,2900,12.24737834,48.05,1,15.24,20.32,1.150000001,2.300000001,1,196
Hypericum canariense,HYCA11,Hypericaceae,Shrub/Tree,Perennial,Angiosperm,Tree,Woody,1928,,10,3,103,2,,1,,5.2,8.1,9,10,,26.05879733,0.158153234,0,500,12,37,4.999999998,1.5,7,0.51,2.044140009,0,98
Hypochaeris glabra,HYGL2,Asteraceae,Forb,Annual,Angiosperm,Forb,Herbaceous,1865,,96,15,95,42,0,0,,5.800497487,7.5,8,10,1,39.92086125,0.68,100,1300,14,89,0.299,3.5,15,1.565,3.129999998,1,161
Hypochaeris radicata,HYRA3,Asteraceae,Forb,Perennial,Angiosperm,Forb,Herbaceous,1895,,213,35,141,44,0,1,,6,8,4,8,0,22.38318015,0.81,0,1600,16,109,0.6,7.62,15.24,1.340000001,2.679999999,1,131
Ilex cornuta,,Aquifoliaceae,Shrub/Tree,Perennial,Angiosperm,Tree,Woody,1928,,29,7,2,5,,1,,4.5,5.5,7,9,,11.44296974,15.44926888,512.4630024,1158.340352,26,60,3.049999999,7.62,7.62,0.66,7.076948461,0,98
Ilex crenata,ILCR2,Aquifoliaceae,Shrub/Tree,Perennial,Angiosperm,Tree,Woody,1942,,26,7,1,15,,1,,4.5,5.5,5,8,,11.44296974,12,0,1099.149443,35,55,4.900000002,2.54,3.18,0.508372575,5.046738717,0,84
Impatiens glandulifera,IMGL,Balsaminceae,Forb,Annual,Angiosperm,Forb,Herbaceous,1912,Escape,98,23,172,2,0,0,Short,,,8,10,1,38.3,9.83,5,1190,27,51,0.39,6.5,18,1.15,,1,114
Imperata cylindrica,IMCY,Poaceae,Graminoid,Perennial,Angiosperm,Graminoid,Herbaceous,1911,,244,12,10667,81,,,,6,6,5,9,,17.4245,0.2,0,2700.000001,20,197,3.000000001,1.91,76.2,5.399999996,2332.673002,1,115
Indigofera hirsuta,,Fabaceae,Forb,Annual,Angiosperm,Forb,Herbaceous,1875,Escape,33,3,82,82,,1,Short,5,8,6.095654048,9.934595426,,23.47437641,2.25,0.39438074,1696.615662,30,105,1.5,4.33,15,1.221654997,2.908612335,1,151
Indigofera suffruticosa,INSU,Fabaceae,Shrub,Perennial,Angiosperm,Shrub,Woody,1836,,,,,46,,,,5.092953009,7.938097322,6.098464111,9.859167534,,23.47437641,3.17,1.068115994,1644.030695,28.47932062,97.29,1.88098668,4.26,15,1.1840287,3.151690304,0,190
Inula helenium,INHE,Asteraceae,Forb,Perennial,Angiosperm,Forb,Herbaceous,1838,,29,8,3,43,1,1,,5.68126677,7.223593008,3,7,,14.59,1.22,0,300,26.82270411,29.61,1.399999999,20.32,40.64,2.259999999,4.519999997,1,188
Ipomoea coccinea,IPCO3,Convolvulaceae,Forb,Annual,Angiosperm,Forb,Herbaceous,1863,,42,15,3,24,,0,,6,8,6,10,,28.35666667,45.78301587,761.9999998,1829,15.80750963,28.53,10.54436197,7.62,15.24,0.804329148,3.311027594,1,163
Ipomoea cordatotriloba var. cordatotriloba,IPCOC2,Convolvulaceae,Forb,Perennial,Angiosperm,Forb,Herbaceous,,,,,,,,,,,,,,,28.35666667,15.04,,,,,,,,,,1,
Ipomoea hederacea,IPHE,Convolvulaceae,Forb/Vine,Annual,Angiosperm,Vine,Herbaceous,1827,,110,30,2,5,,0,,6.094426023,7.831002323,3.117519096,10.04234515,,28.35666667,28.19,900.0000004,1900.000001,15.32539363,33.96,1.5,4.83,6.97,0.658419738,1.336735507,1,199
Ipomoea lacunosa,IPLA,Convolvulaceae,Forb/Vine,Annual,Angiosperm,Vine,Herbaceous,,,,,,25,,,,5.942671508,7.928759046,4.107065288,10.23150688,,28.35666667,45.78301587,91.99503401,1749.915936,14.78184309,39.63,3.000000001,5.44,8,0.8,1.968680045,1,
Ipomoea purpurea,IPPU2,Convolvulaceae,Forb/Vine,Annual,Angiosperm,Vine,Herbaceous,1822,Escape,104,38,5,28,,1,Long,5.5,8.5,2,11,,28.35666667,27.46,0,2300,11,31,2,16,18,1,1.189306018,1,204
Ipomoea quamoclit,,Convolvulaceae,Forb/Vine,Annual,Angiosperm,Vine,Herbaceous,1875,,40,11,4,13,,0,,5.85646214,8,4.694171235,9.778187114,,28.35666667,13.79,324.8155475,1635.439169,13.91111145,24.38,6.099999998,2.54,7.62,0.63,1.928647138,1,151
Iris pseudacorus,IRPS,Iridaceae,Forb,Perennial,Angiosperm,Forb,Herbaceous,1868,,734,69,1193,51,1,1,,5.2,8.3,5,10,,14.92357143,42.79,0,2030.000001,14,75,1.22,7.62,15.24,5.665000002,11.33,1,158
Jacobaea vulgaris,JAVU,Asteraceae,Forb,Perennial,Angiosperm,Forb,Herbaceous,1901,,,,,44,1,1,,4.8,7.8,5,9,0,25.32119,0.197992,0,1500,37,127,1.294111385,7.62,15.24,1.125000001,4.500000002,1,125
Jacquemontia tamnifolia,JATA,Convolvulaceae,Forb/Vine,Annual,Angiosperm,Vine,Herbaceous,1891,,,,,78,,,,5.925439105,7.691921204,7.235474506,10.76565397,,28.02022794,4.28,0,200,15.33820399,60.71,3.999999998,12,16,1.492600082,6.694918925,1,135
Jasminum dichotomum,JADI2,Oleaceae,Vine,Perennial,Angiosperm,Vine,Woody,1946,,9,3,115,27,,1,,5.254590017,6.780893209,9,11,,12.7,182.35,1050,1800,47,87,8.000000004,3.5,7,1.310725124,10.22681888,0,80
Jasminum fluminense,JAFL,Oleaceae,Vine/Shrub,Perennial,Angiosperm,Vine,Woody,1932,Escape,8,3,139,6,,1,Long,5.294243991,7.512170045,9,11,,12.7,76.8,0,800,30,71,6.000000002,3.5,10,1.839634122,8.007888915,0,94
Juncus ensifolius,JUEN,Juncaceae,Graminoid,Perennial,Angiosperm,Graminoid,Herbaceous,,Release,,,,21,,1,Long,5,8,6,10,,13.00957069,0.02,4.999999999,2570,8,123,0.6,2.35,27.02,0.547835337,1.932376807,1,
Juniperus virginiana,JUVI,Cupressaceae,Tree,Perennial,Gymnosperm,Tree,Woody,,,,,,42,,1,,6,8,2,9,,2.47823975,15.1,327.1021888,2865.481716,15,68,36.99999998,2.54,2.54,11.94999999,30.07130232,0,
Kalanchoe pinnata,KAPI,Crassulaceae,Forb,Perennial,Angiosperm,Forb,Herbaceous,1873,Escape,26,3,110,2,,1,Short,6.028901969,7.14609473,5.739929151,9.165380237,1,19.84821434,0.06,0,550,39,79,2,7,25,1.164659797,5.258395757,1,153
Kalopanax septemlobus,,Araliaceae,Tree,Perennial,Angiosperm,Tree,Woody,1936,,11,5,4,10,,1,,6,8,4,8,,13.3333333,2.3,45.55543551,2363.095793,24,71,30.00000002,15.24,15.24,0.873931431,5.461462941,0,90
Knautia arvensis,,Dipsacaceae,Forb,Perennial,Angiosperm,Forb,Herbaceous,1879,,12,3,13,38,0,1,,5.89857413,7.446866302,4.587606417,10.05928663,1,20.2207204,5.08,0.507559644,1386.189826,24.57118212,64.67,0.44,8.58,19.88,3.69,10.7,1,147
Koelreuteria elegans subsp. formosana,KOELF,Sapindaceae,Tree,Perennial,Angiosperm,Tree,Woody,1915,,,,,,,,,,,,,,18.48917807,105.5865749,,,,,,,,,,0,111
Koelreuteria paniculata,KOPA,Sapindaceae,Tree,Perennial,Angiosperm,Tree,Woody,1885,,59,28,26,6,0,0,,4.5,8,5,8,,18.48917807,119.05,0,74.99999998,14,50,13.72000001,7.62,15.24,0.753389083,1.892778989,0,141
Kummerowia stipulacea,KUST,Fabaceae,Forb,Annual,Angiosperm,Forb,Herbaceous,1933,,47,15,6,12,0,0,,5.5,7.5,3.940864241,9.916525219,,23.47437641,1.93,100,1200,30,65,0.46,0.9,1.5,0.584243574,0.803303647,1,93
Kummerowia striata,KUST2,Fabaceae,Forb,Annual,Angiosperm,Forb,Herbaceous,1850,,90,23,19,15,0,0,,4.9,7.3,4.029376714,9.799407882,,23.47437641,1.25,10,1820.473901,30,65,0.4,1.27,2.54,0.635218268,0.847215769,1,176
Lachnagrostis filiformis,LAFI3,Poaceae,Graminoid,Perennial,Angiosperm,Graminoid,Herbaceous,1800,,,,,16,,,,5.2,7.9,9,10,,26.46470061,8.839506508,0,559.9999997,17,55,0.65,0.3,20,6.289999999,68.64948397,1,226
Lactuca muralis,LAMU,Asteraceae,Forb,Annual,Angiosperm,Forb,Herbaceous,1979,,,,,39,0,0,,5.170389825,7.622734172,7.224165938,10.47527956,,60.23291,0.43,10,400,17.18348254,55.69,1,8,18,2.075755989,8.257968376,1,47
Lactuca saligna,,Asteraceae,Forb,Annual,Angiosperm,Forb,Herbaceous,1898,,23,11,9,44,0,0,,5,8.2,7,11,1,30.61560026,0.73,0,1500,15,75,0.7,10.02,18.05,2.379999999,5.346402788,1,128
Lactuca serriola,LASE,Asteraceae,Forb,Annual,Angiosperm,Forb,Herbaceous,1808,,679,67,114,74,0,0,,4.7,8.8,5,11,1,36.07127069,0.58,10,2300,9,93,0.4,6,10,2.66,3.449336227,1,218
Lagerstroemia indica,LAIN,Lythraceae,Shrub/Tree,Perennial,Angiosperm,Tree,Woody,1909,Escape,53,11,23,12,,1,Long,5,7.5,6,9,1,25.69592314,2.06,50.00000001,1000,32,50,7.620000001,3,7,0.614067562,2.172819334,0,117
Lamarckia aurea,,Poaceae,Graminoid,Annual,Angiosperm,Graminoid,Herbaceous,1881,,27,3,0,39,,0,,5,8.2,8,10,,39.38689474,0.54,0,1570,11,63,0.1,0.75,20,3.475857181,3.020903342,1,145
Lamium amplexicaule,LAAM,Lamiaceae,Forb,Annual,Angiosperm,Forb,Herbaceous,1846,,1080,77,1,81,0,0,,5,8.8,7,10,,19.7,0.58,0,2150,11,71,0.04,2.54,7.62,1.29,0.923820492,1,180
Lamium galeobdolon,LAGA4,Lamiaceae,Forb,Perennial,Angiosperm,Forb,Herbaceous,,,,,,32,1,1,,4.5,6.5,4,9,,34.68971686,2.65,4.999999999,380,31,81,0.32597442,5.77,7.62,1.635000001,4.819999997,1,
Lamium maculatum,LAMA,Lamiaceae,Forb,Perennial,Angiosperm,Forb,Herbaceous,1865,,12,7,1,36,1,1,,4.893136737,8.185598223,3,8,,31.62,1.65,0.660883966,949.0286544,14.80519194,51.97,0.338976489,3,5,1.027710676,1.649138153,1,161
Lamium purpureum,LAPU2,Lamiaceae,Forb,Annual,Angiosperm,Forb,Herbaceous,1863,,401,48,3,51,0,1,,4.8,8.1,4,8,,38.13159231,0.91,0,770.0000004,20,75,0.45,2.92,2.5,1.099999999,2.199999999,1,163
Lantana camara,LACA2,Verbenaceae,Vine/Shrub,Perennial,Angiosperm,Shrub,Woody,1908,,192,22,1094,33,,1,,5.5,8.4,10,11,1,12.37872371,11.14,0,1400,8,157,4.999999998,6,12,2.749999999,30.99054279,0,118
Lantana montevidensis,LAMO2,Verbenaceae,Shrub,Perennial,Angiosperm,Shrub,Woody,1893,,5,5,0,8,,1,,5.6,7.5,8,10,,12.37872371,6.480769231,44.99999998,1519.999999,12,47,0.46,2.71,7.6,1.613482978,6.54785215,0,133
Lappula squarrosa,,Boraginaceae,Forb,Annual,Angiosperm,Forb,Herbaceous,1829,,50,12,5,53,0,0,,5.478311059,6.807082722,4.465076913,8.256578414,,30.706,1.02,2700.359417,995.6040381,23.12176992,35.84,0.8,1.9,5,0.3,1.19,1,197
Lapsana communis,LACO3,Asteraceae,Forb,Annual,Angiosperm,Forb,Herbaceous,1865,,115,34,57,48,0,1,,5,8.2,7,10,1,44.92328926,0.94,0,2090,23,109,0.9,10,30,1.2,2.399999999,1,161
Lathyrus latifolius,LALA4,Fabaceae,Forb,Perennial,Angiosperm,Forb,Herbaceous,1885,,291,55,709,23,1,1,,5,7.5,6,10,,18.7,40.35,0,2340,18,85,2,1.5,5,8.560000002,17.11999999,1,141
Lathyrus sylvestris,LASY,Fabaceae,Forb/Vine,Perennial,Angiosperm,Vine,Herbaceous,1897,,37,6,82,36,1,1,,6,8,2,9,,30.58569237,37.53,0,1000,30,55,1.83,2.15,15.24,11.50000001,22.99999999,1,129
Lemna minor,LEMI3,Lemnaceae,Forb,Perennial,Angiosperm,Forb,Herbaceous,,,,,,167,1,1,,4.1,8.8,6,10,,18.7,58.53008,0,2000,28,118,0.08,0.58,0.8,0.28,2.02,1,
Leonotis nepetifolia,,Lamiaceae,Forb,Annual,Angiosperm,Forb,Herbaceous,1893,Escape,4,1,1,44,,1,Long,4.919539135,7.575202679,6.729403753,9.919759875,,28.70343763,1.79,7.03689821,1568.426458,10,63,2.739999999,15,13.37,1.560246599,8.982992411,1,133
Leontodon saxatilis subsp. saxatilis,LESA24,Asteraceae,Forb,Annual,Angiosperm,Forb,Herbaceous,,,,,,,,,,5.5,6.5,9,10,,24.8856968,0.59,0,810,24,53,0.07,,,,,1,
Leonurus cardiaca,LECA2,Lamiaceae,Forb,Perennial,Angiosperm,Forb,Herbaceous,1878,,200,31,140,33,,1,,5.026142929,7.178287807,5.898786423,9.328179879,,21.57367893,0.96,79.46833629,1195.596132,16.38274842,50.93,1.22,5.5,5,0.855,3.751804422,1,148
Lepidium appelianum,LEAP7,Brassicaceae,Forb,Perennial,Angiosperm,Forb,Herbaceous,1919,,,,,14,,,,5.5,8,5,9,0,31.69903132,1.01959005,399.9999999,2400,9,97,0.939184171,3.21,9.85,0.162124752,0.555195805,1,107
Lepidium campestre,,Brassicaceae,Forb,Annual,Angiosperm,Forb,Herbaceous,1862,,105,38,2,30,0,1,,5.5,7.6,6,9,1,24.32574933,2.31,0,2600,17,117,0.45,5.3,9.3,0.205,0.41,1,164
Lepidium chalepense,,Brassicaceae,Forb,Perennial,Angiosperm,Forb,Herbaceous,1918,,,,,17,,,,5.7,8.3,6,10,0,31.69903132,1,0,4200,11,73,0.92,3.7,14,0.280306439,0.808011573,1,108
Lepidium didymum,LEDI4,Brassicaceae,Forb,Annual,Angiosperm,Forb,Herbaceous,1835,,,,,14,0,0,,5,8.5,8,10,,31.69903132,0.62,0,2240,11,75,0.7,1.2,8,0.17769971,0.621756169,1,191
Lepidium draba,LEDR,Brassicaceae,Forb,Perennial,Angiosperm,Forb,Herbaceous,1809,Contaminant,,,,51,1,1,Long,5,8.7,5,10,0,31.69903132,1.75,0,3300,11,63,0.5,4.5,10,0.216702001,0.308916072,1,217
Lepidium perfoliatum,LEPE2,Brassicaceae,Forb,Annual,Angiosperm,Forb,Herbaceous,1895,Stowaway,257,18,173,35,,1,Long,5.5,9.2,5,9,1,31.69903132,0.88,0,2580.000001,8,35,0.4,4,12,0.211217262,0.272652625,1,131
Lepidium virginicum,LEVI3,Brassicaceae,Forb,Annual,Angiosperm,Forb,Herbaceous,1941,Contaminant,,,,76,0,0,Long,4.7,7.6,5,10,,38.07404829,0.54,0,2780.000001,13,81,0.7,5,15,0.1665,0.666,1,85
Leptospermum laevigatum,,Myrtaceae,Shrub/Tree,Perennial,Angiosperm,Tree,Woody,1932,,9,3,19,,,0,,5.5,7.6,9,10,,10.65623653,1.12,0,310,13,37,6.000000002,1,2.8,0.620473477,2.903756664,0,94
Lespedeza cuneata,LECU,Fabaceae,Forb,Perennial,Angiosperm,Forb,Herbaceous,1907,,618,38,4032,28,,1,,5.5,6.5,4,9,,16.33828797,1.59,1200,3099.999999,24,63,1.800000001,0.6,2.5,0.52745014,1.70666331,1,119
Leucaena leucocephala,LELE10,Fabaceae,Shrub/Tree,Perennial,Angiosperm,Tree,Woody,1895,Escape,68,8,775,9,,1,Short,5,8,9,10,,12.5481647,47.37,0,2100,25.6,137.8,15.00000001,0.45,2.1,1.299999999,10.43374791,0,131
Ligustrum obtusifolium,LIOB,Oleaceae,Shrub,Perennial,Angiosperm,Shrub,Woody,1902,Escape,120,25,26,5,,1,Long,5.191928342,7.507589903,3,7,,10.66500062,700.1527277,1.133830776,1024.230043,19.2211988,49.16,6.099999998,2.5,7.6,1.434508177,2.624565437,0,124
Ligustrum ovalifolium,LIOV,Oleaceae,Shrub/Tree,Perennial,Angiosperm,Tree,Woody,1894,,16,6,4,1,0,1,,5.5,7.8,3,7,,10.66500062,700.1527277,4.999999999,390,16,49,3.999999998,2.56,10,1.010838225,1.676141975,0,132
Ligustrum quihoui,LIQU2,Oleaceae,Shrub,Perennial,Angiosperm,Shrub,Woody,1927,,39,10,972,6,,1,,5.470095718,7.599005347,5.392331232,8.469837068,,10.66500062,700.1527277,0.373969326,794.0390848,25.09183235,54.1,3.000000001,3,5.5,1.43,2.44595127,0,99
Ligustrum sinense,LISI,Oleaceae,Shrub,Perennial,Angiosperm,Shrub,Woody,1850,Escape,657,37,3632,7,,1,Long,5.5,7.5,6,9,,10.66500062,16.53,0,914.0000001,28,63,4.570000001,7.62,7.62,1.94398763,3.872403725,0,176
Ligustrum vulgare,LIVU,Oleaceae,Shrub,Perennial,Angiosperm,Shrub,Woody,1822,Escape,274,48,215,30,0,1,Long,5,7.5,4,7,,10.93466733,15.96,0,900.0000003,18,50,6.000000002,1.5,6,1.524999999,3.049999999,0,204
Limonium ramosissimum,,Plumbaginaceae,Forb,Perennial,Angiosperm,Forb,Herbaceous,1996,,13,2,574,3,,1,,5,9.1,9,10,,11.16050054,0.887,0,380,10,35,1.482957605,2.09,11.48,1.117065232,4.181410215,1,30
Limonium ramosissimum subsp. provinciale,LIRAP,Plumbaginaceae,Forb/Shrub,Perennial,Angiosperm,Forb,Herbaceous,2007,,,,,,,,,6.3,8.6,10,10,,11.16050054,0.887,0,100,14,31,,,,,,1,19
Linum bienne,LIBI5,Linaceae,Forb,Biennial,Angiosperm,Forb,Herbaceous,1901,,30,6,1,33,0,0,,5,7.5,8,10,,32.07870654,1.25,0,1900.000001,21,117,0.29,0.15,2.5,0.59,1.021091592,1,125
Linum usitatissimum,,Linaceae,Forb,Annual,Angiosperm,Forb,Herbaceous,1822,,10,5,0,6,0,0,,5,7.6,9,10,,47.019,6.36,0,2400,16,57,0.5,2.7,3,0.7,1.4,1,204
Lobularia maritima,LOMA,Brassicaceae,Forb,Annual,Angiosperm,Forb,Herbaceous,1841,,41,19,4,15,0,0,,5,8.9,5,9,,28.4481321,0.4,0,1380,12,61,0.18,2.54,2.54,0.334245048,0.392453099,1,185
Lolium multiflorum,LOMU,Poaceae,Graminoid,Annual,Angiosperm,Graminoid,Herbaceous,1600,Escape,,,,46,1,1,Long,5,8.8,6,10,,34.96383576,2.92,0,2630,13,109,1.5,1.3,30,2.63,8.119999997,1,426
Lolium perenne,LOPE,Poaceae,Graminoid,Perennial,Angiosperm,Graminoid,Herbaceous,1902,Escape,185,42,139,66,1,1,Long,5.2,8,3,10,,25.40718562,1.96,0,2000,18,25,1.07,0.6,20,2.679999999,8.280000001,1,124
Lolium pratense,LOPR7,Poaceae,Graminoid,Perennial,Angiosperm,Graminoid,Herbaceous,1930,,,,,61,1,1,,6.7,6.9,4.719630098,8.378531372,,28.33539565,1.94,200.9999999,3048,33,41,1.2,0.7,25,2.737344794,19.43335434,1,96
Lonicera fragrantissima,LOFR,Caprifoliaceae,Shrub,Perennial,Angiosperm,Shrub,Woody,1884,,33,11,12,4,,1,,5.46425698,7,4,8,,23.81441088,2.2,7.026176391,1692.64506,25.69201552,47.47,3.049999999,7.62,7.62,0.92,2.430255335,0,142
Lonicera japonica,LOJA,Caprifoliaceae,Vine,Perennial,Angiosperm,Vine,Woody,1877,Escape,1184,55,8786,7,,1,Long,4.9,8.6,4,9,,23.81441088,1.8,0,1190,13,60,8.000000004,3,7.5,0.72,1.350835499,0,149
Lonicera maackii,LOMA6,Caprifoliaceae,Shrub,Perennial,Angiosperm,Shrub,Woody,1900,Escape,499,43,879,9,,1,Long,5.5,8,3,8,,27.92116592,3.063208667,0,3000.000001,25,60,6.000000002,3.81,8.89,0.785,1.570000001,0,126
Lonicera standishii,LOST2,Caprifoliaceae,Shrub,Perennial,Angiosperm,Shrub,Woody,1932,,9,4,10,,,0,,5.26190253,7.724374609,5,8,,23.81441088,12.33872533,0.113382952,1733.316639,22.25575172,56.16,2.44,5.08,10.16,0.98,2.102640872,0,94
Lonicera x bella,,Caprifoliaceae,Shrub,Perennial,Angiosperm,Shrub,Woody,1922,,209,24,216,,,1,,5.317055657,7.326598304,4.630846429,7.533217133,,23.81441088,12.33872533,7.433237514,1469.060626,23.27631024,42.61,6.000000002,2.54,6.35,0.86,2.839873489,0,104
Lonicera xylosteum,LOXY,Caprifoliaceae,Shrub,Perennial,Angiosperm,Shrub,Woody,1840,,32,11,2,34,0,1,,5.381526051,7.103636911,4,6,,21.43059296,3.57,4.190120855,2121.092611,26.48571049,46.06,3.049999999,12,6,0.75,1.5,0,186
Lotus corniculatus,LOCO6,Fabaceae,Forb,Perennial,Angiosperm,Forb,Herbaceous,1879,,745,60,270,74,1,1,,4.9,9.1,6,10,0,22.02111941,1.29,0,2870,11,85,0.73,1.1,2.2,0.59,1.730000001,1,147
Lotus pedunculatus subsp. pedunculatus,LOPE80,Fabaceae,Forb,Perennial,Angiosperm,Forb,Herbaceous,,,5,2,0,,,1,,6,7.3,9,9,0,21.43832679,1.93,380,820,43,67,,,,0.39,,1,
Ludwigia grandiflora,,Onagraceae,Forb/Shrub,Perennial,Angiosperm,Forb,Herbaceous,1935,Escape,118,23,109,30,,,Long,5.3,6.5,8,10,,31.887,0.090347815,0,1200,21,103,0.2,5.06,11.81,1.085436898,2.268392245,1,91
Ludwigia hexapetala,LUHE5,Onagraceae,Forb,Perennial,Angiosperm,Forb,Herbaceous,1844,,,,,28,,,,5.2,7.4,9,10,,31.887,0.090347815,0,2600,15,59,0.266694293,7.62,15.24,1.274153428,1.997385164,1,182
Ludwigia peploides,LUPE5,Onagraceae,Forb,Perennial,Angiosperm,Forb,Herbaceous,1863,Escape,,,,68,,,Long,5.2,8.1,9,10,,31.887,1.54,0,889.9999998,12,65,0.1,1.9,10.01,0.869790964,0.874503851,1,163
Ludwigia peruviana,LUPE6,Onagraceae,Forb/Shrub,Perennial,Angiosperm,Forb,Herbaceous,1893,,81,3,1465,30,,1,,5.049974002,7.768218183,8.027423954,9.840526908,,31.887,0.07,0,2600,13.83070051,86.88,0.176618692,3,15,1.099999999,1.369126674,1,133
Lunaria annua,LUAN,Brassicaceae,Forb,Biennial,Angiosperm,Forb,Herbaceous,1839,,97,37,31,10,,0,,5,7.6,7,10,,38.232,15.79,0,2199.999999,20,73,0.91,7.62,15.24,0.580813464,2.02585304,1,187
Lupinus polyphyllus,LUPO2,Fabaceae,Forb,Perennial,Angiosperm,Forb,Herbaceous,,Escape,,,,17,0,,Long,4.9,7.8,5,10,,21.45768025,20.95,0,2970,18,115,1.22,2.54,12.7,0.85,1.819026327,1,
Lycopus europaeus,,Lamiaceae,Forb,Perennial,Angiosperm,Forb,Herbaceous,1860,,34,13,0,66,1,1,,5.66988948,7.534085897,4.889515923,9.319517781,,63.076,0.33,20.07691754,1650.617056,21.4526681,51.47,0.65,4.49,7.72,0.748150697,1.909115597,1,166
Lygodium japonicum,LYJA,Schizaeaceae,Forb/Vine,Perennial,Fern,Vine,Herbaceous,1903,Escape,316,16,5526,31,,1,Long,,,7,13,,,,0,2550,50,394,30,7.62,15.24,11.66,,1,123
Lysimachia arvensis,ANAR,Primulaceae,Forb,Annual,Angiosperm,Forb,Herbaceous,1895,,208,39,3,80,,0,,5,8.5,8,10,,28.41304981,0.45,0,2280.000001,14,101,0.3,1,2.5,1.175017762,1.942088463,1,131
Lysimachia vulgaris,LYVU,Primulaceae,Forb,Perennial,Angiosperm,Forb,Herbaceous,1822,,98,27,8,54,1,1,,5.17946712,7.510315957,4,8,,23.725,0.33,0,300,21.50686567,69.97,0.91,3.81,10.16,1.271676982,5.720906719,1,204
Lythrum hyssopifolia,LYHY3,Lythraceae,Forb,Annual,Angiosperm,Forb,Herbaceous,1800,,60,9,4,61,1,1,,5,8.3,8,10,,24.172,0.11,0,1960,14,79,0.16,1.02,3,0.691810165,0.751407155,1,226
Lythrum salicaria,LYSA2,Lythraceae,Forb,Perennial,Angiosperm,Forb,Herbaceous,1820,Stowaway,1160,76,2990,78,1,1,Long,5,8,3,10,1,24.20415414,0.07,0,2199.999999,13,73,3.049999999,2.54,15.24,0.710707714,1.341243453,1,206
Maackia amurensis var. amurensis,MAAM9,Fabaceae,Shrub,Perennial,Angiosperm,Shrub,Woody,,,,,,,,,,5,8.5,4,9,,13.1578947,273.9294657,,1200,10,65,6,2.54,7.62,,,0,
Maclura pomifera,MAPO,Moraceae,Shrub/Tree,Perennial,Angiosperm,Tree,Woody,,,,,,3,,1,,4.5,7.9,4,9,,24.4,31.78,0,1500,15,55,10.67,7.62,15.24,0.495559602,0.894594277,0,
Macrothelypteris torresiana,MATO3,Aspleniaceae,Forb,Perennial,Fern,Forb,Herbaceous,1904,Escape,18,8,1,51,,1,Long,7.093654742,7.004202368,10.0181436,10.64110485,,35.06690909,,0,100,28,79,1.5,50,85,5.076363392,48.18999913,1,122
Madia glomerata,MAGL2,Asteraceae,Forb,Annual,Angiosperm,Forb,Herbaceous,1902,,,,,27,,,,4.847940978,7.950725021,6,9,1,0.209815341,0.844,0,3099.999999,18,81,1.264820768,5.94,8.07,1.480780053,3.413980765,1,124
Madia sativa,MASA,Asteraceae,Forb,Annual,Angiosperm,Forb,Herbaceous,1880,,,,,10,,,,5,7.7,8,10,1,0.209815341,3.13,0,1480,15,67,1.539131754,5.43,7.4,1.54535214,5.395106981,1,146
Malephora crocea,,Aizoaceae,Shrub,Perennial,Angiosperm,Shrub,Herbaceous,1946,,14,2,12,1,,1,,5.2,9.1,9,10,,,5.39,0,100,10,27,3.095047946,1.08,12.9,0.590731156,2.482104594,1,80
Malus baccata,MABA,Rosaceae,Shrub/Tree,Perennial,Angiosperm,Tree,Woody,1917,,8,6,1,23,,0,,5.281290287,7.877268421,2,7,,16.34443863,15.01,0,1500,20.22041648,58.87,12.19000001,3.5,8,0.72,0.986662015,0,109
Malus domestica,MADO4,Rosaceae,Tree,Perennial,Angiosperm,Tree,Woody,1625,,,,,8,0,0,,5.2,7.6,7,10,,17.22653747,12.42,0,1600,14,93,6.800000003,6.5,10,1.354481984,3.106457511,0,401
Malus toringo,,Rosaceae,Shrub,Perennial,Angiosperm,Shrub,Woody,1856,,20,9,0,6,,0,,5,7.8,4,8,,16.34443863,31.35698064,100,2000,32,60,7.620000001,2.26,11.29,1.210000001,1.933383221,0,170
Malva moschata,,Malvaceae,Forb,Perennial,Angiosperm,Forb,Herbaceous,1845,,34,12,0,22,0,1,,5.46634634,8.498287745,6.584882159,11.17852088,,20.03333333,1.92,0,1300,12.9781204,79.22,0.46,15.24,15.24,1.359999999,3.821923543,1,181
Malva neglecta,MANE,Malvaceae,Forb,Annual,Angiosperm,Forb,Herbaceous,1816,,114,44,46,53,0,0,,5,8.9,6,10,,23.7,2.23,0,2800,9,97,0.3,7.62,15.24,0.8,1.573588457,1,210
Malva parviflora,MAPA5,Malvaceae,Forb,Annual,Angiosperm,Forb,Herbaceous,1825,,75,19,7,50,0,0,,5,9,6,11,,22.68782504,2.68,0,2500,6,75,0.5,10,10,0.5,1.019383688,1,201
Malvastrum coromandelianum,MACO6,Malvaceae,Forb,Annual,Angiosperm,Forb,Herbaceous,1840,,20,6,0,42,,1,,5.557751995,7.985024534,10,12,1,20.98979004,1.87,0,100,18.83851711,70.69,0.62,5.5,7,1.053378338,5.765927688,1,186
Manilkara zapota,MAZA,Sapotaceae,Tree,Perennial,Angiosperm,Tree,Woody,1935,Escape,10,3,15,14,,1,Long,4,7,10,11,0,5.620192507,126.74,0,2500,60,100,20.11999999,4,12.7,2.144902652,34.98875521,0,91
Marrubium vulgare,MAVU,Lamiaceae,Forb,Perennial,Angiosperm,Forb,Herbaceous,1833,Escape,241,30,905,59,1,1,Long,5,8.8,7,11,,14.2,0.92,0,2470,9,65,0.44,5,5,1.650460023,2.64301175,1,193
Marsilea quadrifolia,,Marsileaceae,Forb,Perennial,Fern,Forb,Herbaceous,1821,,63,23,46,26,,1,,6.5,7.5,,,,46.334,,,,,,0.14,,,4.08,,1,205
Maytenus boaria,,Celastraceae,Shrub/Tree,Perennial,Angiosperm,Tree,Woody,1940,,9,2,65,9,,1,,5.488640913,7.518636579,4.700906293,8.330733001,,11.25316071,14.55,100,400,17,47,20.00000001,3.88,6.54,0.424799404,3.461673793,0,86
Mazus pumilus,,Mazaceae,Forb,Annual,Angiosperm,Forb,Herbaceous,1902,,63,22,0,34,,0,,5.7,7.8,9,10,,,0.01,0,699.9999996,18.30810747,60.07,0.2,1.5,3,1.171800664,2.700049905,1,124
Medicago arabica,,Fabaceae,Forb,Annual,Angiosperm,Forb,Herbaceous,1832,,43,12,0,35,0,0,,4.8,8,9,10,,32.76,3.26,0,719.9999999,21,67,0.611840004,0.68,2.51,0.61,1.22,1,194
Medicago falcata,MEFA,Fabaceae,Forb,Perennial,Angiosperm,Forb,Herbaceous,1736,,,,,56,0,1,,5.137762575,8.113297552,6.661253621,9.738681714,,18.38503677,1.71,1.417543964,1655.793135,15.39359934,71.98,0.91,0.85,2.54,0.9,2.434107928,1,290
Medicago lupulina,MELU,Fabaceae,Forb,Annual,Angiosperm,Forb,Herbaceous,1832,Escape,505,70,33,74,0,1,Long,4.8,8.5,6,10,,24.73322564,1.57,0,2800,9,85,0.6,0.6,2,0.9,1.8,1,194
Medicago minima,,Fabaceae,Forb,Annual,Angiosperm,Forb,Herbaceous,1869,,22,8,0,68,0,0,,5.1,7.8,8,10,,26.19230769,0.99,55.00000001,1500,16,45,0.4,0.5,2.2,0.575,1.15,1,157
Medicago polymorpha,MEPO3,Fabaceae,Forb,Annual,Angiosperm,Forb,Herbaceous,1832,Escape,123,21,29,52,0,1,Long,5,8.8,3,9,,20.185,3.12,0,2460,12,109,0.4,1.5,2,0.555,1.11,1,194
Medicago sativa subsp. sativa,MESAS,Fabaceae,Forb,Perennial,Angiosperm,Forb,Herbaceous,1909,,,,,,,,,5.4,8.8,6,10,,28.03636506,1.64,0,2390,11,103,1,,,1.29,,1,117
Megathyrsus maximus,MEMA22,Poaceae,Graminoid,Perennial,Angiosperm,Graminoid,Herbaceous,1870,Escape,,,,53,,,Long,5.2,6.9,7.960110526,11.20211857,,26.46470061,8.839506508,0,1800,32,87,2,3.5,40,1.940892514,22.78300846,1,156
Melaleuca quinquenervia,MEQU,Lithomyrtus,Tree,Perennial,Angiosperm,Tree,Woody,1926,Escape,59,3,13860,4,,1,Long,5,6.5,9,11,,3.083025364,0.26,0,1400,33,200,24.99999999,3.5,9,0.97,15.4196586,0,100
Melia azedarach,MEAZ,Meliaceae,Tree,Perennial,Angiosperm,Tree,Woody,1839,Escape,574,32,2908,27,,1,Long,4,8,7,11,,19.43880651,360.83,0,2700.000001,15,94,40,7.62,7.62,0.43,1.476409904,0,187
Melilotus indicus,MEIN2,Fabaceae,Forb,Annual,Angiosperm,Forb,Herbaceous,1800,,104,24,58,54,0,0,,6.1,8.2,7,11,,20.6,2.27,0,1585.093285,16,55,0.76,1.2,2,1.059375189,1.43749837,1,226
Melilotus officinalis,MEOF,Fabaceae,Forb,Biennial,Angiosperm,Forb,Herbaceous,1869,Escape,1334,84,1174,43,,0,Long,6.5,8,6,10,,19.25397245,2.47,0,1568.812801,17,65,1.83,1.27,2.54,1.175,2.349999999,1,157
Melinis minutiflora,MEMI2,Poaceae,Graminoid,Perennial,Angiosperm,Graminoid,Herbaceous,1914,Escape,5,2,3,31,,1,Long,5,7.5,6.710259917,11.95297213,,17.452007,0.12,0,3000.000001,30,98,2,14,19,2.271441316,12.52294818,1,112
Melinis repens,MERE9,Poaceae,Graminoid,Annual,Angiosperm,Graminoid,Herbaceous,1895,Escape,87,9,903,49,,0,Long,4,10,9,10,,17.452007,0.46,0,2000,20,55,1.5,1,30,1.163574289,1.952148965,1,131
Melissa officinalis,MEOF2,Lamiaceae,Forb,Perennial,Angiosperm,Forb,Herbaceous,1822,,64,14,15,30,1,1,,6,8,3,7,,28.70343763,0.64,5,1620,21,67,0.61,7.62,7.62,0.8,1.457706438,1,204
Mentha aquatica,,Lamiaceae,Forb,Perennial,Angiosperm,Forb,Herbaceous,1831,,260,31,0,69,1,1,,5.2,7.7,9,10,,29.3932,0.16,0,1650,16,49,9.000000002,4,6,1.5,10.79521868,1,195
Mentha arvensis,MEAR4,Lamiaceae,Forb,Perennial,Angiosperm,Forb,Herbaceous,,,,,,54,1,1,,5.2,8,6,10,,43.80269231,0.16,0,2140,9,73,0.6,2.54,6.35,0.45,0.855276422,1,
Mentha diemenica,,Lamiaceae,Forb,Perennial,Angiosperm,Forb,Herbaceous,,,,,,5,,,,5.515232355,7.884177096,5.909620557,9.426213263,,33.03325484,0.24,2.521651497,1309.83559,14.91116268,46.15,0.926629939,2.55,6.01,0.645970331,1.492355113,1,
Mentha pulegium,MEPU,Lamiaceae,Forb,Perennial,Angiosperm,Forb,Herbaceous,1873,Escape,123,27,74,47,1,1,Long,5,8.5,7,10,,35.03571429,0.15,0,500,12,35,0.9,1.13,2.5,0.606903639,1.117358752,1,153
Mentha spicata,MESP3,Lamiaceae,Forb,Perennial,Angiosperm,Forb,Herbaceous,1800,,311,44,20,41,1,1,,5.563703886,7.869313004,5,9,,22.5,0.114923077,5.147281078,2230,11,71,0.91,2.54,7.62,0.60748103,1.328529885,1,226
Mentha x piperita,MEPI,Lamiaceae,Forb,Perennial,Angiosperm,Forb,Herbaceous,1800,,,,,,,,,6,8,5,9,,33.03325484,0.114923077,3.213628407,1317.161935,14.62852078,40.05,0.61,2.54,7.62,0.638680121,1.203758694,1,226
Mesembryanthemum crystallinum,MECR3,Aizoaceae,Forb,Annual,Angiosperm,Forb,Herbaceous,1874,Stowaway,23,6,7,24,,0,Long,4.854598097,8.314839207,9,11,,,0.18,0,100,17,34,1,2,20,0.4,1.610905263,1,152
Mesembryanthemum nodiflorum,MENO2,Aizoaceae,Forb,Annual,Angiosperm,Forb,Herbaceous,1882,,34,5,4,34,,0,,5,9.1,9,11,,,0.22,0,570.0000001,5,27,0.2,0.58,2,0.310073439,0.485311783,1,144
Miconia calvescens,MICA20,Melastomataceae,Shrub,Perennial,Angiosperm,Shrub,Woody,1972,Escape,,,,21,,0,Long,,,,,,14.67886937,0.22,0,1400,59,394,12,30,80,,,0,54
Microstegium vimineum,MIVI,Poaceae,Graminoid,Annual,Angiosperm,Graminoid,Herbaceous,1934,Contaminant,669,38,5880,22,,,Long,4,8,5,11,,26.46470061,8.839506508,1.948770512,2555.337839,13.95834296,128.17,1,1.5,10,1.663647839,12.30559727,1,92
Mikania micrantha,MIMI5,Asteraceae,Vine,Perennial,Angiosperm,Vine,Herbaceous,1936,Release,3,2,1,39,,1,Long,4.1,8.3,11,11,0,46.667,0.09,999.9999997,3000.000001,39,94.63,6.600000004,9,13,1.58778165,10.32851326,1,90
Mimosa pigra,MIPI,Fabaceae,Shrub,Perennial,Angiosperm,Shrub,Woody,1953,Stowaway,,,,37,,,Long,5.16023054,7.76211898,9.178642861,10.38955186,,18.2066,16.82,0,699.9999996,30,89,6.000000002,2.09,18,1.176319864,7.485139538,0,73
Mirabilis jalapa,MIJA,Nyctaginaceae,Forb,Perennial,Angiosperm,Forb,Herbaceous,1821,Escape,33,11,3,11,,1,Short,6.1,7.8,9,11,,19.89202581,79.23,0,3000.000001,2,59,0.91,9,15,1.19,6.98595854,1,205
Mirabilis nyctaginea,MINY,Nyctaginaceae,Forb,Perennial,Angiosperm,Forb,Herbaceous,,,,,,52,,,,,,,,,19.89202581,3.8,,,,,,,,0.55,,1,
Miscanthus sacchariflorus,MISA,Poaceae,Graminoid,Perennial,Angiosperm,Graminoid,Herbaceous,1948,,76,12,37,8,,,,4.972071483,7.282018112,4,9,,26.46470061,0.95,113.2911564,2827.327231,18.01477383,55.59,2.44,2.54,91.44,3.450000002,105.3046002,1,78
Mollugo verticillata,MOVE,Molluginaceae,Forb,Annual,Angiosperm,Forb,Herbaceous,,,,,,94,,,,6,8,2,11,,,0.09,,,,,0.15,1.27,3.81,,,1,
Momordica charantia,MOCH2,Cucurbitaceae,Forb,Annual,Angiosperm,Forb,Herbaceous,1892,Escape,38,3,84,66,,1,Long,4.3,8.7,2,11,,29.03121212,66.74,0,1000,19,161,6.099999998,10.19,7.62,2.1,3.654266212,1,134
Morus alba,MOAL,Moraceae,Shrub,Perennial,Angiosperm,Shrub,Woody,1856,Escape,371,50,127,2,,1,Long,5,7,4,8,,14.0570027,6.75,0,3300,30,60,15.23999999,5.08,10.16,0.9,2.503570909,0,170
Mosla dianthera,MODI4,Lamiaceae,Forb,Annual,Angiosperm,Forb,Herbaceous,1941,,9,6,11,23,,,,5.392290253,6.874627131,7,8,1,28.70343763,0.29,700,2100,22.50302686,43.13,1,1.8,3.5,0.558170761,2.76869551,1,85
Muhlenbergia schreberi,MUSC,Poaceae,Graminoid,Perennial,Angiosperm,Graminoid,Herbaceous,,,,,,49,0,1,,4.5,7.5,6,11,,26.46470061,0.12,12.69678167,1031.105737,26,55,0.98,0.4,7.62,0.9,4.189408688,1,
Murdannia keisak,MUKE,Commelinaceae,Forb,Perennial,Angiosperm,Forb,Herbaceous,1930,,185,19,95,14,,,,5.408491958,5.96202363,6.638392218,9.351594279,,26.88127273,7.9585,0,343.5596057,28.51465697,27.88,0.76,3.02,7.62,1.278236719,16.08797514,1,96
Muscari botryoides,MUBO,Asparagaceae,Forb,Perennial,Angiosperm,Forb,Herbaceous,1871,,27,18,0,17,,1,,6,8,3,8,,29.1,1.94,0,1500,21,65,1.22,1.2,40,47.22131328,594.8687085,1,155
Muscari neglectum,MUNE,Liliaceae,Forb,Perennial,Angiosperm,Forb,Herbaceous,1871,,38,18,0,48,1,1,,5.966208879,7.5,4,7,,29.1,3.6,0,1500,21.95088597,34.69,0.3,8,40,36.83774898,267.4084195,1,155
Myoporum laetum,MYLA5,Myoporaceae,Shrub,Perennial,Angiosperm,Shrub,Woody,1950,,24,4,297,2,,0,,5,9.1,9,10,,6.796,68.42,0,1100,11,63,9.999999996,3,12.5,0.952468864,4.708935844,0,76
Myosotis latifolia,MYLA4,Boraginaceae,Forb,Perennial,Angiosperm,Forb,Herbaceous,1907,,20,4,74,1,,1,,4.9,7.8,9,10,,35.20095635,0.417069947,0,1070,24,87,0.7,3.17,10.83,0.943916332,3.224030561,1,119
Myosotis scorpioides,MYSC,Boraginaceae,Forb,Perennial,Angiosperm,Forb,Herbaceous,1800,,445,44,189,49,1,1,,5.5,7.5,5,9,,47.85610587,0.3,9.847328603,2100,24,55,0.46,2,8,1.4,3.698283317,1,226
Myosotis sylvatica,MYSY,Boraginaceae,Forb,Perennial,Angiosperm,Forb,Herbaceous,1889,,52,14,35,32,0,0,,5.410425283,7.447549722,3,8,,29.68,0.65,0,400,29,67,0.51,1.91,7.62,0.28,0.56,1,137
Myriophyllum aquaticum,,Haloragaceae,Forb,Perennial,Angiosperm,Forb,Herbaceous,1880,Escape,393,53,166,18,1,1,Long,7,9,6,10,,44.47636364,1.020363636,0,3250,12.21577839,84.5,1.83,1.2,4,0.982082221,2.22960665,1,146
Myriophyllum heterophyllum,MYHE2,Haloragidaceae,Forb,Perennial,Angiosperm,Forb,Herbaceous,1932,Escape,,,,45,,,Long,6.714920225,9.004887989,5.723111689,9.578493817,,44.47636364,0.31,0,2767.998509,12.96447131,74.22,1,0.6,6.4,0.867969626,1.673759685,1,94
Najas minor,,Najadaceae,Forb,Annual,Angiosperm,Forb,Herbaceous,1932,,304,35,237,65,0,1,,6.3,7.2,,,,43.494,0.17,0,75,,,1.22,,2.54,,,1,94
Narcissus pseudonarcissus,,Amaryllidaceae,Forb,Perennial,Angiosperm,Forb,Herbaceous,1840,,20,12,5,8,1,1,,5.709991021,7.089039521,4,8,,19.298704,5.13,10.77633441,334.8996162,21.32,22.69580803,0.46,1.91,18.34,11.75,91.68855367,1,186
Nardus stricta,NAST3,Poaceae,Graminoid,Perennial,Angiosperm,Graminoid,Herbaceous,1918,,11,6,12,54,1,1,,4.905122572,8.762096403,6.412054666,8.998368425,1,10.023125,0.42,0.142671374,1609.624016,13.61726496,48.14,0.6,0.1,30,2.1,4.200000001,1,108
Nasturtium microphyllum,,Brassicaceae,Forb,Perennial,Angiosperm,Forb,Herbaceous,1868,,26,7,2,25,1,1,,5.516458597,6.276439083,6.065173367,7.904499246,1,72.1,0.12,437.4377441,1304.752607,17.94354946,32.95,1,3.96,18.73,0.1788,1.43,1,158
Nasturtium officinale,,Brassicaceae,Forb,Perennial,Angiosperm,Forb,Herbaceous,1810,Escape,709,78,71,59,1,1,Long,5.5,7,5.352277208,8.33632782,1,42.225,0.19,41.41653692,1621.817217,14.62571943,42.37,0.38,3.81,15.24,0.19,0.76,1,216
Nepeta cataria,NECA2,Lamiaceae,Forb,Perennial,Angiosperm,Forb,Herbaceous,1829,,159,44,9,45,1,1,,5.72928687,7.217802506,3,9,,31.74083667,0.55,60,1838.834691,20,55,1.22,7.62,15.24,0.65,1.975179225,1,197
Nephrolepis brownii,NEMU,Polypodiaceae,Forb,Perennial,Fern,Forb,Herbaceous,1940,Escape,26,2,52,41,,,Short,,,,,,12.7839574,,0,2000,2,,1.3,5,2,,,1,86
Nerium oleander,NEOL,Apocynaceae,Shrub,Perennial,Angiosperm,Shrub,Woody,1870,,72,15,126,32,0,1,,5.5,7.8,8,10,1,13.08817187,3.87,0,2000,5,94,4.999999998,3,18,1.537523196,11.88691663,0,156
Neyraudia reynaudiana,NERE,Poaceae,Graminoid,Perennial,Angiosperm,Graminoid,Herbaceous,1915,,25,3,722,22,,,,5,9,9,11,,26.46470061,8.839506508,0,1900.000001,2,17,3.000000001,2.5,100,1.654175305,9.238666026,1,111
Nicandra physalodes,NIPH,Solanaceae,Forb,Annual,Angiosperm,Forb,Herbaceous,1821,Escape,1,1,0,5,,1,Long,5.981473305,8.5,7,10,1,26.225,0.84,399.9999999,2400,11.51107729,55.24,3.999999998,18,25,1.249128039,3.463993306,1,205
Nicotiana glauca,NIGL,Solanaceae,Shrub,Perennial,Angiosperm,Shrub,Woody,1865,Escape,107,14,2330,8,,0,Long,6.054116233,8.882979987,4,11,1,16.3398693,0.04,0,3700,2,34,7.000000004,18.5,25,5.300000001,10.65603418,0,161
Noccaea perfoliata,,Brassicaceae,Forb,Annual,Angiosperm,Forb,Herbaceous,1913,,,,,51,,0,,,,,,1,28.4481321,672.3876916,,,,,,,,,,1,113
Nymphaea odorata,NYOD,Nymphaeaceae,Forb,Perennial,Angiosperm,Forb,Herbaceous,1945,,,,,50,,,,,8,4,11,,14.7,5.86,,,,,2.44,30.48,,0.4025,,1,81
Nymphoides peltata,,Menyanthaceae,Forb,Perennial,Angiosperm,Forb,Herbaceous,1879,Escape,89,41,32,55,1,1,Long,,,5,10,0,25.6,0.5,,,,,0.15,15.24,15.24,0.7,,1,147
Odontarrhena muralis,,Brassicaceae,Forb,Perennial,Angiosperm,Forb,Herbaceous,,,,,,13,,,,5.497136936,7.228063374,4.515276596,8.392512986,,28.4481321,672.3876916,1500.000001,1800,12.6530815,34.9,0.7,0.8,3,0.24842692,0.849833225,1,
Odontites vernus,,Scrophulariaceae,Forb,Annual,Angiosperm,Forb,Herbaceous,1896,,4,3,0,21,,0,,4.895270421,8.384530849,7.170484154,9.499165059,,20.70379211,0.19,5.064719558,1000.069965,18.25950105,78.4,0.38,0.95,5.08,0.58,1.208016836,1,130
Oenothera glazioviana,OEGL,Onagraceae,Forb,Biennial,Angiosperm,Forb,Herbaceous,1870,,15,5,2,1,0,0,,5.763712441,7.927112289,9,10,,24.253,0.63,20.00000001,599.9999997,20,73,1.2371829,5,30,1.150000001,2.300000001,1,156
Oenothera laciniata,OELA,Onagraceae,Forb,Annual,Angiosperm,Forb,Herbaceous,1839,,,,,45,,,,5.6,8.7,9,10,,21.74552727,0.39,0,1000,13.82508617,68.02,0.61,3.5,15,0.67,0.727738705,1,187
Oenothera suffrutescens,OESU3,Onagraceae,Forb,Perennial,Angiosperm,Forb,Herbaceous,,,,,,28,,,,5.829963574,7.692278816,6.713720806,10.03664649,,21.74552727,0.499651754,150,2000,14.50574691,65.45,0.51,6.5,1.5,0.448337718,0.575794412,1,
Oncosiphon piluliferum,,Asteraceae,Forb,Annual,Angiosperm,Forb,Herbaceous,1992,,50,7,85,,,0,,5.6,9.1,8,10,,21.76548373,0.08,500,900.0000003,6,31,0.637290769,0.1,3.5,1.218666423,3.884793397,1,34
Oplismenus undulatifolius,OPUN,Poaceae,Graminoid,Perennial,Angiosperm,Graminoid,Herbaceous,1996,,,,,48,,,,4.542568581,9.223648643,6,13,,26.46470061,1.72,0,2120.679026,8.241008444,73.5,0.3,0.2,8,1.054502668,1.602454913,1,30
Origanum vulgare,,Lamiaceae,Shrub,Perennial,Angiosperm,Shrub,Woody,1822,,14,9,1,75,1,1,,5.3,7,7,10,,22.93559401,0.09,50.00000001,889.9999998,21,67,1,3,4,0.4667,1.4,0,204
Ornithogalum umbellatum,ORUM,Asparagaceae,Forb,Perennial,Angiosperm,Forb,Herbaceous,1840,,203,38,2,21,1,1,,5.491269845,8.535468208,4,9,,13.2,2.83,0,1500,15.08860696,36.29,0.3,0.5,30,24.84999998,80.19405992,1,186
Orobanche minor,ORMI,Orobanchaceae,Forb,Annual,Angiosperm,Forb,Herbaceous,1867,Contaminant,12,6,0,51,1,1,Long,5.274832961,8.224456382,8.112875686,10.10089163,,27.26261852,0.007939063,0,300,7,51,1,0.5,2,1.830000001,7.50150096,1,159
Oxalis debilis,,Oxalidaceae,Forb,Perennial,Angiosperm,Forb,Herbaceous,1925,,6,5,0,16,1,1,,5.162962943,8.558421828,8.499875146,10.93151977,,59.3773913,0.647791906,0,100,12.01058078,70.94,0.3,1.96,4,0.490661672,1.427830058,1,101
Oxalis pes-caprae,OXPE,Oxalidaceae,Forb,Perennial,Angiosperm,Forb,Herbaceous,1927,,44,5,399,2,1,1,,5,8.6,9,11,,59.3773913,0.647791906,10,500,13,75,0.6574055,3.72,12,0.76,3.603770189,1,99
Oxalis stricta,OXST2,Oxalidaceae,Forb,Perennial,Angiosperm,Forb,Herbaceous,,,,,,55,,1,,4.95286931,8.333482238,7.690095939,10.32457834,,57.7,0.19,20.00000001,1200,11.9128046,79.8,0.51,3,8,0.305,1.22,1,
Pachysandra terminalis,PATE11,Buxaceae,Forb,Perennial,Angiosperm,Forb,Herbaceous,1898,,59,16,152,5,0,1,,5.5,7.5,4,9,,6.726923424,13.543,0,1000,36,60,0.3,4,8,1.73,2.899296241,1,128
Packera glabella,PAGL17,Asteraceae,Forb,Annual,Angiosperm,Forb,Herbaceous,,,,,,18,0,0,,4,7,6.188916499,8.588687075,,21.76548373,0.3686,0,599.9999997,30,50,0.7,3,15,1.247079058,5.162290941,1,
Paederia cruddasiana,PACR15,Rubiaceae,Vine,Perennial,Angiosperm,Vine,Herbaceous,1916,,3,2,22,8,,1,,4.647379841,8.20180314,10,11,,18.61851018,59.18937909,0,1825.978195,17.09589412,137.72,9.999999996,10.5,16,0.933619711,4.731224569,1,110
Paederia foetida,PAFO3,Rubiaceae,Vine,Perennial,Angiosperm,Vine,Herbaceous,1937,Escape,39,5,702,31,,,Long,4.604255399,8.352255786,9.295336834,10.57213624,0,18.61851018,6.36,0,1800,15.78669017,124.93,9.140000001,5,14,0.7,2.8,1,89
Panicum antidotale,PAAN4,Poaceae,Graminoid,Perennial,Angiosperm,Graminoid,Herbaceous,1872,,1,1,0,,,1,,6,8,4.980889213,10.67492143,,21.30227628,1.01,0,1688.597317,15,24,1.83,2,60,1.093611899,4.90255669,1,154
Panicum miliaceum,PAMI2,Poaceae,Graminoid,Annual,Angiosperm,Graminoid,Herbaceous,1864,,10,8,0,9,0,0,,5.8,6.8,2,11,,21.30227628,4.46,0,3000.000001,10,20,0.91,2.5,40,1.04,4.571215347,1,162
Panicum repens,PARE3,Poaceae,Graminoid,Perennial,Angiosperm,Graminoid,Herbaceous,1876,Contaminant,164,13,3762,94,,1,Short,4,7.7,8,11,,21.30227628,0.65,0,2000,31,71,1,0.8,25,1.387160827,6.764859194,1,150
Papaver rhoeas,,Papaveraceae,Forb,Annual,Angiosperm,Forb,Herbaceous,1847,,19,10,0,60,0,0,,5,7.9,3,10,0,33.07,0.13,0,2000,13,43,0.46,9.48,15.24,2.405,4.809999997,1,179
Paraserianthes lophantha,PALO8,Fabaceae,Shrub,Perennial,Angiosperm,Shrub,Woody,1914,,10,2,8,4,,0,,5.3,8.6,9,10,,12.91147541,64.86,100,3000,14,39,8.242419221,0.74,5.72,0.879559403,3.527794892,0,112
Parentucellia viscosa,PAVI3,Scrophulariaceae,Forb,Annual,Angiosperm,Forb,Herbaceous,1889,Contaminant,28,6,18,30,0,0,Long,4.5,8.2,9,10,,27.26261852,0.02,0,840.0000005,25,117,0.6,1.5,4.5,1.359999999,4.344650538,1,137
Parthenium hysterophorus,,Asteraceae,Forb,Annual,Angiosperm,Forb,Herbaceous,1847,Escape,65,15,5,40,,0,Long,5.6,9,10,10,,21.76548373,0.57,0,2500,13,17,2.499999999,8,20,2.098594187,3.158742445,1,179
Parthenocissus tricuspidata,PATR6,Vitaceae,Vine,Perennial,Angiosperm,Vine,Woody,1902,,28,11,4,8,1,1,,5,6.5,4,8,,19.662,23.5,0,3312,35,60,18.00000001,15.24,20,0.55,1.100000001,0,124
Paspalum conjugatum,PACO14,Poaceae,Graminoid,Perennial,Angiosperm,Graminoid,Herbaceous,1895,Escape,,,,48,,1,Long,5,7,8.246143076,10.24904528,,17.0357751,0.6,0,1700,28,98,1,1,20,1.5,18.60966266,1,131
Paspalum dilatatum,PADI3,Poaceae,Graminoid,Perennial,Angiosperm,Graminoid,Herbaceous,1879,Escape,117,27,463,8,0,1,Long,4.9,7.5,6,9,,17.0357751,1.37,4.999999999,2199.999999,30,65,0.91,1.2,45,0.57,2.940000001,1,147
Paspalum notatum,PANO2,Poaceae,Graminoid,Perennial,Angiosperm,Graminoid,Herbaceous,1913,,,,,11,,,,4.3,8.4,8,10,0,17.0357751,3.32,0,2000,30,98,0.61,0.51,30.48,0.91,3.785092662,1,113
Paspalum urvillei,PAUR2,Poaceae,Graminoid,Perennial,Angiosperm,Graminoid,Herbaceous,1889,Escape,108,18,162,11,,1,Long,5.4,7.9,8,11,,17.0357751,0.73,0,1210.000001,39,98,2.499999999,2,65,1.2,11.85377924,1,137
Passiflora edulis,PAED,Passifloraceae,vine,Perennial,Angiosperm,Vine,Herbaceous,1956,Escape,2,2,0,6,,1,Long,6,8,10,12,0,17.934,15.46,0,2000,31,118,15.00000001,13,20.32,1.259999999,9.546103171,1,70
Pastinaca sativa,PASA2,Apiaceae,Forb,Biennial,Angiosperm,Forb,Herbaceous,1863,Escape,528,33,1081,35,0,1,Short,6,6.5,4,8,,28.01748806,3.07,0,1600,17,34,2,15.24,45.72,1.749999999,5.015968423,1,163
Paulownia tomentosa,PATO2,Scrophulariaceae,Tree,Perennial,Angiosperm,Tree,Woody,1872,Escape,308,37,223,5,,1,Long,4,8,5,10,,,0.23,0,2000,30,59,24.99999999,56,30.48,1.632366495,9.775217247,0,154
Peganum harmala,PEHA,Nitrariaceae,Forb,Perennial,Angiosperm,Forb,Herbaceous,1938,,40,9,6,47,,,,7.5,9.4,8,8,,16.63893511,2.52,59.99999999,3600,5,57.93,0.7,7.31,7.99,0.876810702,0.715427783,1,88
Perilla frutescens,PEFR4,Lamiaceae,Forb,Annual,Angiosperm,Forb,Herbaceous,1868,,201,25,305,18,,0,,5.302968283,7.698374315,10,11,,28.70343763,1.4,0,1200,21.78859595,81.01,0.91,10,13,1.43,6.333622995,1,158
Persicaria hydropiper,PEHY6,Polygonaceae,Forb,Annual,Angiosperm,Forb,Herbaceous,1840,,,,,91,1,1,,5,7.5,3.403448425,8.715588711,,30.31258178,2.02,7.37617988,1500,24,60,0.8,4.81,10,0.6646,1.329237,1,186
Persicaria lapathifolia,PELA22,Polygonaceae,Forb,Annual,Angiosperm,Forb,Herbaceous,1834,,,,,168,1,1,,5.2,8.2,3.540252968,8.920719599,,30.31258178,1.49,0,2230,11,71,1,5.08,20.32,0.7,1.4,1,192
Persicaria longiseta,PELO10,Polygonaceae,Forb,Annual,Angiosperm,Forb,Herbaceous,1910,,,,,26,0,0,,4.8,8,5.31789803,9.209467821,,30.31258178,1.33,0,300,42,44,0.91,3.18,7.62,2.03,5.105504719,1,116
Persicaria maculosa,PEMA24,Polygonaceae,Forb,Annual,Angiosperm,Forb,Herbaceous,1803,,,,,78,0,0,,4,8.5,5.61148401,9.171259287,,28.64023609,1.6,0,1800,20,98,1.2,3,15,0.7707,3.082807349,1,223
Persicaria orientalis,POOR2,Polygonaceae,Forb,Annual,Angiosperm,Forb,Herbaceous,1736,,8,5,0,28,,1,,4.547645859,8.237464308,4.521138128,9.414256994,1,30.31258178,2.759908605,0,3000.000001,21.74564382,97.98,2.44,16.51,25.4,1.311014168,4.105845741,1,290
Persicaria punctata,PEPU18,Polygonaceae,Forb,Annual,Angiosperm,Forb,Herbaceous,1828,,,,,96,,1,,4.722268773,7.890392395,5.202310253,8.561681738,,30.31258178,3.77,0,1500,16.0050066,44.33,1.2,1.91,15.24,0.945173214,4.140887957,1,198
Persicaria wallichii,PEWA18,Polygonaceae,Forb,Perennial,Angiosperm,Forb,Herbaceous,1934,Escape,,,,,,1,Long,4.662205641,7.5,4.001289497,8.199892116,,30.31258178,2.759908605,0,4600,17,34,1.800000001,7.8,27,1.406520427,6.448424163,1,92
Petrorhagia dubia,PEDU2,Caryophyllaceae,Forb,Annual,Angiosperm,Forb,Herbaceous,1941,,44,8,3,24,,,,5.732236662,8.181294096,8,10,,32.91,0.29,0,1800,20,111,0.6,2.5,20,0.931784522,4.9578698,1,85
Phalaris aquatica,PHAQ,Poaceae,Graminoid,Perennial,Angiosperm,Graminoid,Herbaceous,1890,,84,11,3391,27,1,1,,5.4,7.5,8,11,,22.83037468,1.71,0,1700,16,20,2,1.1,60,6.5,54.25823258,1,136
Phalaris canariensis,PHCA5,Poaceae,Graminoid,Annual,Angiosperm,Graminoid,Herbaceous,1909,,9,9,1,2,0,1,,4.518778931,8.488532894,5,9,1,21.892,4.63,0,3000.000001,14,43,0.6,1.2,25,3.849999998,7.699999995,1,117
Phalaris minor,PHMI3,Poaceae,Graminoid,Annual,Angiosperm,Graminoid,Herbaceous,1894,,13,5,0,48,0,1,,4,8,5,9,0,22.83037468,1.59,0,1000,6,67,0.9,1,0.5,4.500000002,12.10854436,1,132
Phellodendron amurense,PHAM2,Rutaceae,Tree,Perennial,Angiosperm,Tree,Woody,1924,,82,21,14,12,,0,,5,8.2,3,7,,11.64109467,9.46,3.958639357,2414.354578,19.2795458,48.8,15.23999999,5.89,38.1,2.829999999,8.998438464,0,102
Phoenix canariensis,PHCA13,Arecaceae,Tree,Perennial,Angiosperm,Tree,Woody,1880,Escape,30,6,1499,1,,0,Long,6.1,7.8,9,11,,16.67897783,1056,200,1000,11,63,18.00000001,216.47,180,0.9,13.64048264,0,146
Phoenix reclinata,PHRE,Arecaceae,Tree,Perennial,Angiosperm,Tree,Woody,1890,,39,4,228,43,,1,,5.527050379,8.768300306,9,11,,16.67897783,364.08,0,3000.000001,20,197,15.19999999,318.32,270,1.390413112,12.86518493,0,136
Photinia serratifolia,,Rosaceae,Tree,Perennial,Angiosperm,Tree,Woody,1927,,32,10,58,6,,0,,6.1,7.8,6,11,,7.287439555,16.346,4.999999999,370,24,47,9.140000001,1.27,20.32,1.097898068,2.266987208,0,99
Phragmites australis subsp. australis,PHAUA7,Poaceae,Graminoid,Perennial,Angiosperm,Graminoid,Herbaceous,1850,,,,,,,,,,,,,,15.02978237,0.1,,1600,8,57,4.57,4,60.96,3.01,,1,176
Phyllanthus tenellus,PHTE5,Phyllanthaceae,Forb,Annual,Angiosperm,Forb,Herbaceous,1925,,2,2,0,8,,0,,5.536401357,8.5,5.983816892,10.27170347,,18.86078,96.18427273,0,800,12.91294318,89.9,0.48,0.9,1.91,0.654735659,1.057795843,1,101
Phyllanthus urinaria,PHUR,Euphorbiaceae,Forb,Annual,Angiosperm,Forb,Herbaceous,1945,Escape,84,10,1,40,,,Long,5.425420169,8.655659499,6.162600505,10.29213382,,18.86078,96.18427273,0,550,11,98,0.6,0.9,2,0.670627099,1.113085016,1,81
Phyllostachys aurea,PHAU8,Poaceae,Graminoid,Perennial,Angiosperm,Graminoid,Herbaceous,1882,Escape,268,31,496,2,,1,Short,5,7.5,4,10,,26.46470061,8.839506508,0,2000,35,65,11.80000001,1.1,8,2.301794458,19.3312623,1,144
Phyllostachys aureosulcata,,Poaceae,Graminoid,Perennial,Angiosperm,Graminoid,Herbaceous,1908,Escape,21,11,7,1,,1,Short,5.030904149,8.014563421,4,11,,26.46470061,8.839506508,0,2000,30.89699978,78.83,5.49,1.33,7.53,2.784105501,13.22850381,1,118
Physalis virginiana,PHVI5,Solanaceae,Forb,Perennial,Angiosperm,Forb,Herbaceous,,,,,,46,,,,5.863151543,8,6,9,0,38.3,1.53,11.39999779,1668.609379,10.23079919,40.84,0.61,1.91,7.62,0.97111556,1.863838258,1,
Phytolacca acinosa,PHAC80,Phytolaccaceae,Forb,Perennial,Angiosperm,Forb,Herbaceous,,,,,,15,,,,5.5,7.5,5.069685077,8.316080868,,51.25,10.88,0,300,24,35,3.000000001,15,30,1.259999999,8.215688527,1,
Phytolacca americana,PHAM4,Phytolaccaceae,Forb,Perennial,Angiosperm,Forb,Herbaceous,,,,,,48,0,1,,4.7,8,4,8,1,51.25,6.3,0.53160929,1000,30,65,3.049999999,17.78,30.48,0.725,2.899999998,1,
Picea abies,PIAB,Pinaceae,Tree,Perennial,Gymnosperm,Tree,Woody,1889,,107,18,14,24,1,1,,5,7,2,7,,6.054248251,6.91,59.34504314,2000,24,60,18.29000001,1.92,2.54,20.01000001,40.02000004,0,137
Picris hieracioides,PIHI,Asteraceae,Forb,Biennial,Angiosperm,Forb,Herbaceous,1864,,,,,45,0,1,,5.614414501,7.376668266,5,9,0,23.78426891,1.1,123.5163675,1743.933497,19.51603117,50.73,1.2,8.66,19.37,1.13,3.490000001,1,162
Pilosella floribunda,,Asteraceae,Forb,Perennial,Angiosperm,Forb,Herbaceous,1879,,,,,24,,0,,5.914469914,7.252161044,6.382037132,9.059156323,,14.48396909,0.15,5.972791125,544.8802413,19.81668685,44.21,0.15,1.55,8.75,2.05,9.300000006,1,147
Pilosella glomerata,,Asteraceae,Forb,Perennial,Angiosperm,Forb,Herbaceous,1828,,,,,21,,,,5.825072289,7.357273514,6.329604255,8.968018564,,14.48396909,0.15,6.471136444,595.596136,19.76425661,44.52,0.273921784,1.82,10.62,1.970913805,8.584764644,1,198
Pilosella officinarum,,Asteraceae,Forb,Perennial,Angiosperm,Forb,Herbaceous,1861,,,,,37,1,1,,6.022453418,6.975114696,6.66186188,8.946637599,0,14.48396909,0.18,10,100,21.40884141,35.46,0.14,1.22,7.94,1.720000001,9.160000004,1,165
Pilosella piloselloides,,Asteraceae,Forb,Perennial,Angiosperm,Forb,Herbaceous,1879,,,,,29,,1,,5.544152672,7.696987905,5.876590036,8.736601007,,14.48396909,0.1,10,1500,18.13101951,53.29,1.02,2.54,15,1.825,7.299999999,1,147
Pimpinella saxifraga,,Apiaceae,Forb,Perennial,Angiosperm,Forb,Herbaceous,1877,,27,5,4,43,0,1,,5.956182617,7.531663652,4,8,,18.80874399,1.19,0,1610.483526,16.43620994,84.97,0.91,13.13,30.48,3.819999997,8.970000001,1,149
Pinus elliottii var. elliottii,PIELE2,Pinaceae,Tree,Perennial,Gymnosperm,Tree,Woody,,,,,,,,0,,,,8,11,,6.270375551,36.63,327,1222,45,59,36,0.1,27.94,22.61,,0,
Pinus sylvestris,PISY,Pinaceae,Tree,Perennial,Gymnosperm,Tree,Woody,1862,,111,22,104,45,0,1,,4,7,2,7,,4.92704888,5.78,0,2600,8,79,30.48,0.2,8.89,22.97999998,45.95999998,0,164
Pinus thunbergii,PITH2,Pinaceae,Tree,Perennial,Gymnosperm,Tree,Woody,1927,,14,6,6,2,0,0,,5.5,8,5,8,,6.270375551,13.83,0,1000,41,61,18.29000001,0.2,10.8,25.4,31.56082761,0,99
Piptatherum miliaceum,PIMI3,Poaceae,Graminoid,Perennial,Angiosperm,Graminoid,Herbaceous,1941,,43,8,183,,0,,,5.661358342,8.028947316,8.238235172,11,,26.46470061,8.839506508,0,1550,13,73,0.933961411,1,30,2.18426049,10.35035769,1,85
Pistacia chinensis,,Anacardiaceae,Tree,Perennial,Angiosperm,Tree,Woody,1940,,29,10,68,15,,0,,5.240221772,8.258248199,6,9,,11.98885398,57.39,212.7553005,2564.810861,19.44853572,29.35,10.7,4.74,30.48,0.905851294,3.002510855,0,86
Pistia stratiotes,PIST2,Araceae,Forb,Perennial,Angiosperm,Forb,Herbaceous,1765,Escape,,,,128,,,Long,4.995294155,7.826304993,8,10,,26.25986536,58.53008,0,1000,15.87093265,80.81,0.15,10,20,0.3,0.633918487,1,261
Pittosporum undulatum,PIUN2,Pittosporaceae,Tree,Perennial,Angiosperm,Tree,Woody,1925,,17,3,36,4,,0,,5.308822909,7.144203546,9,11,,8.30683802,8.35,100,1000,31,106,12,9.42,7.5,1.545736276,20.15264458,0,101
Plantago aristata,PLAR3,Plantaginaceae,Forb,Annual,Angiosperm,Forb,Herbaceous,1869,,,,,42,,,,4.719673454,6.904734325,5.214512242,8.840421584,,22.53061579,1.51,0.917802304,200,18.45806172,34.2,0.41,0.64,15.24,0.646043877,2.213757811,1,157
Plantago lanceolata,PLLA,Plantaginaceae,Forb,Perennial,Angiosperm,Forb,Herbaceous,1895,Contaminant,992,74,40,79,1,1,Long,4.2,7.8,5,9,,19.23134445,1.35,0,1600,20,98,0.41,4.5,20,1.45,2.899999998,1,131
Plantago major,PLMA2,Plantaginaceae,Forb,Perennial,Angiosperm,Forb,Herbaceous,1850,Contaminant,457,72,46,101,0,1,Long,4.8,7.3,3,12,,21.78638514,0.19,0,2100,6,34,0.41,10.16,20.32,0.712,1.424,1,176
Poa annua,POAN,Poaceae,Graminoid,Annual,Angiosperm,Graminoid,Herbaceous,1841,Contaminant,135,44,39,113,0,1,Long,4.8,8.143603461,4,8,,36.7588638,0.26,0,1200,4,17,0.2,0.6,12,1.425,5.699999999,1,185
Poa compressa,POCO,Poaceae,Graminoid,Perennial,Angiosperm,Graminoid,Herbaceous,1872,Escape,514,55,215,47,1,1,Long,5,7.236434058,5,7,1,19.51132182,0.21,1829,2591,12,45,0.6,0.4,12,2.899999999,52.79250187,1,154
Poa humilis,,Poaceae,Graminoid,Annual,Angiosperm,Graminoid,Herbaceous,,,,,,21,1,1,,6,7.5,3,7,,23.52414026,0.29,1220,3659.000001,14.50509241,38.8,0.9,0.5,20,1.625005523,17.31283848,1,
Poa pratensis,POPR,Poaceae,Graminoid,Perennial,Angiosperm,Graminoid,Herbaceous,1911,Escape,,,,153,1,1,Long,6,7.5,3,7,1,27.17865238,0.31,1220,3659.000001,13,109,0.9,0.5,20,0.9,9.640000005,1,115
Poa pratensis subsp. pratensis,POPRP2,Poaceae,Graminoid,Perennial,Angiosperm,Graminoid,Herbaceous,1883,,,,,,,,,6,7.5,3,7,,23.52414026,0.25,1220,3659,10,31,0.9,0.5,20,4.82,,1,143
Poa trivialis,POTR2,Poaceae,Graminoid,Perennial,Angiosperm,Graminoid,Herbaceous,1820,,207,40,29,83,1,1,,4.8,8.072981161,3,7,,30.93111246,0.15,10,699.9999996,20,50,0.08,0.6,20,2.8,5.600000002,1,206
Polycarpon tetraphyllum,POTE,Caryophyllaceae,Forb,Annual,Angiosperm,Forb,Herbaceous,1878,,26,8,1,51,,0,,5.738516157,8.126312021,8,10,,102.6072,0.07,0,2230,13,69,0.2,1,1.5,1.181728695,3.419193087,1,148
Polygonum argyrocoleon,POAR5,Polygonaceae,Forb,Annual,Angiosperm,Forb,Herbaceous,1880,,7,6,0,26,,,,5.391317269,8,6,10,,33.05047143,0.76,29.99999998,1067,13,67,0.8,0.8,5,0.418276896,3.376325479,1,146
Polygonum aviculare,,Polygonaceae,Forb,Annual,Angiosperm,Forb,Herbaceous,1822,Contaminant,176,51,33,99,0,0,Long,5,8.4,2,10,,26.99096612,1.29,29.99999998,3080,8,70,0.2,2,6,0.4025,1.61,1,204
Polygonum perfoliatum,POPE10,Polygonaceae,Vine,Annual,Angiosperm,Vine,Herbaceous,1946,,149,20,725,,,0,,5.5,6.4,4.990801781,9.530863719,,33.05047143,20.72,80.00000003,2300,16,118,6.000000002,5,7,0.518314019,27.65828674,1,80
Polypogon monspeliensis,POMO5,Poaceae,Graminoid,Annual,Angiosperm,Graminoid,Herbaceous,1855,Contaminant,220,31,70,75,0,1,Long,4.8,7.8,7,10,,26.46470061,0.09,29.99999998,2499.000001,7,85,1.02,0.7,1.6,1.513411155,9.672043138,1,171
Polypogon viridis,POVI9,Poaceae,Forb,Perennial,Angiosperm,Forb,Herbaceous,1872,,20,10,2,55,,1,,4.647233257,7.946629595,8,10,,26.46470061,0.09,6.828615481,3000.000001,9,75,1.06073911,0.6,13,1.902688263,13.29886038,1,154
Pontederia crassipes,,Pontederiaceae,Forb,Perennial,Angiosperm,Forb,Herbaceous,1884,,,,,17,,,,6,8,9,10,,11.064,,0,300,10,49,1,15,30,2.616228823,17.13932219,1,142
Populus alba,POAL7,Salicaceae,Tree,Perennial,Angiosperm,Tree,Woody,1875,Escape,223,48,55,43,1,1,Long,7,7,4,9,,11.33186975,0.32,0,3000.000001,12,39,24.38,5,12.7,0.52,1.652918671,0,151
Populus nigra,PONI,Salicaceae,Tree,Perennial,Angiosperm,Tree,Woody,1854,,22,9,48,39,1,1,,5.5,7.5,2,10,,11.07538462,1.04,0,4000.000001,12,39,40,8,8,0.485,0.97,0,172
Populus x canescens,POCA14,Salicaceae,Tree,Perennial,Angiosperm,Tree,Woody,1800,,,,,,,,,6.207107473,7.266346646,3.10081551,9.463629507,,13.30087891,80.31046651,0.052433715,3381.360182,12.33892731,40.97,28.02134599,7.22,10.02,0.508700128,1.306532591,0,226
Potamogeton crispus,,Potamogetonaceae,Forb,Perennial,Angiosperm,Forb,Herbaceous,1860,Release,806,74,324,100,1,1,Long,6.4,8.5,4,12,,60.56666667,2.373125,22.3232659,2100,12,55,1.52,1,10.16,0.5,1.635903665,1,166
Potentilla argentea,,Rosaceae,Forb,Perennial,Angiosperm,Forb,Herbaceous,1830,,81,21,5,55,0,0,,4,6,3,7,,20.41793595,0.1,1239.472132,1165.090118,27.42616261,36.97,0.51,2.54,7.62,0.23,0.464578798,1,196
Potentilla indica,POIN5,Rosaceae,Forb,Perennial,Angiosperm,Forb,Herbaceous,1875,,,,,25,,,,4.696223963,7.5,5,9,,26.08224495,0.28,0,1495.588643,20.85885125,70.5,0.2,3.81,5.08,1.79,1.678520314,1,151
Pourthiaea villosa,,Rosaceae,Tree,Perennial,Angiosperm,Tree,Woody,1860,,,,,11,,,,5.797563993,6.838239633,4,7,,18.32057119,135.4240131,140.5453,1441.038559,29.30636249,42.44,4.570000001,3,8,0.685657668,1.358763475,0,166
Prunella vulgaris,PRVU,Lamiaceae,Forb,Perennial,Angiosperm,Forb,Herbaceous,1909,,,,,167,1,1,,6.1,7.8,4,9,,29.05130894,0.95,0,1720,17,34,0.3,1.5,2.5,0.65,1.299999999,1,117
Prunus avium,PRAV,Rosaceae,Tree,Perennial,Angiosperm,Tree,Woody,1876,,112,27,6,37,1,1,,5.5,7.5,3,8,,13.09706426,183.08,0,1700,26,71,20.00000001,10,20,0.43,1.069477444,0,150
Prunus cerasifera,PRCE2,Rosaceae,Tree,Perennial,Angiosperm,Tree,Woody,1919,,38,12,82,26,0,0,,5.690633502,7.2,5,8,,10.8005,436.62,0,1000,17,69,9.140000001,3.18,7.62,0.332641653,0.772737264,0,107
Prunus cerasus,PRCE,Rosaceae,Tree,Perennial,Angiosperm,Tree,Woody,1827,,7,5,0,1,1,1,,6,7,3,8,,16.99815236,164.43,799.9999999,1800,27.01213216,55.19,9.999999996,6,12.7,0.31,1.24,0,199
Prunus mahaleb,PRMA,Rosaceae,Tree,Perennial,Angiosperm,Tree,Woody,1865,,9,7,1,31,0,1,,5.74376647,7.384271159,4,8,0,18.62166368,79.88,0,640.6000003,23.66244654,60.04,9.999999996,5,5.08,0.35,0.7,0,161
Prunus padus,PRPA5,Rosaceae,Tree,Perennial,Angiosperm,Tree,Woody,1905,,2,1,0,59,1,1,,5.5,7.5,3,6,,20.83242717,77.83,0,1000,16,59,14.92999999,6,13,1.18,3.579603579,0,121
Prunus persica,,Rosaceae,Tree,Perennial,Angiosperm,Tree,Woody,1838,,37,19,2,1,0,0,,6,7,5,9,,15.05252593,2792.31,50.00000001,220,31,55,7.620000001,3.81,15.24,0.3,0.6,0,188
Pseudognaphalium luteoalbum,PSLU6,Asteraceae,Forb,Annual,Angiosperm,Forb,Herbaceous,1978,,36,8,3,113,,,,,,,,,21.76548373,5.651761754,,,,,,,,,,1,48
Psidium cattleyanum,,Lithomyrtus,Shrub,Perennial,Angiosperm,Shrub,Woody,1825,,,,,4,,,,4.511644485,7.537492374,9,12,,4.6641791,875.5617381,0,2300,39,276,3.999999998,6,12,1.087085136,5.755791589,0,201
Pteris vittata,PTVI,Pteridaceae,Forb,Perennial,Fern,Forb,Herbaceous,1887,,42,4,57,97,,1,,7.2,8.8,8,11,,19.70699118,31.3675,0,2000,19,177,0.91,1.2,15,6.779999999,17.58908772,1,139
Puccinellia distans,PUDI,Poaceae,Graminoid,Annual,Angiosperm,Graminoid,Herbaceous,1867,,,,,73,1,,,4.901007943,7.937765827,5.803327968,9.10205583,0,21.99636364,0.23,14.81972563,2700.000001,15.19670443,61.39,0.61,0.4,10.16,2.355376828,6.518591009,1,159
Pueraria montana,PUMO,Fabaceae,Vine,Perennial,Angiosperm,Vine,Herbaceous,1876,,874,45,1120,30,,1,,5.348844699,7.59644032,5,10,,23.47437641,12.32,13.28728574,1500,37,87,9.999999996,20,19,1.099999999,2.199999999,1,150
Pueraria montana var. lobata,PUMOL,Fabaceae,Vine,Perennial,Angiosperm,Vine,Herbaceous,1876,,,,,,,,,5.5,6.5,5,10,,23.47437641,12.32,0,700,47,55,30,19,20,1.1,,1,150
Pyracantha angustifolia,PYAN,Rosaceae,Shrub,Perennial,Angiosperm,Shrub,Woody,1928,,23,10,145,4,,0,,5.5,6.5,5,9,,8.804050115,49.08,1600,3000.000001,18,67,3.000000001,1,5,0.509156546,1.033378702,0,98
Pyracantha coccinea,PYCO2,Rosaceae,Shrub,Perennial,Angiosperm,Shrub,Woody,1885,,29,14,25,15,0,1,,6.1,6.5,6,9,,8.804050115,11.47,0,1500,37,53,5.49,1.5,6.35,0.7,1.548174605,0,141
Pyrus calleryana,PYCA80,Rosaceae,Tree,Perennial,Angiosperm,Tree,Woody,1937,,689,49,630,7,,1,,6,8,5,9,,8.998872715,15.6,0,400,35,55,15.23999999,6,9,0.6,0.899184353,0,89
Pyrus communis,PYCO,Rosaceae,Tree,Perennial,Angiosperm,Tree,Woody,1878,,16,13,0,33,1,1,,5.5,7,4,8,1,7.007047938,31.79,399.9999999,2000,47,59,15.23999999,2.5,7,0.62,1.430538856,0,148
Quercus acutissima,QUAC80,Fagaceae,Tree,Perennial,Angiosperm,Tree,Woody,1924,,42,19,4,12,,1,,4.9,8.205926422,5,8,,15.625,3650.67,0,2199.999999,39,165,18.30000001,6.35,19.05,0.965,1.93,0,102
Ranunculus bulbosus,RABU,Ranunculaceae,Forb,Perennial,Angiosperm,Forb,Herbaceous,1837,,31,16,2,31,1,1,,6.434883794,7.075396619,4.217194457,8.094562131,,18.93921429,2.56,58.43652046,100,25.93151756,33.11,0.4,5.4,5.1,5.599999997,11.20000001,1,189
Ranunculus ficaria,RAFI,Ranunculaceae,Forb,Perennial,Angiosperm,Forb,Herbaceous,1914,,239,35,638,51,,1,,6.259885841,7.8,4,8,,31.7875,5,0,300,21.11783949,44.36,0.3,4,3.7,9.299999997,8.700464418,1,112
Ranunculus muricatus,,Ranunculaceae,Forb,Annual,Angiosperm,Forb,Herbaceous,1871,,35,8,2,43,0,0,,6.293340377,7.744234409,3.971008111,8.551991035,,34.4412948,11.59,4.371589538,699.9999996,22.02482008,49.75,0.279883398,6.5,5,11.59999999,11.09586456,1,155
Ranunculus testiculatus,RATE,Ranunculaceae,Forb,Annual,Angiosperm,Forb,Herbaceous,1932,,,,,29,,,,6.364442314,8.082650913,1.090246898,7.496439027,,34.4412948,1.681677271,600.0000003,1600,17,34,0.08,1.27,3.81,2.812602122,1.572498007,1,94
Raphanus raphanistrum,RARA2,Brassicaceae,Forb,Annual,Angiosperm,Forb,Herbaceous,1856,Contaminant,42,16,6,55,0,0,Short,6.5,7,2,11,0,25.63333333,11.48,0,1100,10,73.8,0.8,5,20,0.6,2.000000001,1,170
Raphanus sativus,RASA2,Brassicaceae,Forb,Annual,Angiosperm,Forb,Herbaceous,1827,,74,11,128,,,0,,5.5,6.8,2,11,,31.46777778,11.76,0,500,20,110,1,20,60,1.05,4.233120105,1,199
Rapistrum rugosum,RARU,Brassicaceae,Forb,Annual,Angiosperm,Forb,Herbaceous,1877,,50,8,357,40,0,0,,5.415414123,6.974318314,8,10,0,23,2.63,0,200,16,43,0.46,3.89,25,0.728361257,3.319360443,1,149
Reynoutria japonica,REJA2,Polygonaceae,Forb,Perennial,Angiosperm,Forb,Herbaceous,1873,,,,,14,1,1,,4.5,7.4,4,8,,18.92,111.537202,0,1000,23,87,3.96,11.43,15.24,1.210000001,7.249999999,1,153
Reynoutria sachalinensis,RESA2,Polygonaceae,Forb,Perennial,Angiosperm,Forb,Herbaceous,1800,,,,,4,1,1,,4.841079265,7.01010586,4,8,,18.92,111.537202,0.298459476,500,20,47,4.999999998,25,40,1.344400554,11.37706518,1,226
Rhamnus cathartica,RHCA3,Rhamnaceae,Tree,Perennial,Angiosperm,Tree,Woody,1839,Escape,547,40,2777,45,0,0,Long,6,8,3,8,,13.85886282,15.16,10,2000,12,47,8.000000004,12.7,7.62,0.58,1.032875388,0,187
Rhaponticum repens,,Asteraceae,Forb,Perennial,Angiosperm,Forb,Herbaceous,1899,Contaminant,,,,24,,,Long,6.1,7.8,2,10,,21.76548373,4.685714286,137.2820255,2250,10,46,0.91,2.5,10,0.785040992,1.595568241,1,127
Rhodomyrtus tomentosa,RHTO10,Lithomyrtus,Tree,Perennial,Angiosperm,Tree,Woody,1926,Escape,21,2,335,18,,,Long,4,6,9,11,,8.787814779,2.1,200,2700.000001,47,153.16,3.000000001,4,8,0.745167018,6.494824644,0,100
Rhodotypos scandens,RHSC3,Rosaceae,Shrub,Perennial,Angiosperm,Shrub,Woody,1917,,93,20,73,5,,0,,5.473285225,7.266296577,4,8,,18.32057119,57.2,15.14359383,1404.495053,26.39059625,59.06,1.83,7.62,15.24,0.4,0.646872755,0,109
Rhynchospora caduca,RHCA9,Cyperaceae,Graminoid,Perennial,Angiosperm,Graminoid,Herbaceous,,,,,,12,,,,5.450635531,7.326326018,7.819372588,9.707867121,,14.266,2.611043478,2.276668592,947.6724925,20.46806683,46.47,1.52,1.35,42.88,0.500404747,3.178250431,1,
Ribes rubrum,RIRU80,Grossulariaceae,Shrub,Perennial,Angiosperm,Shrub,Woody,1861,,4,3,0,6,0,0,,5.5,6,3,7,,29.1139777,4.1,0,2200,,,1.52,11.43,10.16,0.97,,0,165
Ricinus communis,RICO3,Euphorbiaceae,Tree,Perennial,Angiosperm,Tree,Woody,1819,Escape,133,18,1414,3,,0,Short,4.5,8,9,11,,23.88275565,285.36,0,2000,28,91,4.999999998,70,100,0.52,1.716208928,0,207
Robinia hispida,ROHI,Fabaceae,Shrub,Perennial,Angiosperm,Shrub,Woody,1957,,,,,6,,,,6.8,7.2,5,8,,16.4548875,16.54,216.0000001,364.82,23.36058336,32.39,3.049999999,2.54,5.08,0.777173371,4.563920023,0,69
Romulea rosea,,Iridaceae,Forb,Perennial,Angiosperm,Forb,Herbaceous,1941,,20,4,22,1,,1,,4.35377552,8.188582556,8,11,1,19.36104348,3.53,0,49.99999998,17.54710667,44.73,0.544131164,0.15,30,3.053363776,12.99558033,1,85
Romulea rosea var. australis,ROROA,Iridaceae,Forb,Perennial,Angiosperm,Forb,Herbaceous,1999,,,,,,,,,,,8,11,,19.36104348,1.76,,50,,,,0.25,40,,,1,27
Rorippa austriaca,ROAU,Brassicaceae,Forb,Perennial,Angiosperm,Forb,Herbaceous,1917,,2,2,0,23,1,1,,6,7,4,9,0,37.01493761,0.06,999.9999997,1900.000001,15.73280148,34.54,1,2.5,10,0.353650788,1.361901034,1,109
Rorippa sylvestris,ROSY,Brassicaceae,Forb,Perennial,Angiosperm,Forb,Herbaceous,1818,,255,33,8,47,1,1,,5,7.5,5.02301524,9.425823517,0,31.96555556,0.19,0,2500,14,55,0.61,6.6,20,0.48,1.34722,1,208
Rosa bracteata,ROBR,Rosaceae,Vine,Perennial,Angiosperm,Vine,Woody,1892,,42,8,73,4,,1,,4.939014232,7.32544647,4.854394716,8.550783956,0,13.07228653,14.23951175,0,500,22.77409946,54.27,3.000000001,3.1,7.3,0.6,1.621767822,0,134
Rosa canina,ROCA3,Rosaceae,Vine,Perennial,Angiosperm,Vine,Woody,1867,,34,19,27,57,0,1,,5.075466149,6.640647291,3,7,,12.30852831,16.46,100,1500,24,87,3.999999998,2,4,0.58,2.899999998,0,159
Rosa laevigata,ROLA,Rosaceae,Vine,Perennial,Angiosperm,Vine,Woody,1874,,19,5,5,6,,1,,4.509011364,7.906238652,7,9,,13.07228653,14.23951175,200,1600,18.11446631,47.75,18.29000001,0.2,0.6,0.55,1.100000001,0,152
Rosa luciae,ROLU4,Rosaceae,Shrub,Perennial,Angiosperm,Shrub,Woody,,,,,,4,,,,5.056386886,7.77324832,5,9,,13.07228653,8.45,0,500,20.84330297,55.4,0.7,2.21,5.2,0.679128019,1.010286578,0,
Rosa micrantha,ROMI,Rosaceae,Shrub,Perennial,Angiosperm,Shrub,Woody,,,,,,32,0,,,4.947874352,7.480595096,5,9,,12.11428571,14.2,6.42418741,1355.096986,22.18326208,62.64,1.5,3.01,6.5,0.763907693,1.972840741,0,
Rosa multiflora,ROMU,Rosaceae,Vine,Perennial,Angiosperm,Vine,Woody,1866,,1000,57,12319,6,,1,,5,7,3,10,0,20.34,8.35,0,1700,23,85,6.500000002,7.62,15.24,0.8,2.441673716,0,160
Rosa rubiginosa,,Rosaceae,Shrub,Perennial,Angiosperm,Shrub,Woody,1841,,77,24,45,34,0,1,,5.032911921,7.327970285,4,9,,11.63,15.56,29.99999998,1400,23.01603657,58.68,3.049999999,3.72,7.2,0.716325811,2.242573533,0,185
Rosa rugosa,RORU,Rosaceae,Shrub,Perennial,Angiosperm,Shrub,Woody,1871,,93,20,63,7,1,1,,4.7,8.5,2,7,1,10.39219998,9.55,0,1824.714263,34,60,1.83,3.05,5.08,0.5,1,0,155
Rottboellia cochinchinensis,ROCO6,Poaceae,Graminoid,Annual,Angiosperm,Graminoid,Herbaceous,1900,Stowaway,33,6,9,73,,0,Long,5.037372085,7.281890121,6.626450749,10.13613476,,26.46470061,16.66,799.9999999,1300,25,141,3.999999998,2.5,60,1.335062381,55.29346984,1,126
Rubus argutus,RUAR2,Rosaceae,Shrub,Perennial,Angiosperm,Shrub,Woody,1851,Escape,,,,26,,1,Long,4.5,8.5,4,8,,18.81352066,3.400542825,300.0000001,2000,20,59,2.44,5,13,0.496881327,0.806388646,0,175
Rubus bifrons,RUBI,Rosaceae,Shrub,Perennial,Angiosperm,Shrub,Woody,1917,,120,21,1521,12,0,1,,4.864289595,7.85495583,6,9,,18.81352066,2.48,0,1800,15.49322972,82.23,2.44,9,15,0.703201334,1.513676427,0,109
Rubus idaeus,RUID,Rosaceae,Shrub,Perennial,Angiosperm,Shrub,Woody,,,,,,118,1,1,,5,7.5,4,8,,21.20709372,1.74,732.0000001,3569,10,104,3.000000001,7.62,15.24,0.305,0.774480931,0,
Rubus phoenicolasius,RUPH,Acanthaceae,Shrub,Perennial,Angiosperm,Shrub,Woody,1903,,217,28,284,8,,1,,5.377092242,7.2,4,8,,18.81352066,3.400542825,29.99999998,1112,16.26622855,42,2.700000001,10,10,0.508679215,1.203869943,0,123
Ruellia blechum,,Acanthaceae,Forb,Perennial,Angiosperm,Forb,Herbaceous,1930,,21,3,28,33,,,,5.614295572,8.034072506,7.327970798,10.22717883,,26.28146897,2.48275,0,823.0000004,24.99665137,80.35,0.5,1.44,7,1.091907591,2.937562893,1,96
Ruellia simplex,RUSI7,Acanthaceae,Forb,Perennial,Angiosperm,Forb,Herbaceous,1933,Escape,,,,30,,,Short,5.5,7.8,8,10,,26.28146897,2.48275,0.773013523,766.5921515,31,79,1,2,25,1.290958927,5.832456927,1,93
Rumex acetosa,RUAC2,Polygonaceae,Forb,Perennial,Angiosperm,Forb,Herbaceous,1862,,,,,71,0,1,,4.917331148,8,3,7,,31.2337673,0.79,0,3360,11.50596385,35.35,0.61,2,10,3.120000001,6.240000002,1,164
Rumex acetosella,RUAC3,Polygonaceae,Forb,Perennial,Angiosperm,Forb,Herbaceous,1900,,417,59,172,67,1,1,,5.259182178,7.536604022,4,8,,26.4330896,0.69,0,1800,4,14,0.46,2,8,0.85,3.399999999,1,126
Rumex crispus,RUCR,Polygonaceae,Forb,Perennial,Angiosperm,Forb,Herbaceous,1901,,853,84,515,88,0,1,,4.986680586,7.277830009,4,8,,23.91097853,1.51,0,2700.000001,11,101,1.2,7,30,1.01,6.420000002,1,125
Rumex crispus subsp. crispus,RUCRC,Polygonaceae,Forb,Perennial,Angiosperm,Forb,Herbaceous,1700,,,,,,,,,,,4,8,,27.16711559,1.51,,2700,,,1.2,7,30,4.4,,1,326
Rumex longifolius,,Polygonaceae,Forb,Perennial,Angiosperm,Forb,Herbaceous,1901,,44,13,0,40,0,1,,5.087093163,7,4.04677875,7.891500078,,29.9,1.75,100,3000.000001,18.2926753,34.52,1.22,15,60,2,15.66911869,1,125
Rumex obtusifolius,RUOB,Polygonaceae,Forb,Perennial,Angiosperm,Forb,Herbaceous,1840,,455,42,2,46,0,1,,4.727606815,7.4,4,8,,30.19711849,1.49,0,3200,24,71,1.5,15,30,0.775,3.1,1,186
Rumex spinosus,RUSP9,Polygonaceae,Forb,Annual,Angiosperm,Forb,Herbaceous,1880,Contaminant,,,,40,,,Short,,,,,,27.92740083,111.537202,,,,,,,,,,1,146
Rumex stenophyllus,RUST4,Polygonaceae,Forb,Perennial,Angiosperm,Forb,Herbaceous,1905,,25,11,8,31,,0,,5.166504241,7.17827652,9,9,,23.6285,1.1,6.84079931,1250,11,28.1,0.81,6.35,25.4,1.291685099,6.909682712,1,121
Rytidosperma penicillatum,RYPI,Poaceae,Graminoid,Perennial,Angiosperm,Graminoid,Herbaceous,2000,,9,3,10,5,,1,,5.59012367,7,9,10,,19.3,0.89,0,800,27,67,0.9,0.5,30,0.956991133,10.10248696,1,26
Saccharum ravennae,,Poaceae,Graminoid,Perennial,Angiosperm,Graminoid,Herbaceous,1934,Escape,60,22,789,46,0,1,Long,4.8,6.911298882,5,9,,26.46470061,0.4,1200,3000.000001,17,34,4.500000002,2,120,2.315825078,127.1085966,1,92
Sacciolepis indica,SAIN,Poaceae,Graminoid,Annual,Angiosperm,Graminoid,Herbaceous,1871,Contaminant,7,1,0,63,,0,Long,4.880788477,8.242725346,6.085682788,11.26416799,,26.46470061,0.2,0,1700,14.49323892,59.66,0.6,0.7,25,1.13035789,3.551166001,1,155
Sagina procumbens,,Caryophyllaceae,Forb,Perennial,Angiosperm,Forb,Herbaceous,1832,,22,15,0,59,1,1,,4.7,7.9,9,10,,19.25,0.02,0,3500,17,71,0.1,0.2,1,0.957262241,2.624821696,1,194
Sagittaria graminea,SAGR,Alismataceae,Forb,Perennial,Angiosperm,Forb,Herbaceous,,,,,,45,,,,,,4,10,,33.8468,0.15,,,,,1,4,35,14.1,,1,
Salix alba,SAAL2,Salicaceae,Tree,Perennial,Angiosperm,Tree,Woody,1850,,220,28,23,52,0,1,,4.5,7.8,2,9,,10.57150397,0.12,0,2400,16,98,21.32999998,1.59,10.16,0.4125,1.650000001,0,176
Salix atrocinerea,,Salicaceae,Tree,Perennial,Angiosperm,Tree,Woody,1973,,14,6,2,14,,1,,5.507212489,7.5,4.313160129,8.440214193,,11.225,0.13,0,1824.896288,16.54405168,89.24,12,1,3,0.82,4.090263851,0,53
Salix babylonica,,Salicaceae,Tree,Perennial,Angiosperm,Tree,Woody,1856,,38,20,2,6,,1,,5.948213742,6.903693514,6,8,,12.37426808,0.621549252,4.999999999,2000,22,66,15.23999999,1.91,15.24,0.77,6.75927412,0,170
Salix cinerea,SACI,Salicaceae,Shrub/Tree,Perennial,Angiosperm,Tree,Woody,1896,,13,5,7,33,0,1,,5.546821005,7.2,4,8,,9.42294646,0.17,0,1200,20,98,9.999999996,3.5,9,0.4225,1.69,0,130
Salix pentandra,SAPE4,Salicaceae,Shrub/Tree,Perennial,Angiosperm,Tree,Woody,1849,,11,2,0,38,0,1,,6.5,6.847611543,4.279975526,8.378936428,,17.58305237,0.16,200,2100,16,79,18.00000001,5,12,0.605501395,4.986734139,0,177
Salix purpurea,SAPU2,Salicaceae,Shrub,Perennial,Angiosperm,Shrub,Woody,1850,,83,19,1,34,0,1,,5.5,7.787263929,3,7,,6.239953926,0.21,0,1800,20,98,1.52,0.85,10.16,0.43,0.86,0,176
Salsola collina,SACO8,Chenopodiaceae,Forb,Annual,Angiosperm,Forb,Herbaceous,1923,,16,7,2,30,,1,,6.165043763,8.620639297,6.825389837,8.802989509,,9.023654427,0.84,100,2000,14.70248002,55.15,1,0.2,5.08,0.939912297,4.650988633,1,103
Salsola kali,SAKA,Chenopodiaceae,Forb,Annual,Angiosperm,Forb,Herbaceous,1873,Contaminant,270,29,174,37,,0,Short,5.7,8.6,7,10,,9.368571429,5.3,25,2800,6,27,0.5,0.24,0.22,0.9601129,5.48531711,1,153
Salsola kali subsp. tragus,SAKAT3,Chenopodiaceae,Forb,Annual,Angiosperm,Forb,Herbaceous,1874,,,,,,,,,6.1,8.5,5,11,,9.138626761,5.3,0,2800,,69,1.2,0.25,6,0.61,,1,152
Salsola paulsenii,SAPA8,Chenopodiaceae,Forb,Annual,Angiosperm,Forb,Herbaceous,1968,Contaminant,19,5,4,16,,0,Long,6.1,8.5,7,8,,9.138626761,2.345,0,1900.000001,16,55,1,0.2,4.64,0.913596458,4.849224551,1,58
Salsola soda,SASO3,Chenopodiaceae,Forb,Annual,Angiosperm,Forb,Herbaceous,1916,,7,3,59,,,1,,6.561880578,8.727691351,8,11,,9.138626761,2.345,6.324456125,40,16,50.15,0.6,7,0.4,1.31,5.645925479,1,110
Salvia aethiopis,SAAE,Lamiaceae,Forb,Biennial,Angiosperm,Forb,Herbaceous,1921,,97,16,937,25,,,,6.1,7.8,7,11,,23.27319296,2.25,1249.999999,1550,12,35,0.91,9.83,25,0.951628027,3.659140467,1,105
Salvinia minima,,Salviniaceae,Forb,Perennial,Fern,Forb,Herbaceous,1890,Stowaway,108,13,45,27,,1,Long,7.380457392,7.094505336,10,11,,104.126,,6.831972312,100,18.22345972,46.13,0.409115698,1.05,1.5,2.565404299,9.724499221,1,136
Salvinia molesta,,Salviniaceae,Forb,Perennial,Fern,Forb,Herbaceous,1992,Escape,58,15,46,3,,,Long,7.635029458,7.206094878,8,11,,104.126,,16.21158895,100,17,34,0.3,1.8,3,2.279999999,5.610347088,1,34
Sanguisorba minor subsp. balearica,SAMIB2,Rosaceae,Forb,Perennial,Angiosperm,Forb,Herbaceous,2000,,,,,,,,,,,,,,24.8535262,5.848081081,30,2700,10,12,0.7,,20,0.56,,1,26
Scabiosa atropurpurea,SCAT,Caprifoliaceae,Forb,Perennial,Angiosperm,Forb,Herbaceous,1820,,15,4,110,22,,0,,6.01555964,7,4,11,,13.18466667,2.34,7.623306303,430,19,45,0.91,14.11,18.63,3.23997812,12.16474934,1,206
Scaevola taccada,SCTA,Goodeniaceae,Shrub,Perennial,Angiosperm,Shrub,Woody,1960,Escape,,,,64,,,Long,,,10,12,,31.18,117.91,,,20,98,3,7,20,,,0,66
Schinus molle,SCMO,Anacardiaceae,Tree,Perennial,Angiosperm,Tree,Woody,1900,Escape,45,5,494,6,,0,Long,5.219483265,8.896843277,8,12,,8.325666667,30.75,399.9999999,4200,12,31,15.00000001,9,25,1.306597409,4.109103387,0,126
Schinus terebinthifolia,SCTE16,Anacardiaceae,Tree,Perennial,Angiosperm,Tree,Woody,1909,,,,,6,,,,5,9,9,11,,8.437189543,18.14,0,1670,20,59,9.140000001,3.5,10,1.305223401,3.537009468,0,117
Schismus arabicus,SCAR,Poaceae,Graminoid,Annual,Angiosperm,Graminoid,Herbaceous,1937,Escape,65,8,17,33,,1,Short,5.8,8.8,7,10,,26.46470061,0.08,0,2160,4,34,0.23296598,0.2,7,0.966474769,2.053688686,1,89
Schismus barbatus,SCBA,Poaceae,Graminoid,Annual,Angiosperm,Graminoid,Herbaceous,1874,,165,11,166,35,,1,,5.710953934,7.5,9,11,,26.46470061,0.07,5.497562353,1200,5,47,0.3,0.15,10,1.057163187,5.62311109,1,152
Scilla siberica,,Asparagaceae,Forb,Perennial,Angiosperm,Forb,Herbaceous,1895,,52,10,12,10,,1,,5.990004247,8.037404431,2,8,,27.644,2.94075,0,1500,16.79551256,34.7,0.2,2,15,31.65000003,107.5500001,1,131
Scleria lacustris,,Cyperaceae,Graminoid,Perennial,Angiosperm,Graminoid,Herbaceous,1988,,20,2,189,23,,,,5.371191254,7.368881295,7.725325979,9.785895249,,21.42986974,10.43507808,2.897270963,1163.028368,19.97402532,55.25,2,2.5,60,0.622385816,4.56941338,1,38
Scolochloa festucacea,SCFE,Poaceae,Graminoid,Perennial,Angiosperm,Graminoid,Herbaceous,,,,,,42,0,1,,4,6,7.203294086,8.216573284,,26.46470061,1.1,135,2652,18,30,2,1.3,70,2.676542552,44.77682178,1,
Secale cereale,SECE,Poaceae,Graminoid,Annual,Angiosperm,Graminoid,Herbaceous,1830,,14,10,11,1,0,0,,5,7.5,6,9,,30.2745,16.07,8.717019183,1800,7.999999999,50,3.000000001,2,20,8.800000004,107.1019431,1,196
Sedum acre,,Crassulaceae,Forb,Perennial,Angiosperm,Forb,Herbaceous,1853,,32,13,22,44,1,1,,6.5,7.5,3,9,,10.9,0.04,0,2400,24.20125896,78.59,0.1,2.54,2.54,0.76,0.763518222,1,173
Senecio sylvaticus,SESY,Asteraceae,Forb,Annual,Angiosperm,Forb,Herbaceous,1895,,12,5,2,33,0,0,,5.002893227,5.5,5,9,1,34.80423148,0.25,100,300,17,97,0.6,3,7,1.092797432,8.452512177,1,131
Senecio viscosus,,Asteraceae,Forb,Annual,Angiosperm,Forb,Herbaceous,1878,,8,1,0,30,0,0,,4.632926619,7.7,5,9,,22.46666667,0.58,0,1102.409316,3.588426448,27.04,0.61,5.08,10.16,1.55,4.041445162,1,148
Senna obtusifolia,SEOB4,Fabaceae,Shrub,Annual,Angiosperm,Shrub,Woody,1940,Contaminant,,,,46,,,Long,4.6,7.9,5,10,,17.01183571,23.25,0.563247184,3047.510146,25,169,2.499999999,7.62,7.62,0.97047679,2.522237635,0,86
Senna occidentalis,SEOC2,Fabaceae,Shrub,Annual,Angiosperm,Shrub,Woody,1836,,8,4,7,45,,1,,4.7,8.4,9,11,1,17.01183571,16.42,0,1740.000001,35,71,2,3,10,1.276580758,3.331031087,0,190
Sesbania herbacea,SEHE8,Fabaceae,Shrub,Annual,Angiosperm,Shrub,Woody,,,,,,38,,,,5.710224261,8.144041487,6.626007793,9.576369346,,9.48766603,12.56,13.3681706,500,14.70920906,37.68,3.049999999,0.3,1.52,0.679284591,2.869011773,0,
Sesbania punicea,SEPU7,Fabaceae,Tree,Perennial,Angiosperm,Tree,Woody,1872,Escape,134,13,538,6,,1,Long,5.783161815,8.5,8,11,1,9.48766603,76.07,0,200,16,48,4.999999998,2.54,7.62,1.310144702,6.268149679,0,154
Setaria faberi,SEFA,Poaceae,Graminoid,Annual,Angiosperm,Graminoid,Herbaceous,1900,,138,30,17,13,,0,,5.5,8.3,10,12,,23.78215116,1.9,0,100,12,157,1.83,2,40.64,0.825,3.299999999,1,126
Setaria italica,,Poaceae,Graminoid,Annual,Angiosperm,Graminoid,Herbaceous,1820,,6,6,8,2,0,0,,5.5,8.3,10,12,,23.928,2.3,0,2000,12,157,1.5,20.32,30.48,0.55,1.100000001,1,206
Setaria parviflora,SEPA10,Poaceae,Graminoid,Perennial,Angiosperm,Graminoid,Herbaceous,1851,,,,,89,,,,5.465443256,8,6,11,,23.78215116,1.58,0,1470,2,59,0.91,1.02,25.4,2.4,8.550680309,1,175
Setaria pumila,SEPU8,Poaceae,Graminoid,Annual,Angiosperm,Graminoid,Herbaceous,1874,,221,46,7098,128,,0,,5,6.948091107,8,10.05803709,,23.81457143,0.87,0,1680,13,47,0.91,1,40,0.8833,5.300000002,1,152
Setaria verticillata,SEVE3,Poaceae,Graminoid,Annual,Angiosperm,Graminoid,Herbaceous,1895,,5,4,0,116,0,0,,6.1,8,8,10,,23.78215116,0.69,0,550,20,118,0.91,1.69,25.4,0.6,1.606465196,1,131
Setaria viridis,SEVI4,Poaceae,Graminoid,Annual,Angiosperm,Graminoid,Herbaceous,1827,,105,33,14,101,0,0,,5.706617533,8.187387051,5,9,,25.26579867,1.01,5.373970393,1525,11,57,1.83,2.54,40,0.8,1.600000001,1,199
Sherardia arvensis,SHAR2,Rubiaceae,Forb,Annual,Angiosperm,Forb,Herbaceous,1879,,249,28,1,60,0,0,,5.678948495,8.3,8,10.06868353,,22.41808857,1.85,300.0000001,749.9999997,15,109,0.13,0.5,1.3,0.670577177,1.276939807,1,147
Sicyos angulatus,SIAN,Cucurbitaceae,Vine,Annual,Angiosperm,Vine,Herbaceous,,Escape,,,,36,,,Long,4.89405109,8,8,11,,29.03121212,102.21,0,1593.549343,22.97686421,167.7,6.099999998,30,25,3.288499886,14.69522563,1,
Silene armeria,,Caryophyllaceae,Forb,Annual,Angiosperm,Forb,Herbaceous,1820,,4,1,3,,,0,,7.326639724,8.478165304,5,8,,32.35,0.616745618,500,2500,16.9427453,32.07,0.46,1.56,6.3,1.850590649,3.785593664,1,206
Silene flos-cuculi,SIFL5,Caryophyllaceae,Forb,Perennial,Angiosperm,Forb,Herbaceous,,,,,,42,,1,,7.480363488,7.5,5,8,,26.35056343,0.17,551.8762079,891.965649,14.01,22.56450459,0.76,0.51,7.62,2.729999998,5.460000001,1,
Silene gallica,SIGA,Caryophyllaceae,Forb,Annual,Angiosperm,Forb,Herbaceous,1865,Contaminant,77,13,0,36,0,0,Long,7.74049446,8.229661368,3,8,,32.28191571,0.33,0,1000,15,117,0.6,1,3.5,1.42359635,2.93929678,1,161
Silene latifolia,,Caryophyllaceae,Forb,Annual,Angiosperm,Forb,Herbaceous,1865,,311,48,16,56,0,1,,7.811048688,8.887013426,5,9,,21.21789358,0.81,0,1000,19,61,0.6,3.81,10,2.699999998,5.400000002,1,161
Silene latifolia subsp. alba,SILAA3,Caryophyllaceae,Forb,Biennial,Angiosperm,Forb,Herbaceous,1800,,,,,,,,,,,,,,26.35056343,0.92,,1000,,,1,,10,2.7,,1,226
Silene noctiflora,,Caryophyllaceae,Forb,Annual,Angiosperm,Forb,Herbaceous,1838,,5,4,0,37,0,0,,7.942517502,7.5,3.431514245,6.518369884,,21.9,0.99,0,1900.000001,18.52,21.82793119,0.5,2.97,6.24,1.393517942,4.980133005,1,188
Silene vulgaris,SIVU,Caryophyllaceae,Forb,Perennial,Angiosperm,Forb,Herbaceous,1822,,368,49,165,81,0,1,,8,10,4,7,1,29.30529078,1.22,44.31490844,1200,12.36478049,35.01,0.46,3.18,7.62,1.125000001,2.250000001,1,204
Silphium perfoliatum,SIPE2,Asteraceae,Forb,Perennial,Angiosperm,Forb,Herbaceous,,,,,,30,,0,,4.5,7.686010187,3,9,,6.231982981,6.85,2.173927611,2081.951092,16,51,2.44,15.24,15.24,8.300000002,21.70418065,1,
Silybum marianum,SIMA3,Asteraceae,Forb,Annual,Angiosperm,Forb,Herbaceous,1881,Escape,151,23,867,47,0,0,Short,5.646768339,6.933232386,6,9,1,21.76548373,24.22,0,900.0000003,12,101,2,25.4,50.8,0.81,3.587535093,1,145
Sinapis alba,,Brassicaceae,Forb,Annual,Angiosperm,Forb,Herbaceous,1902,,1,1,1,61,0,0,,4.5,8.2,5,9,,23.01714286,5.25,8.614206083,1500,14,70,0.8,8,20,0.51,1.01,1,124
Sinapis arvensis,SIAR4,Brassicaceae,Forb,Annual,Angiosperm,Forb,Herbaceous,1753,,42,20,7,71,0,0,,4.781513384,7.5,5,9,0,38.64726053,1.74,0,1800,12,69,0.76,7.62,15.24,0.58,1.16,1,273
Sisymbrium altissimum,SIAL2,Brassicaceae,Forb,Annual,Angiosperm,Forb,Herbaceous,1878,,508,38,628,37,0,0,,4.9,8.6,5,10,1,21.45666667,0.19,0,2780.000001,9,79,1.52,10,20,0.26,0.52,1,148
Sisymbrium irio,SIIR,Brassicaceae,Forb,Annual,Angiosperm,Forb,Herbaceous,1880,Contaminant,166,19,53,53,,0,Short,5.297631491,7.5,8,10,1,22.94667143,0.1,0,1700,5,51.06,0.91,7.62,15.24,0.53,1.918821004,1,146
Sisymbrium officinale,SIOF,Brassicaceae,Forb,Annual,Angiosperm,Forb,Herbaceous,1909,,74,24,136,57,0,0,,5.46961995,8.189841168,5,9,1,31.18285714,0.32,6.910463866,2199.999999,15,85,0.76,5.08,15.24,0.24,0.48,1,117
Sisymbrium orientale,SIOR4,Brassicaceae,Forb,Annual,Angiosperm,Forb,Herbaceous,1915,,33,6,82,36,0,0,,5.4,8.5,7,10,1,22.325,0.24,0,2430,7,47,0.85,6,10,0.31,0.638925658,1,111
Solanum americanum,SOAM4,Solanaceae,Shrub,Annual,Angiosperm,Shrub,Woody,,,,,,60,,1,,6.012883587,8.714513675,4.498953279,10.67050787,1,12.23678545,0.51,0,2926,3,68.8,1.22,7.62,7.62,1.03779225,1.489135163,0,
Solanum aviculare,,Solanaceae,Shrub,Perennial,Angiosperm,Shrub,Woody,1908,,19,3,57,8,,1,,6.420936696,7.146649624,8,11,1,12.23678545,0.81,15.04957966,100,18.25576529,42.38,3.000000001,35,36,0.9,4.236408739,0,118
Solanum diphyllum,SODI2,Solanaceae,Shrub,Perennial,Angiosperm,Shrub,Woody,1957,,25,2,29,11,,1,,6.010440498,7.454035401,9,11,1,12.23678545,117.8083334,8.102728493,250,8.996334161,38.15,2,2.2,6.8,1.400600566,7.300607257,0,69
Solanum dulcamara,SODU,Solanaceae,Vine,Perennial,Angiosperm,Vine,Woody,1780,,772,56,116,83,1,1,,7.2,8.29,4,8,1,33.36697083,26.44,0,2133,32,45,3.049999999,7.62,7.62,1.099999999,2.076266342,0,246
Solanum elaeagnifolium,SOEL,Solanaceae,Shrub,Perennial,Angiosperm,Shrub,Woody,1958,Contaminant,,,,22,,,Long,6,7,7,10,,12.23678545,4.41,200,699.9999996,2,34,0.5,4,10,0.795378261,2.624314435,0,68
Solanum nigrum,SONI,Solanaceae,Shrub,Annual,Angiosperm,Shrub,Woody,1822,,59,29,9,85,0,0,,5.378202338,8.127941462,10,11,1,25.225,0.77,0,3500,20,106,1,7.62,10.16,3.100000002,8.696232272,0,204
Solanum physalifolium,SOPH,Solanaceae,Forb,Annual,Angiosperm,Forb,Herbaceous,1884,,6,6,0,3,,1,,6.308036335,7.823590552,8,10.13388338,1,12.23678545,117.8083334,10.08706084,1000,10,47,0.91,3.2,6,0.822532315,1.666138073,1,142
Solanum pseudocapsicum,SOPS,Solanaceae,Shrub,Perennial,Angiosperm,Shrub,Woody,1888,,2,2,1,12,,1,,6.077223573,7.071387235,8,9,1,12.23678545,2.78,20.75633932,458.2102798,10.77326539,29.77,0.91,2.54,7.62,1.299999999,5.471627413,0,138
Solanum rostratum,SORO,Solanaceae,Forb,Annual,Angiosperm,Forb,Herbaceous,1877,Contaminant,,,,34,,1,Short,5,8.2,8,10,1,12.23678545,2.63,0,1900.000001,9,65,1.5,12.7,15.24,1.503278959,3.583432215,1,149
Solanum triflorum,SOTRI,Solanaceae,Forb,Annual,Angiosperm,Forb,Herbaceous,,,,,,29,,0,,6.1,7.8,3,10,1,12.23678545,1.04,100,2300,7.349152365,39.96,0.8,2,5,0.644176666,1.134489414,1,
Soliva sessilis,SOSE2,Asteraceae,Forb,Annual,Angiosperm,Forb,Herbaceous,1881,,32,15,4,11,,0,,5.613946092,7.8,7,9,,21.76548373,0.94,0,1500,15,79,0.05,1.27,1.91,1.802538546,1.599569281,1,145
Sonchus arvensis subsp. arvensis,SOAFARA2,Asteraceae,Forb,Perennial,Angiosperm,Forb,Herbaceous,1814,,,,,,,,,,,8,10,,29.3274611,0.49,130,1800,18,101,1.22,15,40,3.1,,1,212
Sonchus arvensis subsp. uliginosus,SOARU,Asteraceae,Forb,Perennial,Angiosperm,Forb,Herbaceous,1902,,,,,,,,,,,,,,29.3274611,0.45,,1800,,,1.22,5.08,30.48,3.1,,1,124
Sonchus asper,SOAS,Asteraceae,Forb,Annual,Angiosperm,Forb,Herbaceous,1904,Contaminant,270,70,22,95,0,0,Long,6.5,9,2,10,1,24.1478617,0.28,750.0000002,3700,12,118,0.5,15.24,15.24,0.69,1.067761445,1,122
Sonchus oleraceus,SOOL,Asteraceae,Forb,Annual,Angiosperm,Forb,Herbaceous,1817,,168,47,16,73,0,0,,5,8,7,9,1,37.96521518,0.32,0,2650,12,110,1.5,10,25,0.8,3.2,1,209
Sorbaria sorbifolia,SOSO2,Rosaceae,Shrub,Perennial,Angiosperm,Shrub,Woody,1859,,53,11,34,16,,0,,5.78987322,6.985265019,2,8,,16.42037266,50.3,250,1500,32.01139876,51.2,3.049999999,15,30,0.588550213,1.06983309,0,167
Sorbus aucuparia,SOAU,Rosaceae,Tree,Perennial,Angiosperm,Tree,Woody,1867,,76,24,13,39,0,1,,5.5,7.343821142,3,7,0,10.74308538,6.32,600.0000003,2100,20,53,12.19000001,2,6,0.71,1.420000001,0,159
Sorghum bicolor,SOBI2,Poaceae,Graminoid,Annual,Angiosperm,Graminoid,Herbaceous,1849,,25,16,1,7,,1,,4.3,8.7,2,11,,20.7433,13.21,0,2199.999999,8,161,0.91,7.62,15.24,0.7,2.45,1,177
Sorghum halepense,SOHA,Poaceae,Graminoid,Perennial,Angiosperm,Graminoid,Herbaceous,1820,Release,657,60,2323,37,1,1,Long,4.9,8.2,6,10,,20.7433,5.08,0,1160,12,79,3.660000001,3,60,1.7,32.46388619,1,206
Spartium junceum,SPJU2,Fabaceae,Shrub,Perennial,Angiosperm,Shrub,Woody,1873,,93,12,674,18,0,1,,5,8.1,7,11,,23.47437641,14.54,0,2280.000001,13,73,3.999999998,1.05,2.5,0.695650094,1.95039284,0,153
Spergula arvensis,,Caryophyllaceae,Forb,Annual,Angiosperm,Forb,Herbaceous,1832,,17,7,1,67,0,0,,4.6,5,7.089435596,7.687508571,,18.88222222,0.36,1861.551763,2500,30.24846162,29.54,0.5,0.08,3.5,1.099999999,37.66712628,1,194
Spergularia rubra,,Caryophyllaceae,Forb,Annual,Angiosperm,Forb,Herbaceous,1843,,54,15,32,62,0,0,,4.7,8.1,5,10,,17.86939208,0.06,0,2889.999999,15,89,0.15,0.12,2.5,0.55,1.248144557,1,183
Sphaerophysa salsula,SPSA3,Fabaceae,Forb,Perennial,Angiosperm,Forb,Herbaceous,1929,,18,8,22,17,,1,,6.27463123,7.572007429,5.846453664,8.767929395,,23.47437641,3.57,60.81381252,500,17.67622399,35.94,1.52,0.8,2.03,0.86525352,7.68811238,1,97
Sphagneticola trilobata,SPTR6,Asteraceae,Forb,Perennial,Angiosperm,Forb,Herbaceous,1929,Escape,72,4,868,24,,,Short,6,7,9,11,,21.76548373,5.651761754,0,1300,39,98,0.6,5,10,3.110000001,10.03702871,1,97
Spiraea japonica,SPJA,Rosaceae,Shrub,Perennial,Angiosperm,Shrub,Woody,1896,,77,19,83,7,,1,,5,6.8,3,8,,15.75535699,0.05,0,1500,35,60,1.83,4,10,0.634864881,0.984366089,0,130
Spiraea prunifolia,SPPR,Rosaceae,Shrub,Perennial,Angiosperm,Shrub,Woody,1862,,11,9,1,4,,1,,5.2,7.276063224,4,8,,15.75535699,0.0888,0,1500,35,60,2.44,2,7.62,0.591518158,0.960184263,0,164
Spiraea thunbergii,SPTH2,Rosaceae,Shrub,Perennial,Angiosperm,Shrub,Woody,1912,,7,4,0,2,,1,,5.291913706,7.3,4,8,,15.75535699,0.0888,0,500,33.21873121,46.02,1.52,0.64,3.81,0.482977418,0.70803152,0,114
Spirodela punctata,SPPU4,Araceae,Forb,Perennial,Angiosperm,Forb,Herbaceous,1930,,,,,24,,,,5.3,7,8,10,,29.81,58.53008,25,2280.000001,19,73,0.48434426,2.81,4.39,0.37,4.455910588,1,96
Sporobolus alterniflorus,SPAL8,Poaceae,Graminoid,Perennial,Angiosperm,Graminoid,Herbaceous,,,,,,36,1,1,,6,8.5,5,11,,1.73495,0.419195455,0,9.999999999,10.80732325,60.73,3.000000001,2.5,5,1.128509625,4.369519109,1,
Sporobolus anglicus,SPAN14,Poaceae,Graminoid,Perennial,Angiosperm,Graminoid,Herbaceous,1961,Release,,,,1,1,1,Long,6.037278114,8.069714139,9,9,,1.73495,0.419195455,0,121.8070048,41,41,1,1.5,46,0.711040722,2.024364906,1,65
Sporobolus indicus,,Poaceae,Graminoid,Perennial,Angiosperm,Graminoid,Herbaceous,1842,,43,9,143,52,,0,,4.5,5,8,11,,1.73495,0.17,0,4000.000001,19,97,0.91,0.5,30,1.536688926,47.7711104,1,184
Sporobolus montevidensis,,Poaceae,Graminoid,Perennial,Angiosperm,Graminoid,Herbaceous,,,,,,9,,,,5.404857218,6.681432403,9,10,,1.73495,0.419195455,0,130,17,45,1.5,0.8,43,1.256546447,16.05943079,1,
Sporobolus pumilus,SPPU9,Poaceae,Graminoid,Perennial,Angiosperm,Graminoid,Herbaceous,,,,,,38,0,0,,,,,,,9.33,1.73,,,,,,,,,,1,
Stachys floridana,STFL4,Lamiaceae,Forb,Perennial,Angiosperm,Forb,Herbaceous,1950,,,,,1,,,,5.035192753,7.5,6.016464809,9.606059443,,29.75285057,2.137142857,10.27532838,1271.170652,16.49341364,57.63,0.61,5.06,7.62,1.272010299,4.01802894,1,76
Stellaria aquatica,STAQ4,Caryophyllaceae,Forb,Perennial,Angiosperm,Forb,Herbaceous,1878,,,,,61,1,1,,5.937789135,7.356284783,4.32817846,8.640202262,,38.69975152,0.17,34.64808344,1684.991108,22.60772677,71.11,0.61,2.54,6.35,1.026179406,22.7412031,1,148
Stellaria graminea,,Caryophyllaceae,Forb,Perennial,Angiosperm,Forb,Herbaceous,1824,,60,21,1,56,1,1,,5.956865056,7.5,4,8,,32.70140609,0.26,34.11155789,1220,21.33226841,56.68,0.51,0.7,4,0.96,18.2803754,1,202
Stellaria pallida,STPA13,Caryophyllaceae,Forb,Annual,Angiosperm,Forb,Herbaceous,,,,,,,0,1,,6.046284301,7.048993852,3.666305894,8.090887966,,43.1,0.13,450.0000002,1500,21.59074509,52.85,0.51,0.7,1.5,0.650124327,12.18761529,1,
Stenotaphrum secundatum,STSE,Poaceae,Graminoid,Perennial,Angiosperm,Graminoid,Herbaceous,1867,Release,,,,59,,1,Short,5,8.5,7,12,,26.46470061,1.77,150,800,39,79,0.2,2.54,15.24,0.54,0.715533933,1,159
Streptopus amplexifolius,STAM2,Liliaceae,Forb,Perennial,Angiosperm,Forb,Herbaceous,,,,,,64,,,,5.441393662,7.418558221,4,8,,47.65873182,1.09,250,1700,22.4,152.2,1.22,7.62,15.24,6.549999996,76.62444464,1,
Striga asiatica,STAS2,Orobanchaceae,Forb,Annual,Angiosperm,Forb,Herbaceous,1950,Contaminant,,,,53,,,Short,5.006766338,8.393139678,4.003644125,8.696707273,,27.26261852,0.15,799.9999999,4000.000001,13.50162977,63.03,0.4,0.4,3.7,0.595883112,1.125078957,1,76
Strigosella africana,,Brassicaceae,Forb,Annual,Angiosperm,Forb,Herbaceous,1895,,,,,45,,,,5.616001992,7.343802417,4.249901252,8.83391474,,28.4481321,672.3876916,1219,1829,14.85257798,40.99,0.46,3.5,10,0.294475125,0.853606141,1,131
Syagrus romanzoffiana,SYRO4,Arecaceae,Tree,Perennial,Angiosperm,Tree,Woody,1907,,41,3,167,7,,0,,6,6.5,9,11,,16.67897783,3020.56,0,1000,20,118,21.00000001,150.14,91.44,3.100000002,229.4142547,0,119
Symphytum officinale,SYOF,Boraginaceae,Forb,Perennial,Angiosperm,Forb,Herbaceous,1822,,56,23,9,29,0,0,,6,7,4,8,,26.01683775,11.13,5,1150,19,41,0.91,15.24,15.24,1.150000001,4.249999999,1,204
Syngonium podophyllum,SYPO,Araceae,Vine,Perennial,Angiosperm,Vine,Woody,1938,Escape,44,3,344,26,,,Short,5.5,6,10,12,,26.25986536,58.53008,0,1000,2,39.41,9.999999996,17,38,4.849999999,1562.24458,0,88
Syringa reticulata,,Oleaceae,Tree,Perennial,Angiosperm,Tree,Woody,1932,,29,11,51,11,,0,,5,7.5,3,7,,13.02855078,13.04,0.221551953,2181.675911,25.18078471,48.88,9.140000001,7.62,15.24,1.279508599,2.300035604,0,94
Syringa vulgaris,SYVU,Oleaceae,Shrub,Perennial,Angiosperm,Shrub,Woody,1822,,71,23,113,4,1,1,,6.5,7,3,7,,12.47235386,5.57,0,3000.000001,16,30,4.879999999,7.62,15.24,1.2,2.103060516,0,204
Syzygium cumini,SYCU,Lithomyrtus,Tree,Perennial,Angiosperm,Tree,Woody,1911,Release,30,2,162,23,,1,Long,5,7,10.3613074,12.17580835,,12.42673893,835.75,0,1800,24,197,30.00000002,10,25,1.830000001,38.63733118,0,115
Syzygium jambos,SYJA,Lithomyrtus,Tree,Perennial,Angiosperm,Tree,Woody,1912,Escape,17,2,3,10,,0,Long,5.5,7,9,12,,12.42673893,1339.883,0,2350,39,157,15.00000001,6,24,1.620607138,19.06687077,0,114
Tagetes minuta,TAMI3,Asteraceae,Tree,Annual,Angiosperm,Tree,Woody,1932,Escape,1,1,0,11,,1,Long,4.943582545,7.7,8.882415498,10.27250629,,21.76548373,0.98,0,1000,25.52428991,61.29,1.539177281,5.05,9.49,1.791837528,6.697918288,0,94
Tamarix africana,TAAF,Tamaricaceae,Shrub,Perennial,Angiosperm,Shrub,Woody,1877,,5,3,4,13,0,1,,5.533008063,8.088951505,5.968055815,9.456235372,,,0.12,0,300,16.41850926,49.43,4.999999998,0.9,7,1.650000001,11.86026885,0,149
Tamarix aphylla,TAAP,Tamaricaceae,Tree,Perennial,Angiosperm,Tree,Woody,1932,Escape,71,12,421,28,,1,Long,6,8.5,7,10,,,1,0,1524.000001,16,33,18.00000001,0.49,0.15,1.370008519,10.80357009,0,94
Tamarix chinensis,TACH2,Tamaricaceae,Tree,Perennial,Angiosperm,Tree,Woody,1916,Escape,121,21,129,4,,1,Long,5.696910052,7.909897536,2,9,,,0.51,30,1300,16,19,4.570000001,0.5,0.3,0.830519389,3.355408608,0,110
Tamarix gallica,TAGA,Tamaricaceae,Tree,Perennial,Angiosperm,Tree,Woody,1877,Escape,13,5,11,15,0,1,Long,5.779896635,7.44480869,4,8,,,0.03,0,300,8,41,3.999999998,0.26,0.2,0.76033128,4.667105388,0,149
Tamarix parviflora,TAPA4,Tamaricaceae,Tree,Perennial,Angiosperm,Tree,Woody,1885,Escape,51,16,39,8,0,1,Long,5,8,8,10,,,0.51,0,1680,9,59,4.999999998,0.15,0.25,1.232241024,8.823086249,0,141
Tamarix ramosissima,TARA,Tamaricaceae,Tree,Perennial,Angiosperm,Tree,Woody,1877,,794,47,8761,26,,1,,5,9,2,11,,,0.15,0,2500,3,98,8.000000004,0.2,0.35,1.055554317,2.995756121,0,149
Tanacetum parthenium,,Asteraceae,Forb,Perennial,Angiosperm,Forb,Herbaceous,1829,,29,16,10,14,0,0,,6,6.7,5,8,,36.3,0.12,45.13943212,2100,16.04133561,31.16,0.91,6.35,15.24,2.271347338,17.7545304,1,197
Taraxacum erythrospermum,TAER3,Asteraceae,Forb,Perennial,Angiosperm,Forb,Herbaceous,1941,,,,,32,0,0,,5.5,8.2,9,10,,20.606,0.34,0,2250,17,107,0.6,3.81,25.4,1.943021256,5.907754721,1,85
Terminalia catappa,TECA,Combretaceae,Tree,Perennial,Angiosperm,Tree,Woody,1896,Escape,14,3,67,47,,1,Long,5,7,10,12,,13.2946091,2480.62,300.0000001,800,39,138,34.99999999,19,38,3.982234551,177.1734323,0,130
Terminalia muelleri,TEMU2,Combretaceae,Tree,Perennial,Angiosperm,Tree,Woody,1930,,7,2,10,2,,0,,5.309104694,7.246280621,10,11,,17.58067081,1076.309823,0,500,17,39,10.67,10,20,5.100000001,73.60907435,0,96
Tetragonia tetragonioides,,Aizoaceae,Forb,Annual,Angiosperm,Forb,Herbaceous,1891,Escape,26,4,73,,,,Long,5.8,8,2,11,,,0.68,600.0000003,1700,24,71,0.61,6.12,7.6,0.581069637,1.338305319,1,135
Thelypteris dentata,THDE4,Aspleniaceae,Forb,Perennial,Fern,Forb,Herbaceous,1900,Contaminant,,,,104,,,Long,,,,,,35.06690909,,,,,,,,,,,1,126
Thespesia populnea,,Malvaceae,Tree,Perennial,Angiosperm,Tree,Woody,1930,Escape,23,3,211,63,,1,Long,6.5,8,10,12,,13.66603919,125.57,0,1500,39,118,9.999999996,4,10,4.099999998,161.7540766,0,96
Thinopyrum intermedium,THIN6,Poaceae,Graminoid,Perennial,Angiosperm,Graminoid,Herbaceous,1886,,212,26,86,34,,1,,5.6,8.4,3,7,,26.46470061,5.7,3500,8999.999999,12,45,1.22,0.95,15.24,1.116606257,3.826965606,1,140
Thinopyrum obtusiflorum,,Poaceae,Graminoid,Perennial,Angiosperm,Graminoid,Herbaceous,,,,,,13,,,,6.6,10.1,6,10,,26.46470061,5.7,0,1600,10,28,0.64,0.65,16.96,1.462308072,2.245052301,1,
Thlaspi arvense,THAR5,Brassicaceae,Forb,Annual,Angiosperm,Forb,Herbaceous,1861,Contaminant,261,39,32,72,0,0,Long,5,7.9,5,10,1,24.56522634,1.02,25,2320,1,100,0.51,7.62,15.24,0.52,1.04,1,165
Thunbergia alata,THAL3,Acanthaceae,Vine,Perennial,Angiosperm,Vine,Herbaceous,1928,Escape,4,1,0,29,,1,Short,6.1,7.8,10,11,,26.28146897,25.11,0,900.0000003,24,98,3.000000001,6,10.5,1.705212089,14.40752125,1,98
Torilis arvensis,TOAR,Apiaceae,Forb,Annual,Angiosperm,Forb,Herbaceous,1898,,234,36,282,48,0,0,,5,8.2,7,10,,28.044,2.02,0,1600,15,117,0.91,15.24,15.24,1.08802735,2.402583125,1,128
Torilis arvensis subsp. arvensis,TOAR,Apiaceae,Forb,Annual,Angiosperm,Forb,Herbaceous,1979,,234,36,282,,,,,,,,,,23.83375,2.56,,1600,18,33,0.91,1.91,5.08,2,,1,47
Torilis japonica,TOJA,Apiaceae,Forb,Annual,Angiosperm,Forb,Herbaceous,1897,,106,22,73,54,0,0,,5.491905888,8.275992366,6,12,,28.06666667,1.73,500,3000.000001,27,67,1.22,10.16,12.7,2.3,4.6,1,129
Tradescantia fluminensis,TRFL,Commelinaceae,Forb,Perennial,Angiosperm,Forb,Herbaceous,1951,Escape,49,7,319,6,,1,Short,5.099652058,6.614335636,9,12,,45.06317391,3.048428571,70,255,23,59,0.23,2.54,7.62,7.424999997,72.23783104,1,75
Tradescantia spathacea,TRSP8,Commelinaceae,Forb,Perennial,Angiosperm,Forb,Herbaceous,1904,Escape,31,3,154,5,,1,Long,5,6,9,11,,35.18404712,3.048428571,139.5045378,358.8594449,32.36783871,45.02,0.3,7.62,15.24,7.750000004,140.0120815,1,122
Tragopogon dubius,TRDU,Asteraceae,Forb,Biennial,Angiosperm,Forb,Herbaceous,1895,,836,65,73,41,0,0,,5.1,8.5,4,8,1,25.38,9.17,9,2499.000001,6,123,0.91,1.27,30.48,2.939999998,5.879999999,1,131
Tragopogon porrifolius,TRPO,Asteraceae,Forb,Biennial,Angiosperm,Forb,Herbaceous,1822,,74,23,23,20,0,0,,5.2,7.8,5,9,1,29.513145,13.27,0,1300,14,55,1.37,2.54,2.54,3.2925,6.585000002,1,204
Tragopogon pratensis,,Asteraceae,Forb,Biennial,Angiosperm,Forb,Herbaceous,1827,,81,29,1,30,0,0,,6,6.8,3,7,1,25.03222222,5.27,900.0000004,1800,13.52206748,19.74,0.91,2.54,15.24,2.770000001,5.539999997,1,199
Trapa natans,,Trapaceae,Forb,Perennial,Angiosperm,Forb,Herbaceous,1859,Escape,106,16,1020,87,,1,Long,4.2,8.3,6,12,,14.9,834,0,1500,2,59,4.999999998,8,6,0.728120044,1.541366315,1,167
Triadica sebifera,TRSE6,Euphorbiaceae,Tree,Perennial,Angiosperm,Tree,Woody,1855,Escape,475,24,3202,7,,1,Long,5,8,8,11,,23.88275565,146.43,0,1600,28,118,18.00000001,9,13,1.290391819,9.919781035,0,171
Tribulus cistoides,TRCI2,Zygophyllaceae,Vine,Perennial,Angiosperm,Vine,Herbaceous,1903,Unaided,10,3,20,35,,0,Long,5.25853796,8.164922959,9,11,1,2.87000132,19.38954545,0,1300,12,59,0.9,2.6,8.5,0.998728097,2.60783632,1,123
Tribulus terrestris,TRTE,Zygophyllaceae,Forb,Annual,Angiosperm,Forb,Herbaceous,1898,Contaminant,466,45,759,123,,0,Long,5.2,8.8,6,10,,2.87000132,16.53,0,2270.000001,6,69,0.5,0.5,1.27,0.576376879,0.80132302,1,128
Trifolium arvense,TRAR4,Fabaceae,Forb,Annual,Angiosperm,Forb,Herbaceous,1816,,184,39,6,59,0,0,,4.9,7.8,3,11,,19.51189041,0.42,0,1300,20,115,0.41,2.54,2.54,0.385,0.77,1,210
Trifolium aureum,TRAU2,Fabaceae,Forb,Annual,Angiosperm,Forb,Herbaceous,1840,,69,18,4,36,0,0,,4.959726251,8.23012403,5.21366276,9.805413613,,38.0065,0.26,0,1700,15.07083995,76.34,0.6,0.9,2.5,0.378,0.756,1,186
Trifolium campestre,TRCA5,Fabaceae,Tree,Annual,Angiosperm,Tree,Herbaceous,1828,,162,41,82,62,0,0,,4.8,7.8,5,10,,27.08333333,0.32,0,1440.000001,17,63,0.25,0.8,1.6,0.371,0.742,1,198
Trifolium dubium,TRDU2,Fabaceae,Forb,Annual,Angiosperm,Forb,Herbaceous,1852,,78,32,25,40,0,0,,5,7.9,8,10,,45.08801375,0.39,0,1850,17,111,0.51,0.8,1.5,0.365,1.460000001,1,174
Trifolium hirtum,TRHI4,Fabaceae,Forb,Annual,Angiosperm,Forb,Herbaceous,1949,,75,7,112,22,,1,,5.5,8.3,8,10,,16.42385,3.2,0,1066,14,105,0.61,3,8,0.68,1.541745507,1,77
Trifolium hybridum,TRHY,Fabaceae,Forb,Perennial,Angiosperm,Forb,Herbaceous,1901,Escape,185,41,6,18,0,1,Long,5.6,7.5,5,10,,25.24627288,0.74,0,2270.000001,18,60,0.61,0.85,2.54,0.62,2.170000001,1,125
Trifolium incarnatum,,Fabaceae,Forb,Annual,Angiosperm,Forb,Herbaceous,1835,,513,55,0,30,0,0,,5,8.5,3,10,,27.10595633,3.21,0,1360,15,83,0.61,0.85,7.62,0.667,1.334,1,191
Trifolium pratense,TRPR2,Fabaceae,Forb,Biennial,Angiosperm,Forb,Herbaceous,1902,,1407,80,151,66,0,1,,4.9,8.1,3,10,0,22.58402994,1.33,0,2900,14,83,0.61,2.54,7.62,0.427,0.854,1,124
Trifolium repens,TRRE3,Fabaceae,Forb,Perennial,Angiosperm,Forb,Herbaceous,1871,,1850,84,187,76,1,1,,4.7,8.6,3,10,0,31.78242362,0.66,0,2630,11,95,0.15,2.54,2.54,0.53,2.119999999,1,155
Tripleurospermum inodorum,TRIN11,Asteraceae,Forb,Annual,Angiosperm,Forb,Herbaceous,1930,,,,,48,0,0,,5.963387184,7.8,5,7,,22.40518553,0.37,0,1500,10.60416892,28.85,0.81,1.14,8,1.644751981,6.498925604,1,96
Triticum aestivum,,Poaceae,Graminoid,Annual,Angiosperm,Graminoid,Herbaceous,1877,,46,22,10,7,0,0,,5.5,7.155765685,10,12,,22.71666667,37.07,1200,3000.000001,12,63,1.16,25,60,5.766699997,34.60000002,1,149
Tropaeolum majus,,Solanaceae,Shrub,Annual,Angiosperm,Shrub,Herbaceous,1821,,32,5,81,1,,1,,5.1,8.6,2,11,,29.485,146.7,0,1060,2,65,3.049999999,15.24,15.24,1.4,3.700000001,1,205
Tussilago farfara,TUFA,Asteraceae,Forb,Perennial,Angiosperm,Forb,Herbaceous,1829,,319,28,189,77,1,1,,4.5,6.5,4,8,,19.625,0.35,0,3496.999999,19,33,0.51,17.78,2.5,1.665,3.329999999,1,197
Typha angustifolia,TYAN,Typhaceae,Graminoid,Perennial,Angiosperm,Graminoid,Herbaceous,1877,,,,,112,1,1,,3.7,9.496831313,2,11,,6.849578378,0.11,0,2000,17,34,2.129999999,1.2,200,0.2301,0.460204082,1,149
Typha latifolia,TYLA,Typhaceae,Graminoid,Perennial,Angiosperm,Graminoid,Herbaceous,1909,Release,,,,157,1,1,Long,9,9.2,3,10,,11.06343616,0.13,0,2300,2,17,3.049999999,7.62,15.24,0.3,0.6,1,117
Ulex europaeus,ULEU,Fabaceae,Shrub,Perennial,Angiosperm,Shrub,Woody,1878,Escape,67,8,236,12,0,0,Short,4,8,9,10,1,6.455834265,6.54,830.0000001,3180,24,115,7.000000004,0.91,1,0.490507047,2.357763199,0,148
Ulmus parvifolia,ULPA,Ulmaceae,Tree,Perennial,Angiosperm,Tree,Woody,1882,,31,13,7,8,,1,,4.5,8.5,5,10,,22.74193452,3.19,10,1200,31,41,15.23999999,2.54,7.62,0.589477323,1.141102261,0,144
Urena lobata,URLO,Malvaceae,Shrub,Perennial,Angiosperm,Shrub,Herbaceous,1894,Escape,74,4,2998,103,,0,Long,5.5,6.5,9,11,,20.98979004,16.28,0,1500,26.97590528,76.46,3.000000001,5.5,7,1.251501991,24.24574312,1,132
Urochloa mutica,URMU,Poaceae,Graminoid,Perennial,Angiosperm,Graminoid,Herbaceous,1875,Escape,50,3,990,29,,1,Long,5.5,8.164688955,7,11,,2.7998,0.99,0,1500,2,34,2.44,1.27,30.48,1.116946349,6.431415688,1,151
Urochloa ramosa,,Poaceae,Graminoid,Annual,Angiosperm,Graminoid,Herbaceous,1915,,2,2,0,52,,0,,5,7.5,7,11,,2.7998,0.77,0,2438,30,60,0.91,1.4,25,1.592128404,7.487305777,1,111
Urtica dioica,URDI,Urticaceae,Forb,Perennial,Angiosperm,Forb,Herbaceous,1800,Escape,,,,85,1,1,Long,3,6.5,4,10,,22.18346565,0.16,700,3000.000001,17,34,2.739999999,7.62,15.24,0.8,3.2,1,226
Urtica urens,,Urticaceae,Forb,Annual,Angiosperm,Forb,Herbaceous,1904,Escape,32,5,6,76,0,0,Long,3.336232148,8.403898863,4.313765001,11.24608858,,21,0.53,0,1000,1,71,0.6,4,6,0.3,0.366793725,1,122
Valeriana locusta,,Valerianaceae,Graminoid,Annual,Angiosperm,Graminoid,Herbaceous,1794,,,,,41,,0,,5,8,4,8,,26.79969116,1.135058824,,1400,,,0.61,2,8,,,1,232
Valeriana officinalis,VAOF,Caprifoliaceae,Forb,Perennial,Angiosperm,Forb,Herbaceous,1879,,128,14,243,28,0,1,,6.004589476,7.336772899,4,7,,33.87568238,1.24,22.65638199,1264.308833,25.02939031,38.11,1.52,3.59,15.24,1.49,5.560000003,1,147
Valeriana rubra,,Caprifoliaceae,Shrub,Perennial,Angiosperm,Shrub,Herbaceous,,,,,,14,,,,6,8,5,8,,26.79969116,1.135058824,0.97647432,1386.302262,21.53171403,52.53,1.22,4.26,15.24,1.943359862,5.224024735,1,
Ventenata dubia,VEDU,Poaceae,Graminoid,Annual,Angiosperm,Graminoid,Herbaceous,1957,Contaminant,176,18,2256,24,,,Long,5.8,7.8,6,9,,26.46470061,0.23,500,1619.999999,14,61,0.46,0.3,0.8,2.17899751,6.926059793,1,69
Verbascum virgatum,,Scrophulariaceae,Tree,Biennial,Angiosperm,Tree,Woody,1901,,28,11,75,7,0,0,,5.6022722,7.284635015,6,8,,13.1,0.13,4.999999999,1555,23.05488764,60.27,2,15,30,0.72,3.466687368,0,125
Verbena aristigera,,Verbenaceae,Forb,Perennial,Angiosperm,Forb,Herbaceous,,,,,,,,,,6.018762027,7.405628321,7.228072011,10.41254845,,14.31,0.643637931,30.66787655,327.529432,18.45038975,85.58,1.179836426,4.41,15.36,1.1356064,6.922455075,1,
Verbena bonariensis,VEBO,Verbenaceae,Shrub/Tree,Perennial,Angiosperm,Tree,Herbaceous,1880,Escape,32,11,2,11,,0,,6,7.5,7,11,,14.31,0.17,41.16762696,200,17.5213771,82.18,1.52,2.54,15.24,1.061157656,6.87148919,1,146
Verbena incompta,VEIN9,Verbenaceae,Forb,Perennial,Angiosperm,Forb,Herbaceous,1887,,147,19,23,8,,0,,6.033126623,7.140837116,7,11,,14.31,0.643637931,0,200,16,45,1.83,4.42,12.7,1.096102424,9.47707428,1,139
Verbena montevidensis,VEMO2,Verbenaceae,Forb,Perennial,Angiosperm,Forb,Herbaceous,,,,,,6,,,,6.018296587,7.407969452,7.222414102,10.42712168,,14.31,0.643637931,30.89363474,324.1198387,18.42701762,85.49,1.187145721,4.35,15.36,1.133683713,6.921185344,1,
Verbena rigida,,Verbenaceae,Forb,Perennial,Angiosperm,Forb,Herbaceous,1903,Escape,54,7,1,7,,1,Short,6.1,7.5,7,10,,14.31,0.74,12.54924233,491.918913,19,97,0.61,7.62,15.24,1.19,4.980316379,1,123
Verbesina encelioides,VEEN,Asteraceae,Forb,Annual,Angiosperm,Forb,Herbaceous,1800,Stowaway,,,,48,0,0,Long,6.4,8,2,11,,21.76548373,2.03,0,300,2,34,0.13,4,10,1.712078679,1.492650141,1,226
Vernicia fordii,VEFO,Euphorbiaceae,Tree,Perennial,Angiosperm,Tree,Woody,1945,Escape,46,3,29,6,,1,Long,5.4,7.1,8,11,,23.88275565,1136,200,2000,25,68,7.620000001,20.32,25.4,0.953185733,8.479079491,0,81
Veronica anagallis-aquatica,VEAN2,Plantaginaceae/Scrophulariaceae,Forb,Perennial,Angiosperm,Forb,Herbaceous,1968,,,,,104,1,1,,5.624667312,7.1,3.122726269,8.963463777,,33.2,0.06,456.9999999,2133,18.1258815,84.69,0.3,3.35,8,0.53,1.61,1,58
Veronica arvensis,VEAR,Plantaginaceae,Forb,Annual,Angiosperm,Forb,Herbaceous,1786,,117,38,0,61,0,1,,4.976582187,7.121001012,6,9,,27.7401275,0.12,0,2900,15,107,0.2,2.54,2.54,0.33,0.66,1,240
Veronica beccabunga,VEBE,Plantaginaceae,Forb,Perennial,Angiosperm,Forb,Herbaceous,1876,,55,13,0,73,1,1,,4.5,5.5,5,11,,41.61966977,0.07,1.500254948,2398.651064,20.79338729,143.12,0.1,4.08,4.9,0.7,2.030194645,1,150
Veronica biloba,VEBI2,Plantaginaceae,Forb,Annual,Angiosperm,Forb,Herbaceous,1895,,11,5,2,28,,0,,5.415293949,7.220447195,3,11,,34.98520963,0.327303219,399.9999999,3000.000001,14.21694832,102.93,0.2,1.3,3,0.456852223,1.006095896,1,131
Veronica chamaedrys,,Plantaginaceae,Forb,Perennial,Angiosperm,Forb,Herbaceous,1872,,32,10,37,43,1,1,,5.14990883,6.843193549,5.992316965,9.536005296,,32.56957153,0.27,0.16007972,2431.853093,17.36355041,117.07,0.51,4.46,6.68,0.88,3.52,1,154
Veronica hederifolia,VEHE2,Plantaginaceae,Forb,Annual,Angiosperm,Forb,Herbaceous,1833,,51,15,2,55,0,0,,5.310473673,6.35975337,5,10,,34.78769231,4.06,0,2000,23,49,0.41,2.54,2.54,0.47,2.819999999,1,193
Veronica longifolia,VELO2,Scrophulariaceae,Forb,Perennial,Angiosperm,Forb,Herbaceous,1974,,,,,46,,,,5.205250294,6.398644468,4,8,,19.81823529,0.08,15.85243821,2870.213742,25.32009058,113.15,1.22,60.96,121.92,0.4775,1.910000001,1,52
Veronica officinalis,,Plantaginaceae/Scrophulariaceae,Forb,Perennial,Angiosperm,Forb,Herbaceous,1872,,241,33,42,47,1,1,,6.1,6.5,3,7,,38.94058981,0.14,0,1600,17.40818763,71.54,0.3,2.06,8.08,0.4505,1.801999999,1,154
Veronica persica,,Plantaginaceae,Forb,Annual,Angiosperm,Forb,Herbaceous,1825,,182,49,0,3,1,1,,5.5,7,3,10,,51.28514543,0.99,0,1100,16.16369017,94.87,0.2,2.54,2.54,0.7,1.437820565,1,201
Veronica serpyllifolia,VESE,Plantaginaceae,Forb,Perennial,Angiosperm,Forb,Herbaceous,1918,,,,,65,1,1,,5.8,7.5,3,8,,22.86134349,0.06,0,3300,10.8,151.6,0.3,1,7.62,0.44,0.88,1,108
Viburnum dilatatum,VIDI80,Viburnaceae,Shrub,Perennial,Angiosperm,Shrub,Woody,1940,,37,11,62,6,,0,,4.5,7,5,8,,0.0000251,15.62,193.7705954,579.7095818,35.86874862,47.02,3.049999999,7.62,15.24,3.755787826,14.54830805,0,86
Viburnum lantana,VILA,Viburnaceae,Shrub,Perennial,Angiosperm,Shrub,Woody,1879,,27,14,1,24,0,1,,4.5,8,4,7,,14.60052773,39.16,29.52303892,1022.240243,32,60,4.570000001,7.62,15.24,4.085000002,8.170000002,0,147
Viburnum opulus,VIOP,Viburnaceae,Shrub,Perennial,Angiosperm,Shrub,Woody,1989,,,,,40,0,1,,5,8,2,8,,14.6311606,32.48,300.0000001,900.0000003,30,50,4.879999999,15.24,15.24,4.135000001,8.270000005,0,37
Viburnum plicatum,VIPL,Caprifoliaceae,Shrub,Perennial,Angiosperm,Shrub,Woody,1886,,25,11,49,5,,0,,5,8,5,8,,0.0000141,45.58576,31.24547102,751.8979659,29.64665373,55.27,4.570000001,7.62,15.24,4.314729442,11.41830753,0,140
Viburnum setigerum,,Viburnaceae,Shrub,Perennial,Angiosperm,Shrub,Woody,1901,,8,4,7,4,,0,,4.395898817,7.6,5,7,,0.0000148,44.71,59.7865022,799.0996858,32.67703779,51.46,3.660000001,7.62,15.24,3.561937853,10.46154442,0,125
Viburnum sieboldii,VISI,Viburnaceae,Shrub,Perennial,Angiosperm,Shrub,Woody,1923,,25,11,29,1,,0,,4.851152711,7.419504493,5,7,,0.0000152,45.58576,155.9421596,672.9602,33.64580359,45.18,6.099999998,7.62,15.24,3.492101444,14.14573313,0,103
Vicia cracca,VICR,Fabaceae,Vine,Perennial,Angiosperm,Vine,Herbaceous,1909,,193,33,36,71,1,1,,4.9,7.525751203,8,10,,24.83597113,13.93,7.608760487,1500,22,49,2,2.5,22,2.919999999,8.219999999,1,117
Vicia sativa,VISA,Fabaceae,Vine,Annual,Angiosperm,Vine,Herbaceous,1822,,233,44,7,99,0,1,,6,8.5,8,10,,27.58508781,33.17,8.520281417,1608.000001,17,109,1,3.5,15.24,2.893791552,3.648054735,1,204
Vicia sativa subsp. nigra,VISAN,Fabaceae,Vine,Annual,Angiosperm,Vine,Herbaceous,1918,,,,,,,,,6,8,2,10,,26.81106818,20.64,,1608,,,1,7.62,15.24,2.3,,1,108
Vicia tenuifolia,VITE2,Fabaceae,Vine,Perennial,Angiosperm,Vine,Herbaceous,,,,,,57,1,1,,4.926804953,7.317525387,7.487203746,9.795081328,,28.57090909,20.59,21.1522522,1500,31.83145653,56.5,2.467183592,2.5,22,2.375000001,8.850000001,1,
Vicia tetrasperma,VITE,Fabaceae,Vine,Annual,Angiosperm,Vine,Herbaceous,1830,,23,17,1,70,0,0,,5,7.2,9,10,,31.89649669,4.48,0,1160,20,81,0.6,0.5,4,3.6,7.200000003,1,196
Vicia villosa,VIVI,Fabaceae,Vine,Annual,Angiosperm,Vine,Herbaceous,1800,Escape,818,72,84,48,0,0,Short,5,8.2,8,11,,25.87783333,34.17,0,2280.000001,14,79,0.91,2.54,7.62,3.089999999,6.179999997,1,226
Vinca major,VIMA,Apocynaceae,Vine,Perennial,Angiosperm,Vine,Herbaceous,1891,Escape,254,49,714,13,1,1,Short,4,8,7,11,,15.01537,19.41,0,2665,15,111,2,2.54,7.62,2.1,8.066357685,1,135
Vinca minor,VIMI2,Apocynaceae,Vine,Perennial,Angiosperm,Vine,Herbaceous,1883,,428,50,750,21,1,1,,5.5,7.622502501,4,9,,24.7,8.63,0,2300,30,60,0.15,2.54,7.62,0.76,0.891680344,1,143
Viola odorata,VIOD,Violaceae,Shrub,Perennial,Angiosperm,Shrub,Herbaceous,1864,,15,11,2,49,1,1,,6.187025028,7.297014026,4,9,,29.35,3.53,29.99999998,1255.000001,21,63,0.15,7.62,7.62,2.0538974,3.734975383,1,162
Viola tricolor,,Violaceae,Forb,Annual,Angiosperm,Forb,Herbaceous,1822,,17,12,0,41,0,1,,6.324494646,7.271399617,2,9,,29.10875,0.89,112.5942184,1473.493762,26.15167233,54.2,0.25,9.35,7.62,2.017499999,4.035,1,204
Vitex agnus-castus,VIAG,Lamiaceae,Shrub,Perennial,Angiosperm,Shrub,Woody,1903,,34,11,32,34,,0,,6,8,6,9,,11.99052142,8.5,0,727.4576528,14,39,3.049999999,7.62,15.24,1.020389872,4.807911608,0,123
Vitex rotundifolia,VIRO80,Lamiaceae,Shrub,Perennial,Angiosperm,Shrub,Woody,1985,Release,24,4,4,32,,1,Long,5.66024289,8.460756353,7,10,,15.14251285,181.8878339,0,15,20,100,0.61,3.63,8.91,1.095177104,2.791270616,0,41
Vitex trifolia,VITR7,Lamiaceae,Shrub,Perennial,Angiosperm,Shrub,Woody,1923,,17,3,46,61,0,0,,5.514089654,9.16740171,6,10,,15.14251285,181.8878339,0,1700,10.48498378,83.57,0.61,2.54,7.62,1.076941425,1.799882633,0,103
Vitis vinifera,VIVI5,Vitaceae,Vine,Perennial,Angiosperm,Vine,Woody,1895,,7,4,4,30,0,0,,5,8,6,10,,27.86660813,30.5,0,2100,14,55,20.00000001,63.5,15.24,0.45,0.9,0,131
Washingtonia robusta,WARO,Arecaceae,Tree,Perennial,Angiosperm,Tree,Woody,1880,,57,9,325,,,0,,6.435123719,9.2,9,11,,16.67897783,70.2,6.829359305,500,3,8,30.48,304.8,182.88,1.67808231,11.79937562,0,146
Watsonia meriana,WAME,Iridaceae,Forb,Perennial,Angiosperm,Forb,Herbaceous,1971,,13,2,11,1,,1,,4,7,9,10,,19.36104348,10.63,0,559.9999997,28,63,2,5,110,7.093522718,150.0641944,1,55
Wisteria floribunda,WIFL,Fabaceae,Vine,Perennial,Angiosperm,Vine,Woody,1892,,70,20,15,1,1,1,,6.484832674,6,4,9,,23.47437641,37.8,0,2749.42739,27.97563712,48.15,7.620000001,22.64,38.1,1.59080429,26.45961126,0,134
Wisteria sinensis,WISI,Fabaceae,Vine,Perennial,Angiosperm,Vine,Woody,1857,Escape,314,37,533,3,,1,Long,6,8,5,8,,23.47437641,460,65,3500,17.48062826,71.02,30.00000002,11,26,1.462200577,12.59255207,0,169
Xanthium spinosum,XASP2,Asteraceae,Forb,Annual,Angiosperm,Forb,Herbaceous,1840,Contaminant,75,20,59,60,,0,Long,5.731137445,8.168039941,8,11,,15.59780648,200,0,1350,15,71,1.718894332,5,12,4.290000003,9.413865933,1,186
Xanthium strumarium,XAST,Asteraceae,Forb,Annual,Angiosperm,Forb,Herbaceous,1840,Escape,,,,56,,0,Long,5.717891092,8.195563853,10.06099348,10.81492728,1,20.17286183,54.85,0,1504.053976,10.50483236,48.45,1.574999999,9.87,19.67,3.200000001,6.501311062,1,186
Xanthosoma sagittifolium,XASA2,Araceae,Forb,Perennial,Angiosperm,Forb,Herbaceous,1929,Escape,49,4,173,8,,,Short,5.5,7.5,8,10,,26.25986536,58.53008,0,1500,39,79,2,91.44,121.92,8.79,137.5330554,1,97
Youngia japonica,YOJA,Asteraceae,Forb,Annual,Angiosperm,Forb,Herbaceous,1929,,66,20,9,27,,,,5.335843806,7.966725677,5,10,,21.76548373,0.08,100,4500,31,79,0.604711452,7.62,15.24,1.665508925,3.097983754,1,97
Zantedeschia aethiopica,ZAAE,Araceae,Forb,Perennial,Angiosperm,Forb,Herbaceous,1937,,28,4,28,6,,1,,5.498252238,7.112643125,8,10,,26.25986536,20.26,0,300,16,81,0.99,15.24,15.24,2.3,21.47700301,1,89
Zostera japonica,ZOJA2,Zosteraceae,Forb,Perennial,Angiosperm,Forb,Herbaceous,1930,,,,,11,,1,,6,8,9,9,,30.278,,0,9.999999999,41,43,1.72525665,0.2,25,0.746305051,5.851320295,1,96
Zygophyllum fabago,ZYFA,Zygophyllaceae,Shrub,Perennial,Angiosperm,Shrub,Herbaceous,1879,,19,10,14,22,,1,,5.343654042,7.926427887,8,10.07181394,,2.87000132,4.74,0,1000,9,25,1.164778307,3,6,0.737948312,2.039937103,1,147
