species,ScientificName,pHMin,pHMax,HardinessZoneMin,HardinessZoneMax,ElevationMin_m_t,ElevationMax_m_t,PrecipMin_in_t,PrecipMax_in_t,HeightMax_m_t,LeafWidthMax_cm_t,LeafLengthMax_cm_t,holoploid_t,monoploid_t
Abrus_precatorius,Abrus precatorius,5.227219369,7.973425242,6.225058794,9.962999931,0,195.0556046,7.0104777,10.78410602,1.017525457,1.518991562,2.897658586,1.059406575,0.172518451
Abutilon_theophrasti,Abutilon theophrasti,4.9,8.2,7.487888413,10.92855164,0,195.0556046,6.132463279,12.07513201,1.258869732,3.284917651,3.32819235,0.938987849,-0.830398391
Acacia_auriculiformis,Acacia auriculiformis,3,9,10.20833666,10.81606479,0,148.5,7.691070924,12.74410208,2.794282305,1.57476175,3.498382312,1.031172751,-0.386791693
Acacia_cyclops,Acacia cyclops,6,8.3,8.796345625,10.29596897,0,65.7210712,3.486515835,8.618959777,1.801588157,0.264461274,2.460138205,1.032286327,-0.469167438
Acacia_dealbata,Acacia dealbata,5.246094323,7.349177882,8.353284696,10.32544646,5.860786223,148.5,6.799348536,9.736415482,2.249828074,0.138248227,-0.669438412,1.700919942,-0.14143935
Acacia_longifolia,Acacia longifolia,4.6,8.2,9,10,0,158.3403355,5.770674019,8.618959777,1.965285051,0.942210382,3.114643954,1.149441513,-0.246890028
Acacia_melanoxylon,Acacia melanoxylon,6,8.3,8.563388901,10.95251584,0,167.8864852,5.954240515,11.98740448,2.442045501,1.136011928,0.342255425,1.274092151,-0.228768705
Acacia_paradoxa,Acacia paradoxa,5.8,7.5,9,10,0,65.7210712,5.770674019,6.763572622,1.148066999,-0.352847511,0.717988848,1.305148907,-0.118055829
Acacia_retinodes,Acacia retinodes,5.5,7.8,9,10,0,138.3254628,4.972578768,6.763572622,1.965285051,0.33992639,3.498382312,1.458524971,-0.14143935
Acaena_novae-zelandica,Acaena novae-zelandica,5,6.1,9,10,0,49.7992784,7.25924332,9.67580745,0.394059754,1.895532208,2.713231738,1.442223406,0.004268517
Acer_campestre,Acer campestre,5.340083488,7.670741896,5,8,0,49.7992784,6.790214647,9.584892431,2.442045501,2.470990424,2.234593188,0.66867453,-0.386791693
Acer_palmatum,Acer palmatum,5.257869873,8,5,8,1.695280881,133.4967426,6.645051707,9.888155097,1.765196333,2.230106926,2.483075489,0.45094862,-0.272466027
Acer_platanoides,Acer platanoides,4.8,7.2,3,7,6.216606101,195.0556046,6.799348536,9.169478239,2.700020751,2.942951925,2.824578382,0.339712488,-0.355860638
Acer_pseudoplatanus,Acer pseudoplatanus,5,8,4,7,6.216606101,228.6054967,6.799348536,9.169478239,2.794282305,2.961665457,3.135527964,0.908729144,-0.410718151
Acer_tataricum,Acer tataricum,6.1,7.5,3,8,4.903143623,104.5266657,7.691070924,8.968728896,1.595592799,1.393344295,2.25406502,0.331671122,-0.514521979
Achillea_millefolium,Achillea millefolium,6,8,3,9,0,350.8380877,3.486515835,8.968728896,-0.094942389,0.958998231,2.25406502,2.026756577,0.809154331
Achillea_ptarmica,Achillea ptarmica,5.908718952,8.554995249,3,9,0,350.8380877,2.761963916,8.308367862,-0.529728542,-0.678789747,0,1.504624522,0.94812721
Achyranthes_bidentata,Achyranthes bidentata,5.4,7.869184139,5,10,4.615120517,310.5125735,7.691070924,11.24698695,0.660259049,2.819194777,2.115089327,1.768743432,0.609810062
Acorus_calamus,Acorus calamus,5.6,7.2,4,10,5.853122159,161.3200874,5.385589445,9.299846982,0.406555176,0.958998231,3.135527964,0.082551711,-1.511327261
Acroptilon_repens,Acroptilon repens,5.4,9.1,6,10,0,259.8624242,4.034576942,7.932607663,0,0.942210382,2.592383142,1.069100621,0.724968552
Adenanthera_pavonina,Adenanthera pavonina,5,7,10,11,5.707110265,167.8864852,15.51370693,14.95947909,2.874290843,0.807599378,1.624345145,1.832238885,-0.402671057
Aegilops_cylindrica,Aegilops cylindrica,5.3,8.5,7,10,0,274.8023624,1.119891149,6.558041722,-0.226701599,-0.678789747,3.114643954,1.885465789,1.309509658
Aegilops_neglecta,Aegilops neglecta,6.608071096,6.9,8.026134631,10.04071506,0,195.9282173,2.614295882,5.51310848,-0.978304948,-0.678789747,2.234593188,2.648837445,1.645106491
Aegilops_triuncialis,Aegilops triuncialis,7.1,7.4,7.763151528,10.03034418,0,148.5,2.217048637,4.946072099,-0.845337521,-1.161096215,2.150321473,2.395988212,1.492782089
Aegopodium_podagraria,Aegopodium podagraria,6,8,3,10,0.431439553,204.9824718,4.523674072,10.75157358,-0.094942389,2.161036428,2.818137338,0.811422471,0.45941718
Aesculus_hippocastanum,Aesculus hippocastanum,5.224197543,7.802708517,4,7,5.707110265,177.1707638,6.132463279,7.684320554,2.700020751,1.901358193,3.026617418,0.179332751,-0.540948214
Agave_sisalana,Agave sisalana,4,6,7.452228197,9.046594943,2.970880976,138.4011539,7.829540478,7.334899549,0.660259049,3.302778434,6.156596815,3.907947839,1.875118435
Ageratina_adenophora,Ageratina adenophora,4.775634493,7.665190106,9.931820592,10.53063157,0,148.5,9.09351798,9.036363039,0.660259049,2.143092749,2.313957526,1.841082535,0.74115718
Agropyron_cristatum,Agropyron cristatum,5.5,7.7,5,8,7.163172391,296.4865165,2.104618775,7.512409066,1.017525457,-0.50299924,3.498382312,2.10920455,1.593524097
Agrostemma_githago,Agrostemma githago,6.852564103,8.115983306,5.484581166,8.431573993,4.697721675,222.450704,6.046731219,7.017093939,-0.106149336,0.958998231,3.135527964,1.775013305,0.68400123
Agrostis_capillaris,Agrostis capillaris,4.9,7.5,3,10,0,228.6054967,7.965501534,8.968728896,-0.511981762,-0.89131314,3.114643954,1.748415643,0.541199428
Agrostis_gigantea,Agrostis gigantea,4.5,8,3.049164894,9.321864831,5.707110265,259.8624242,7.406071273,8.968728896,0.196081007,-1.346441152,3.002927485,1.091818018,-0.297076866
Agrostis_stolonifera,Agrostis stolonifera,5.1,7.5,5.492778978,8.836446672,0,274.8023624,7.691070924,8.968728896,-0.511981762,-2.149141457,2.592383142,1.48554487,0.332441107
Ailanthus_altissima,Ailanthus altissima,4.1,8.3,4,8,3.044522438,267.3842848,5.385589445,8.618959777,2.700020751,2.338500172,5.69672547,1.15285705,0.03905029
Aira_caryophyllea,Aira caryophyllea,5,7.7,7,10,0,242.1341461,5.954240515,11.67229754,-0.623835829,-1.329654917,2.976870341,2.004634284,0.981280468
Ajuga_reptans,Ajuga reptans,5.5,7.5,3,10,3.606419695,186.923371,8.3594946,9.299846982,-1.312539346,1.934245051,3.135527964,0.706415189,0.165431587
Akebia_quinata,Akebia quinata,5.443659312,6.616463391,5,8,5.707110265,195.0556046,7.021264895,8.900350539,2.442045501,1.468456511,1.747647674,1.954759367,-0.018926937
Albizia_julibrissin,Albizia julibrissin,4.8,7.3,6,10,0,244.4824497,2.104618775,10.795739,2.09525329,0.410488045,1.48804921,1.261894215,-0.379543683
Albizia_lebbeck,Albizia lebbeck,5.034532666,6.8,9.604317741,10.11177154,2.086200735,156.3664772,6.799348536,11.14908925,2.700020751,0.653559339,1.973681205,2.139803789,-0.107362579
Alcea_rosea,Alcea rosea,6,8,2,10,5.137678143,198.4992153,5.644304724,8.832372261,0.838031979,3.303960319,3.519882089,0.901061463,-0.430752859
Alhagi_maurorum,Alhagi maurorum,8.3,8.5,6,10,-0.017283395,148.5,1.119891149,7.334899549,-0.094942389,0.707912394,1.373270842,1.360053081,0.407338603
Allamanda_cathartica,Allamanda cathartica,5.005115681,6.872130122,10,11,0,116.7560274,8.856071556,11.71811092,1.801588157,1.301547813,2.927875171,2.702763741,0.69412338
Alliaria_petiolata,Alliaria petiolata,6,6.8,6,8,0,199.3995934,6.956078387,8.546524802,-0.978304948,1.89266353,3.114643954,1.45775045,0.290316413
Allium_canadense,Allium canadense,5.633741638,7,4,8,2.189254685,57.91992663,6.727100995,5.410910779,-0.117499324,0.958998231,4.080918237,3.113325055,1.748667286
Allium_triquetrum,Allium triquetrum,5.570105967,7.212093999,5.473514336,8.73710391,0,30.81652035,6.620903579,6.049622626,-0.141570714,1.090276396,4.03477012,3.454612654,2.13555952
Allium_vineale,Allium vineale,5.547933637,7.213837383,5.404108356,8.667551062,0,30.81652035,6.512699404,6.019517813,-0.094942389,0.958998231,3.825797591,3.305950623,1.972153884
Alnus_glutinosa,Alnus glutinosa,4.4,8,4,7,0,236.6101578,6.132463279,9.299846982,2.874290843,2.961665457,3.135527964,0.397048668,-0.726331091
Alopecurus_geniculatus,Alopecurus geniculatus,4,7.5,6.483903032,8.454445394,5.637037695,324.230114,6.132463279,7.851059128,-0.511981762,-0.50299924,2.824578382,2.134449626,1.140338185
Alopecurus_myosuroides,Alopecurus myosuroides,4,7.5,8.021463852,8.929248655,4.615120517,148.5,8.3594946,8.618959777,-0.226701599,-0.22164145,3.280229257,2.410858868,1.245818694
Alopecurus_pratensis,Alopecurus pratensis,5.1,8.49,6.983109661,9.017025665,3.044522438,274.8023624,5.770674019,8.968728896,0.179991243,0,4.47008828,2.494510825,1.560925917
Alternanthera_philoxeroides,Alternanthera philoxeroides,4.8,8.8,5.129777237,9.542392321,2.586831058,274.8023624,8.975638763,8.968728896,0,0.707912394,2.592383142,1.233731253,0.599947224
Alysicarpus_vaginalis,Alysicarpus vaginalis,5.5,8.7,3.684435893,10.19119326,5.303304908,167.8864852,8.856071556,10.14593245,-0.106149336,0.983720056,2.060453718,-0.232813899,-0.35455384
Alyssum_alyssoides,Alyssum alyssoides,5.350089959,8.337015544,5.288703087,9.691921416,0,220.4590867,4.049866202,9.354122913,-1.312539346,1.011597081,2.249026581,-0.269709787,-0.922001721
Alyssum_turkestanicum,Alyssum turkestanicum,5.576610694,7.704889318,3.538247388,8.951169455,6.685860947,282.1221584,4.573589548,8.073888973,-1.394738435,0.919242903,1.979540942,-0.498253225,-1.385282085
Amaranthus_blitoides,Amaranthus blitoides,5.274457174,8.546468405,4.297255836,11.04683415,1.449865969,232.7175228,5.04567869,11.14908925,0.179991243,1.904878862,2.395642277,-0.152356872,-0.618830276
Amaranthus_palmeri,Amaranthus palmeri,5.121081215,7.723646077,5.052973008,10.7067269,2.412994881,167.8864852,5.335894037,9.212156894,1.03165979,2.161036428,2.25406502,0.202742115,-0.797217369
Amaranthus_retroflexus,Amaranthus retroflexus,6,8,3,11,6.552507887,296.7702457,5.604771567,9.761937359,0.660259049,2.961665457,2.592383142,0.505835013,-0.165489292
Amaranthus_spinosus,Amaranthus spinosus,5.438433467,8.436840925,5.314207148,11.0948812,0,167.8864852,5.190477519,9.941989239,0.394059754,1.57476175,2.713231738,0.578367734,0
Amaranthus_tuberculatus,Amaranthus tuberculatus,4.8,8,6.141144667,10.49714874,0,148.5,5.182922485,8.968728896,1.017525457,1.136011928,3.114643954,0.644249203,-0.340791791
Ambrosia_artemisiifolia,Ambrosia artemisiifolia,6,7,9.483493047,10.06661584,2.234101785,153.4592331,1.119891149,6.863279586,0.579214025,2.161036428,3.135527964,0.791356554,-0.564587724
Ambrosia_trifida,Ambrosia trifida,5.477652798,7.969897806,10.07473242,10.87663404,-1.840388274,211.0139444,5.385589445,11.14908925,1.258869732,3.296021591,4.277565543,1.189447021,0.602728565
Amelichloa_brachychaeta,Amelichloa brachychaeta,5.8,8.1,9,9,4.110873864,177.1707638,4.525284993,6.343609315,-0.106149336,-1.161096215,4.277565543,1.864041454,0.539719171
Ampelopsis_glandulosa,Ampelopsis glandulosa,5.327657091,7,5,9,0,127.7660814,6.901187336,7.544364304,1.595592799,2.580891078,3.024260507,0.22051231,-0.678183687
Anchusa_arvensis,Anchusa arvensis,4.964528203,7.795049282,5.288250635,10.11334513,1.132091683,224.4309029,6.534419476,9.937532938,2.327854465,3.518515462,3.607171991,2.597474885,1.432558264
Anchusa_officinalis,Anchusa officinalis,4.902738009,8.508980863,4.750696284,10.52093949,-1.186478028,253.3093561,5.954910721,10.82328546,1.801588157,3.609981539,3.498382312,2.122400865,1.607343203
Anthemis_arvensis,Anthemis arvensis,6.052595581,6.281950184,7.504178585,8.44916133,6.463029457,204.5512134,5.115684704,5.737270594,1.801588157,0.476761687,1.335478233,2.773194438,0.313155156
Anthemis_cotula,Anthemis cotula,6,8,10,12,-2.49532285,282.1221584,3.959746204,10.05024128,-0.706444856,2.161036428,3.135527964,2.316891495,1.225286275
Anthoxanthum_odoratum,Anthoxanthum odoratum,5.266497584,7.598760063,5,9,2.774031632,203.6971136,5.44351323,8.027330007,-0.094942389,0,1.964141862,1.811378856,1.000378901
Anthriscus_caucalis,Anthriscus caucalis,5.1,8.2,7,10,0,231.8238205,4.972578768,10.69151897,0,2.294932723,3.514489236,1.216582119,0.642514275
Anthriscus_sylvestris,Anthriscus sylvestris,5.261758969,8.224028541,6.245337512,10.19124046,0.799274106,233.0815651,5.100430878,10.28937591,0.394059754,2.530678485,3.638658073,1.315950847,0.74206095
Antigonon_leptopus,Antigonon leptopus,6,8,8,11,0,148.5,4.478350898,12.89517978,1.03165979,2.06530153,3.070152839,2.275200459,0.405345766
Apera_interrupta,Apera interrupta,5.003815526,7.385371223,6.571305531,8.607426457,7.107425474,212.1603194,6.465788804,7.871311765,-0.154071318,-0.638150316,2.246550947,2.172459821,0.917401981
Apium_graveolens,Apium graveolens,6,8,3,6,-2.064365741,148.5,4.525284993,14.44707275,-0.094942389,2.161036428,3.135527964,0.77499832,0.2330952
Aquilegia_vulgaris,Aquilegia vulgaris,5.434097938,7.917944493,4.5705554,7.988348516,0,195.0556046,5.268224305,9.562463147,-0.336253956,0.406058077,1.224027026,-0.254158926,-1.047368876
Aralia_elata,Aralia elata,5.456317292,8.8,4,9,5.525452939,195.0556046,4.034576942,11.24698695,2.106295675,2.161036428,3.135527964,0.866530448,-0.476960235
Araujia_sericifera,Araujia sericifera,6,8,8,11,4.615120517,79.9325285,5.201070577,9.742310426,2.09525329,2.161036428,3.135527964,2.045039776,0.274407836
Arctium_lappa,Arctium lappa,6,8,3,10,3.94961158,92.99407874,5.201701313,8.228781371,1.03165979,2.961665457,3.135527964,0.844378246,0
Arctotheca_calendula,Arctotheca calendula,5.252521114,8.111794962,9.455690689,9.796769031,1.060372502,30.81652035,5.705695876,7.857738262,-1.531512651,0.685037811,3.019494013,1.17512063,0.538681032
Arctotheca_prostrata,Arctotheca prostrata,5.1,8.6,9,10,0,121.2191689,5.182922485,9.036363039,-1.757496946,0.899228006,3.043280676,0.968721461,0.637628135
Ardisia_elliptica,Ardisia elliptica,5.067711579,6.798967749,9.642111445,9.45243961,3.604917901,139.7352886,7.129039873,9.472319467,1.801588157,2.06530153,3.199764121,2.274020622,0.193904382
Arenaria_serpyllifolia,Arenaria serpyllifolia,5.892347168,7.430106842,4.61236925,8.948062977,5.017279837,220.4590867,5.387813094,7.88132927,-1.531512651,-0.89131314,-0.350326313,0.450481527,-1.016246016
Arrhenatherum_elatius,Arrhenatherum elatius,5,7.3,4,9,3.433987204,220.4590867,7.965501534,8.247637368,0.196081007,0.380543131,4.16249773,2.177754028,1.193097392
Artemisia_absinthium,Artemisia absinthium,5.574614453,8.478707081,3,9,7.313886832,244.4824497,4.682095412,5.612445756,0.406555176,0.958998231,2.25406502,1.841841443,1.311016206
Artemisia_annua,Artemisia annua,5.515207332,8.382931831,4.734893348,8.913273193,4.697642977,148.5,4.574483033,5.414361395,0,0.726136471,2.205914412,1.185330943,0.598179653
Artemisia_biennis,Artemisia biennis,5.090781595,8.911212146,6.201428144,9.468179861,0,252.2307167,4.034576942,7.684320554,1.017525457,1.466155675,2.948113293,2.098066861,1.386648277
Artemisia_stelleriana,Artemisia stelleriana,6,8,3,9,8.574659569,281.329043,5.026233127,5.784776331,0.665327542,2.161036428,3.135527964,1.925154722,0.987710323
Artemisia_vulgaris,Artemisia vulgaris,4.8,8.4,3,8,7.313886832,363.7697075,4.765376586,7.117973894,0.660259049,2.216156616,2.927875171,1.834736088,1.036934899
Arthraxon_hispidus,Arthraxon hispidus,5.121615143,7.5,5.89594762,10.09638264,3.002685824,215.0929033,6.208438429,9.930599826,0.281963521,0.241765828,4.037794424,2.034597201,0.238573583
Arum_italicum,Arum italicum,6,8,5,9,-2.954807771,92.99407874,6.300828926,9.24408794,-0.511981762,3.303960319,4.080918237,2.8002111,1.938724981
Arundo_donax,Arundo donax,4.9,9.1,5,10,0,264.3883207,8.3594946,9.299846982,1.965285051,2.350237378,5.863599654,2.089477085,0.920321178
Asclepias_curassavica,Asclepias curassavica,6,8,8,11,1.113587186,236.6101578,4.752714642,11.2002726,-0.094942389,2.161036428,3.135527964,1.633970253,0.588712792
Asparagus_aethiopicus,Asparagus aethiopicus,5,8.5,9,10,0,91.72992018,4.525284993,7.512409066,1.341976279,0.577465151,2.193207675,2.480539864,1.029168177
Asparagus_asparagoides,Asparagus asparagoides,5.1,8.6,9,11,0,157.3701325,4.525284993,8.473203673,1.582778188,1.136011928,2.150321473,2.65672571,1.22462378
Asparagus_officinalis,Asparagus officinalis,6,8,2,9,5.17366568,49.7992784,4.958247198,4.90104152,0.406555176,0.39955519,1.420879847,1.342445247,0.362960601
Asperugo_procumbens,Asperugo procumbens,5.385662991,7.5,3.843830525,8.502134423,6.908754779,195.0556046,6.187716587,7.816461507,-0.226701599,0.982035687,2.201146195,-0.152676286,-1.257174804
Asphodelus_fistulosus,Asphodelus fistulosus,5.2,8.2,9,10,0,173.4866657,4.286081616,6.343609315,-0.365823248,0.810378396,4.385402059,2.046812532,0.829025221
Astragalus_cicer,Astragalus cicer,6,8.5,5.650558767,9.092001386,2.617546371,236.6101578,5.385589445,8.968728896,-0.094942389,0.079478664,1.347505787,1.759945308,0.041429782
Atriplex_micrantha,Atriplex micrantha,6.472025801,8.789876738,4.220791622,10.00915755,0,236.6101578,3.528200447,8.488103491,-0.124112482,0.791772661,1.836144114,0.961066707,-0.024414636
Atriplex_patula,Atriplex patula,6.738077246,8.516892903,4.557795319,9.883608597,0.757613482,186.2197424,3.958146544,7.66631559,0.094670751,0.587532652,1.800024816,1.28122264,0.07174262
Atriplex_semibaccata,Atriplex semibaccata,7,8.5,4.188754524,9.734182833,1.335488225,148.5,4.034576942,6.961079243,-0.226701599,0.183332585,1.48804921,0.970538754,-0.165489292
Avena_barbata,Avena barbata,5,8.3,8,10,0,256.8232832,4.286081616,10.795739,0.394059754,0.707912394,5.07084907,2.037730757,1.28485842
Avena_fatua,Avena fatua,4,7.5,6.853808155,9.081593837,7.650168701,291.4991477,4.034576942,7.334899549,0.179991243,0.057235983,4.644770753,2.454392303,1.246104522
Axonopus_fissifolius,Axonopus fissifolius,4.766698915,6,7,10,3.107142118,245.6789623,7.691070924,13.61940685,0.436837245,0.448747203,3.135527964,2.283691877,-0.087896495
Barbarea_vulgaris,Barbarea vulgaris,6,8,5,9,0,310.5125735,4.116556552,8.949521902,0.179991243,2.161036428,3.135527964,-0.553770603,-1.402416386
Bassia_hyssopifolia,Bassia hyssopifolia,5.7,9.4,6,10,0,255.2969953,2.857904269,6.343609315,0,-1.161096215,0.960033254,0.709436824,-0.07978735
Begonia_cucullata,Begonia cucullata,4.742203599,8.50687138,8,11,0,158.3403355,4.808937199,11.74158453,-0.529728542,-0.50299924,0.663117822,-0.780925084,-1.380412478
Bellardia_trixago,Bellardia trixago,5,8.6,9,10,0,138.3254628,5.770674019,10.47837165,-0.365823248,0.707912394,2.527825731,1.208561058,0.286158217
Bellis_perennis,Bellis perennis,6,8,4,8,0.896822774,287.4013588,4.841573294,8.403017257,-2.175968501,0.958998231,3.135527964,1.036412316,0.432940563
Berberis_bealei,Berberis bealei,5.681952812,6,7,9,4.615120517,92.99407874,8.988517528,7.833687223,1.258869732,1.712391823,2.592383142,2.28792071,0.440980789
Berberis_julianae,Berberis julianae,5.449902237,6.839204757,6,8,0.407500851,152.2098786,8.031643831,8.688427718,0.579214025,1.106142984,2.25406502,1.67437299,0.448055546
Berberis_thunbergii,Berberis thunbergii,5.5,7.2,4,8,0,177.1707638,7.691070924,8.968728896,1.017525457,1.283408548,2.338621473,1.48051298,0.41759036
Berberis_vulgaris,Berberis vulgaris,5.436498848,7.181665767,3,7,0,220.4590867,7.581896496,8.796170904,1.017525457,1.062422912,2.313957526,1.310859196,0.302620724
Berteroa_incana,Berteroa incana,5.320671791,8.370068779,5.730274722,9.818061174,-0.377526989,241.0467403,4.119113736,9.567762688,-1.042618815,0.958998231,2.25406502,0.339712488,-0.355860638
Betula_pendula,Betula pendula,5,6.8,4.236617407,7.754470714,3.293101712,179.1454833,7.691070924,8.618959777,2.106295675,1.751477405,2.527354953,-0.020239857,-0.773000704
Bidens_bipinnata,Bidens bipinnata,4.566252472,8.288608128,4.382208814,10.89145979,2.397895273,220.4590867,7.024345707,11.13792332,0.394059754,2.470990424,3.498382312,1.101054802,0.552984666
Bidens_pilosa,Bidens pilosa,4,9,4.057966945,10.79444097,0.770115409,350.8380877,6.132463279,12.90305505,0.394059754,1.57476175,2.824578382,0.770951614,0.500537378
Bischofia_javanica,Bischofia javanica,4.863840265,7.679161572,9.099310948,10.43934477,0,220.4590867,8.3594946,14.95947909,2.794282305,1.982104453,2.927875171,2.506901947,0.598179653
Borago_officinalis,Borago officinalis,4.5,8.2,2,11,1.715515647,265.9073267,5.82215116,10.88001556,-0.030524901,3.277714054,3.135527964,1.120331629,0.526217814
Bothriochloa_ischaemum,Bothriochloa ischaemum,5.5,8.5,3.912892254,9.456565834,3.931825633,167.8864852,5.182922485,7.851059128,0.196081007,-0.779493995,3.803807711,1.746352479,0.190979586
Bougainvillea_glabra,Bougainvillea glabra,6,8,9,11,3.931825633,258.3450754,8.856071556,10.14593245,1.595592799,2.161036428,3.135527964,3.02682385,1.21119349
Brachypodium_distachyon,Brachypodium distachyon,3.4,7.6,9.752982828,9.948227642,2.72243971,105.2067991,4.286081616,9.427607897,-0.978304948,-0.50299924,2.824578382,-0.053660858,-1.31495005
Brachypodium_sylvaticum,Brachypodium sylvaticum,5,8.2,9,10,3.258096538,117.8796107,7.406071273,10.14593245,0.660259049,0.410488045,4.277565543,-0.150522924,-0.925500241
Brassica_elongata,Brassica elongata,4.907229148,8.599760135,4.853622658,10.15312448,0,289.3486832,4.453949749,10.67535374,0,1.89266353,4.058519633,0.415221506,-0.370582492
Brassica_juncea,Brassica juncea,4.3,8.3,2,11,4.193225117,351.9236263,6.132463279,13.90399218,0.564020873,3.692518599,5.512266374,1.399953203,0.387734721
Brassica_napus,Brassica napus,6,8,2,11,9.892871574,239.1269546,8.975638763,10.20246353,0.196081007,2.961665457,3.135527964,0.772908683,-0.588850114
Brassica_nigra,Brassica nigra,4.9,8.2,2,11,2.724009422,243.935126,4.525284993,9.427607897,0.660259049,2.4892497,3.825797591,0.450481527,-0.228768705
Brassica_rapa,Brassica rapa,4.8,8.5,2,11,6.685860947,310.5125735,4.972578768,9.169478239,0.394059754,3.967454127,5.69672547,0.450481527,-0.228768705
Brassica_tournefortii,Brassica tournefortii,5.269472152,7.797486164,5.274354625,9.668753669,0,148.5,5.385589445,6.863279586,0,1.773290449,4.058519633,0.481282493,-0.540948214
Briza_maxima,Briza maxima,5.8,7,7.127768138,9.429285736,1.882565378,191.4360598,4.525284993,7.424382809,-0.511981762,-0.22164145,3.498382312,2.797901048,1.53130828
Briza_minor,Briza minor,5,8,8,10,0,222.9184984,5.182922485,9.914987694,-0.226701599,0,2.824578382,1.937227258,0.94812721
Bromus_arvensis,Bromus arvensis,5.2,7.5,5.902728186,9.697718784,3.544606836,211.0391248,7.109307986,8.618959777,-0.094942389,-0.10014642,3.31622656,2.025242465,1.505320927
Bromus_berteroanus,Bromus berteroanus,5.4,8.5,7,10,0,258.3450754,3.18431476,8.01300039,-0.529728542,-0.105024841,3.961581205,2.142980289,1.506384662
Bromus_briziformis,Bromus briziformis,5.3,7.2,5.972842508,9.608128374,4.319224278,227.1656545,4.525284993,7.851059128,-0.750571476,-0.555770822,2.780776261,2.040601291,1.129345777
Bromus_catharticus,Bromus catharticus,5.5,8,6.026367467,9.211112179,6.241240325,203.9809966,5.770674019,6.232737013,-0.094942389,-1.066903021,3.185483908,2.064214619,0.729588482
Bromus_diandrus,Bromus diandrus,5.516581686,7.291796447,6.373673718,9.683345985,5.56135586,236.4991419,5.142016972,8.307321381,-0.106149336,0,3.220574185,2.411519317,0.971512909
Bromus_hordeaceus,Bromus hordeaceus,5.635626183,7.686288967,5.086943079,9.551008766,7.155396302,296.4865165,4.034576942,7.334899549,-0.365823248,-0.405580078,2.983664246,2.261112879,1.294225311
Bromus_inermis,Bromus inermis,5.5,8,5.626838319,9.806502553,7.225481473,326.6009207,4.286081616,9.552888722,-0.020231594,0.410488045,4.30031564,2.314750654,0.958923336
Bromus_madritensis,Bromus madritensis,6.017576524,6.980382085,5.457796743,9.330777821,5.916202063,138.3254628,4.034576942,4.295591839,-0.845337521,-2.238704778,-1.133642861,1.861271546,0.804093163
Bromus_racemosus,Bromus racemosus,5.609926533,7.29334417,5.136978849,9.314794362,7.155396302,296.4865165,7.109307986,7.334899549,-0.31831842,-0.140609896,3.281796395,2.47925036,1.55610181
Bromus_rigidus,Bromus rigidus,5,8.8,6,11,0,279.2057029,4.034576942,10.69151897,-0.106149336,-0.105024841,3.910754108,2.298752912,1.710372657
Bromus_rubens,Bromus rubens,6,8.2,6,10,0,277.0083839,2.857904269,10.14593245,-1.067543184,-0.678789747,3.114643954,1.861271546,0.804093163
Bromus_secalinus,Bromus secalinus,5,7.5,6.903199468,9.815735421,3.178183768,195.0556046,6.455230718,8.70188061,0.113082067,-0.228605157,3.40999984,2.497205846,1.577474936
Bromus_sterilis,Bromus sterilis,5.2,8.1,8,10,3.583518938,236.6101578,5.385589445,11.76365166,0,-0.50299924,3.498382312,1.524343773,0.969541411
Bromus_tectorum,Bromus tectorum,4.7,8.8,5,10,0,312.5892058,3.768867641,11.76365166,-0.279831754,-0.50299924,3.199764121,1.586545751,1.036934899
Broussonetia_papyrifera,Broussonetia papyrifera,6,8,6,11,-0.721600656,148.5,7.406071273,11.14908925,2.260639059,1.999213884,2.554007048,0.326386803,-0.371191145
Bryonia_alba,Bryonia alba,5.27754958,7.477232538,4.371478759,10.21074568,4.615120517,220.4590867,6.967884749,11.63361081,1.701131071,2.216156616,3.114643954,2.20493325,0.966903293
Buddleja_davidii,Buddleja davidii,5.6,8.1,5,9,0,344.2827219,5.385589445,10.3693217,1.18539188,2.06530153,3.498382312,0.920989092,-0.394695958
Buglossoides_arvensis,Buglossoides arvensis,5.505499465,7.344218058,4.988083429,8.698554322,5.96149557,170.6262141,5.914023888,7.044251032,0.499557502,1.512050061,2.809900159,0.60581686,-0.797217369
Bupleurum_rotundifolium,Bupleurum rotundifolium,6,8,5,9,1.981369652,208.5232149,5.263161404,9.436144922,-0.511981762,2.02745117,3.08111207,0.880761779,0.377854907
Cakile_maritima,Cakile maritima,5,9.1,9,10,0,72.99662913,4.286081616,9.67580745,-0.07766724,1.136527255,3.705069467,0.596271135,-0.402671057
Calamagrostis_arenaria,Calamagrostis arenaria,6,8.5,7.583711488,9.900706506,0,72.99662913,7.691070924,8.968728896,0.179991243,-0.50299924,5.69672547,2.518464341,1.178050149
Calocedrus_decurrens,Calocedrus decurrens,4.6,8,5,8,3.931825633,310.5125735,5.182922485,10.20246353,3.193639309,0.147273058,0.342255425,2.93061869,2.043800381
Calystegia_sepium,Calystegia sepium,6,8,3,9,3.678888042,178.0858534,5.564932664,8.366097805,0.660259049,2.161036428,3.135527964,0.450481527,-0.228768705
Camelina_microcarpa,Camelina microcarpa,5.349479715,8.357617798,5.734095341,9.335730828,0,274.8023624,3.646654302,9.155363658,0,0.707912394,2.150321473,-0.168122802,-1.812685877
Camelina_sativa,Camelina sativa,5.391537909,8.069027424,6.480356375,9.163914167,0,195.0556046,4.037396344,8.315775003,0.257556782,0.410488045,2.460138205,0.068950947,-1.831401242
Cannabis_sativa,Cannabis sativa,6,8,8,11,-0.733003743,357.3330268,4.269527528,7.243896863,1.439425073,2.161036428,3.135527964,0.567387688,-0.095305898
Capsella_bursa-pastoris,Capsella bursa-pastoris,5,8.8,6,10,0,296.4865165,3.768867641,10.14593245,-0.226701599,0.958998231,3.135527964,-0.227732035,-1.934861167
Caragana_arborescens,Caragana arborescens,5,8.5,2,7,0,207.9500919,4.525284993,8.618959777,1.701131071,0.725570639,2.897658586,1.048388672,0.446291481
Cardamine_flexuosa,Cardamine flexuosa,5.403837724,8.735117375,5.915064002,9.789329294,-3.93038884,350.8380877,3.981436264,11.19605634,-0.728256317,2.743644179,3.818150451,0.60765742,-0.106603625
Cardamine_hirsuta,Cardamine hirsuta,6,8,4,8,0.567466088,221.551556,4.546460122,8.241754962,-1.531512651,2.216156616,3.627995346,-0.910499231,-1.738077592
Cardamine_impatiens,Cardamine impatiens,5.78987864,7.5,6.404573008,8.509681179,0,49.7992784,4.981211887,7.141166283,-0.279831754,1.394887341,3.333964012,-0.318519129,-1.865469598
Cardiospermum_halicacabum,Cardiospermum halicacabum,6,8,9,11,0.292380124,195.0556046,5.233005057,9.86327476,1.801588157,2.161036428,3.135527964,1.492690744,0.40034494
Carduus_acanthoides,Carduus acanthoides,5.5,7.2,7,10,3.044522438,219.6362529,6.638890516,10.47837165,0.579214025,2.06530153,4.010801839,1.527828249,0.232903134
Carduus_tenuiflorus,Carduus tenuiflorus,5,8.6,8,10,0,187.1125851,4.525284993,9.169478239,0.660259049,1.483226972,3.803807711,1.042393795,0.201668761
Carex_kobomugi,Carex kobomugi,5.7,7,6.927925293,9.436935207,1.521865489,131.9124671,8.486540225,8.618959777,-1.312539346,-0.22164145,3.60450364,-0.543713786,-1.934861167
Carex_longii,Carex longii,5.425722724,7.069881698,8.832290641,9.347813418,0,127.7660814,7.948215171,8.483496532,0.328592705,-0.779493995,4.058519633,0.762961185,-1.182385928
Carex_pendula,Carex pendula,5.5,7.5,9,10,0,121.2191689,6.638890516,8.761276155,1.017525457,0.707912394,4.737320868,0.773892393,-1.196844362
Carpobrotus_chilensis,Carpobrotus chilensis,7.5,8.1,7.387378061,9.687302256,0,30.81652035,2.501099391,6.343609315,0.660259049,0.183332585,2.150321473,1.134057644,-0.52274105
Carpobrotus_edulis,Carpobrotus edulis,5.302626414,9.5,8.950654699,10.42394966,-2.090528215,70.31464062,4.525284993,8.900350539,1.017525457,0.539252769,3.024260507,0.893929959,-0.321743783
Carthamus_lanatus,Carthamus lanatus,5,8.1,9,10,0,158.3403355,5.954240515,9.036363039,0.564020873,0.133349851,3.114643954,1.364760702,0.178677476
Casuarina_equisetifolia,Casuarina equisetifolia,6.2,8.8,9,10,0,195.0556046,4.034576942,14.95947909,2.794282305,-0.289469885,3.519882089,1.106916428,-0.540948214
Casuarina_glauca,Casuarina glauca,6.5,7.646216331,8.822177112,8.911602849,0,58.02753945,6.547312325,10.52313277,2.442045501,-1.989688124,0.717988848,0.620061287,-1.182385928
Catharanthus_roseus,Catharanthus roseus,5.068211839,6,10,11,2.436648678,195.0556046,7.829540478,8.618959777,0,0.958998231,2.25406502,2.561857474,0.795572268
Cenchrus_ciliaris,Cenchrus ciliaris,6,8.5,7.075096126,10.78342948,0,236.6101578,2.857904269,8.01300039,0.394059754,0.054181127,3.651233187,1.194635984,0.254862429
Cenchrus_clandestinus,Cenchrus clandestinus,5.417201552,8.335649775,7.587746503,11.04056237,0.6900556,187.4186182,5.6225015,10.06178475,-0.051124605,0.201846253,3.669473527,1.193285449,0.290265098
Cenchrus_echinatus,Cenchrus echinatus,5.436241634,8.826729326,8.075584511,11.29254114,-1.770340733,209.1886553,5.44033912,10.42641847,-0.106149336,0.095585984,4.058519633,1.546752758,0.860881361
Cenchrus_longispinus,Cenchrus longispinus,5.440878777,8.631552932,7,11,-0.39236564,191.9667613,5.333797068,10.03029297,-0.419620445,-0.440305632,3.340089706,1.264385446,0.62063737
Cenchrus_purpureus,Cenchrus purpureus,5.2,8.7,8.427704123,11.02829352,-0.010889935,203.5839725,8.486540225,11.24698695,1.03165979,0.515863186,4.485725669,1.704389828,0.637967595
Cenchrus_setaceus,Cenchrus setaceus,5.378506596,8.094796397,9,11,0.762412842,168.6234706,5.730752514,9.805636531,0.196081007,-0.098991937,3.135527964,1.439260754,0.284087703
Centaurea_calcitrapa,Centaurea calcitrapa,5.1,8.3,9,10,0,159.3076029,5.581301031,9.427607897,-0.094942389,-0.231093468,3.498382312,0.984627612,-0.073159018
Centaurea_cyanus,Centaurea cyanus,6,8,2,11,4.384553627,244.1257892,4.480843702,9.474529257,-0.094942389,0.958998231,2.25406502,0.269072907,-0.355860638
Centaurea_diffusa,Centaurea diffusa,5.5,8.4,6,9,0,266.6368644,4.972578768,12.29026117,-0.226701599,0.548684933,3.498382312,0.557467807,-0.106603625
Centaurea_iberica,Centaurea iberica,6.5,7.5,9,10,0,195.0556046,5.770674019,5.883661447,0.660259049,0.194651121,3.498382312,1.711321913,0.284178846
Centaurea_jacea,Centaurea jacea,5.564569298,8.002304629,6.003732109,9.331558635,1.736902973,242.3073194,5.257326943,10.92555658,0.196081007,0.958998231,3.825797591,1.009360695,0.043802309
Centaurea_macrocephala,Centaurea macrocephala,5.735200478,7.670591243,3,8,5.993961427,236.6101578,5.638073677,7.727029063,0.511208289,0.107520001,4.058519633,0.676906028,-0.502269152
Centaurea_melitensis,Centaurea melitensis,5,8.9,8,10,0,235.8157944,3.18431476,10.47837165,0,-1.161096215,3.114643954,0.829822903,-0.062302756
Centaurea_montana,Centaurea montana,6,8,3,11,2.202796011,238.9015739,4.812622447,9.631541076,-0.511981762,0.958998231,3.135527964,1.010876347,0.49000543
Centaurea_nigra,Centaurea nigra,5.5764745,8.002082452,6.076050819,9.31910119,1.570071594,238.1677108,5.243821189,10.86508285,-0.094942389,0.756792543,3.825797591,1.038195957,0.076306666
Centaurea_nigrescens,Centaurea nigrescens,5.577744573,7.716150999,6.237637486,9.084169264,2.731029905,226.7732465,5.468453465,10.42924456,0.406555176,0.707912394,3.825797591,1.185330943,-0.051586742
Centaurea_solstitialis,Centaurea solstitialis,5,8.9,5,10,0,278.4742217,4.525284993,12.20491126,0,0.251532259,3.114643954,0.526908355,-0.14143935
Centaurea_stoebe,Centaurea stoebe,5.468875137,8.340517954,4.863020031,9.801929719,3.433987204,313.2798916,3.486515835,10.14593245,0.564020873,0.693593114,3.379145419,0.828054822,-0.13418304
Centaurea_virgata,Centaurea virgata,5.7,7.1,6,8,5.602118821,205.4035467,6.132463279,9.914987694,0.516592058,0.299340891,3.495717571,0.979825016,-0.485665993
Centaurea_x,Centaurea x moncktonii,5.536229538,8.100222129,6.565032326,10.03044983,0,148.5,4.921565201,9.4871323,0.394059754,0.54771067,3.803807711,1.176121968,0.146896903
Cerastium_fontanum,Cerastium fontanum,5.4,7.3,6,10,0,292.2142163,5.581301031,12.29026117,-1.312539346,0.240756474,0.977459857,1.517023186,-1.116699638
Cerastium_glomeratum,Cerastium glomeratum,5.726495515,7.59626645,5.236242209,9.935310707,0,220.4590867,5.758268826,11.2454652,-2.175968501,0.410488045,1.161888095,1.322072546,-0.690576195
Cestrum_diurnum,Cestrum diurnum,5.489580431,7.935698127,7.418293754,10.24158924,0,148.5,7.829540478,12.07513201,0.660259049,1.57476175,2.713231738,1.572803953,0.564824714
Chaenorhinum_minus,Chaenorhinum minus,5.322523718,7.80785591,4.716110724,9.823814679,0.561155084,218.4890187,5.328024091,10.01896194,-1.312539346,0.869720779,1.227187564,0.325524022,-0.281765425
Chamaecrista_nictitans,Chamaecrista nictitans,5.209565261,8,6.96780404,10.54053965,-0.083319997,215.8001308,7.406071273,10.94928582,-0.226701599,1.136011928,2.592383142,0.791442952,0.097268201
Chasmanthe_floribunda,Chasmanthe floribunda,4.517511136,7.8,8.267102918,10.9640551,0,30.81652035,6.642752396,8.7916172,0.179991243,1.301547813,5.26375245,2.75886422,1.480353918
Chelidonium_majus,Chelidonium majus,5.304141153,7,4,8,2.365358214,207.9552462,6.155981996,7.61672787,0.196081007,2.961665457,4.30031564,0.757805779,0.120572873
Chenopodiastrum_murale,Chenopodiastrum murale,5.780651383,8.794946861,4.85942235,10.59996646,0,236.6101578,0.442426858,10.14593245,-0.106149336,1.690547164,2.460138205,0.718314578,-0.380828299
Chenopodiastrum_simplex,Chenopodiastrum simplex,5.906026109,7.5,5.135294227,10.06326228,2.546111618,225.6836571,3.259177983,8.914122717,0.406555176,2.4892497,3.135527964,1.416806788,-0.239495204
Chenopodium_album,Chenopodium album,4.7,8.3,5,10,0,295.0658385,3.768867641,9.914987694,1.017525457,2.216156616,2.824578382,1.038195957,-0.269104042
Chorispora_tenella,Chorispora tenella,5.8,8.1,6,9,0,259.8624242,3.486515835,7.15130792,-0.604252705,1.136011928,2.927875171,-0.197034969,-1.182385928
Christella_dentata,Christella dentata,7.144052403,7,9.751400915,10.66064311,0,30.81652035,7.235437163,10.02227845,0,0.342228061,2.158018246,2.622243209,1.330641487
Cichorium_intybus,Cichorium intybus,6,8,3,8,0,195.0556046,6.132463279,8.968728896,0.579214025,2.942951925,4.797664389,1.116487241,0.276330506
Cicuta_maculata,Cicuta maculata,6,8,5,9,7.224753406,270.2150703,5.40002911,9.123304356,0.579214025,2.161036428,3.135527964,1.553054423,0.659340464
Cirsium_arvense,Cirsium arvense,5.1,8.5,5,10,0,286.4689637,4.034576942,12.29026117,0.394059754,1.89266353,4.058519633,0.950735656,0.337342687
Cirsium_ochrocentrum,Cirsium ochrocentrum,5.577945457,7.572761863,3.781029005,9.25253321,7.224753406,270.2150703,5.280916509,9.741320756,-0.106149336,2.216156616,4.058519633,0.69374762,-0.175381841
Cirsium_palustre,Cirsium palustre,5.53895729,7.45147956,6.516022248,9.742420988,2.397895273,127.7660814,5.614606392,9.534336655,0.717100416,2.4892497,4.080918237,1.436382317,0.247571476
Cirsium_undulatum,Cirsium undulatum,5.420734395,7.997945537,4.155006431,9.567946286,4.615120517,296.4865165,4.940963041,10.73331361,-0.106149336,2.470990424,4.47008828,0.737279386,0.0581803
Citrus_trifoliata,Citrus trifoliata,5.362602842,6,5,9,7.533849883,151.6902694,6.927626639,6.133424759,1.899937518,0.942210382,2.041737357,1.558543174,-0.250046733
Citrus_x,Citrus x aurantium,5.296858898,6.664402245,4.65772315,9.083471221,5.635963969,178.9618817,6.441303246,6.947146376,1.439425073,1.097308481,2.217196411,1.242597315,-0.143937255
Clematis_terniflora,Clematis terniflora,5.1834146,8.931421392,5,9,0,320.828194,6.473929609,11.78065405,1.582778188,2.161036428,2.25406502,1.626913221,1.69754322
Clematis_vitalba,Clematis vitalba,5.5,8,7.01263921,8.880667201,0,30.81652035,7.829540478,9.169478239,2.09525329,1.62974694,2.352643367,2.207451385,1.696118291
Clerodendrum_indicum,Clerodendrum indicum,5.021489814,8.046333097,8,12,0,186.2197424,6.607763222,11.13985917,1.017525457,2.216156616,3.498382312,1.947729716,0.657268663
Clerodendrum_macrostegium,Clerodendrum macrostegium,5.130338154,7.94343861,7.054926515,11.35745517,0.805486184,184.0410692,6.691057159,10.58228719,0.5093413,2.056282066,3.269707621,1.643792929,0.500445669
Cocos_nucifera,Cocos nucifera,4,8,9.455553258,10.51105472,0,167.8864852,6.132463279,10.20246353,2.700020751,5.854669987,9.287519536,2.934885735,0.920321178
Colocasia_esculenta,Colocasia esculenta,4.2,7.5,8.767067884,10.57985138,-2.720570781,186.0226079,6.516809246,11.72178551,0.394059754,4.069721165,4.939846395,2.71653154,1.21119349
Colubrina_asiatica,Colubrina asiatica,5.20303244,7.2,9,11,0,31.03160633,8.856071556,12.07513201,1.965285051,1.835575322,2.313957526,1.283562074,-0.073159018
Commelina_communis,Commelina communis,5.506113047,5.473099462,5,8,11.80437819,61.85456624,7.835184914,4.727828948,-0.094942389,0.775692221,2.436454368,1.640093527,-0.540948214
Conicosia_pugioniformis,Conicosia pugioniformis,6.148707393,8.449120387,3,7,0,30.81652035,4.870989678,5.286830221,-1.531512651,0.183332585,3.498382312,-0.311991693,-0.849669441
Convallaria_majalis,Convallaria majalis,5.5,7.5,6.963433996,11.03964377,0.843769647,169.8153768,7.965501534,9.299846982,-2.175968501,2.747801865,3.825797591,2.62334684,2.122707035
Coronilla_varia,Coronilla varia,4.8,7.2,3,7,3.389532696,252.2307167,6.305747677,9.299846982,0,0.781620223,3.199764121,1.588381895,0.213885497
Cortaderia_jubata,Cortaderia jubata,4.5,8.3,8,10,0,235.8157944,5.182922485,11.85393136,0.859409015,0.183332585,5.69672547,2.06864854,0.373720443
Cortaderia_selloana,Cortaderia selloana,4.9,8.5,9.244828974,10.17834962,0,79.9325285,8.3594946,9.299846982,1.258869732,-0.427736711,5.140037985,2.196275925,0.455505932
Cosmos_bipinnatus,Cosmos bipinnatus,4.685328028,8.842334261,2,11,2.303147327,299.1454712,6.108647706,11.38032232,0.394059754,2.161036428,3.135527964,0.580786053,0.387734721
Cotoneaster_coriaceus,Cotoneaster coriaceus,6,8,6,8,1.804869647,187.6418766,5.359340623,8.779998016,1.03165979,0.403528717,1.388974261,-0.026370512,-0.383007851
Cotoneaster_franchetii,Cotoneaster franchetii,5.740723285,8.146549445,6,9,0.977305675,201.1064456,5.223720374,9.656395434,1.03165979,0.761372136,1.395018299,0.000435563,-0.244476735
Cotoneaster_pannosus,Cotoneaster pannosus,5,7.7,9,10,0,179.9090795,5.385589445,10.47837165,1.439425073,0.983720056,1.45896314,0.622850471,-0.035696938
Cotula_australis,Cotula australis,5.690116893,7.972061904,6.5792278,9.237750527,0,127.7660814,4.887267177,6.92161247,-2.721696483,0.418446865,1.964141862,0.730412158,0.584422682
Cotula_coronopifolia,Cotula coronopifolia,5.52259797,7.762897243,7.356613695,9.075767886,0,138.3254628,5.019742749,7.043077919,-1.312539346,0.624912769,2.150321473,1.225382725,0.642402077
Crataegus_monogyna,Crataegus monogyna,6,7.5,4.119041799,8.881052938,7.330405212,252.2307167,6.799348536,8.968728896,1.965285051,0.9137331,1.335478233,0.403169171,-0.282977988
Crepis_capillaris,Crepis capillaris,5.476937432,7.908103909,7.144469924,10.43699317,0,177.1707638,6.575366663,10.56953057,-0.586014969,2.318220573,1.584379585,1.263134898,0.68400123
Crepis_tectorum,Crepis tectorum,5.453843745,7.984950954,7.146113072,10.81174614,-0.335811847,231.0493144,6.428312937,11.4070524,0.019774926,2.961665457,0.977459857,1.618519286,1.071484732
Crotalaria_pallida,Crotalaria pallida,4.916950928,8.314189069,8.019353557,11.06125901,-0.868546987,211.3730082,7.369642348,11.84042555,-0.365823248,1.136011928,1.964141862,0.799615033,0.254862429
Crotalaria_spectabilis,Crotalaria spectabilis,4.8,8,9,11,0,195.0556046,8.3594946,11.71811092,0.394059754,1.690547164,3.114643954,1.328090727,0.385346644
Cruciata_pedemontana,Cruciata pedemontana,5.483017305,7,5.519873195,9.647687815,4.996220369,136.108721,6.047463544,9.277759809,-1.131754143,-0.578873486,0.54532066,1.294551393,-0.190745195
Cryptostegia_madagascariensis,Cryptostegia madagascariensis,5.520242104,7.38150218,10,11,0,105.2067991,5.385589445,10.94928582,1.801588157,1.982104453,2.736209367,2.479044263,0.592238268
Cucumis_melo,Cucumis melo,6,8,2,11,0,252.2307167,5.615131742,12.89409991,1.017525457,2.961665457,2.25406502,0.578904901,0
Cuphea_carthagenensis,Cuphea carthagenensis,5.063617724,8.109923438,6.210921993,10.45598529,0,154.4415461,4.802766651,9.281001825,-0.529728542,0.942210382,1.860324482,0.006435715,-0.368696823
Cuscuta_approximata,Cuscuta approximata,5.879582051,7.770391528,5.624766837,10.17623457,3.553415918,170.8750206,4.672746865,8.848079233,1.089610783,2.047408876,2.740695943,1.159646038,0.005112083
Cuscuta_epithymum,Cuscuta epithymum,6.057784269,7.631885905,4.616577214,9.856656811,7.601402335,189.2365343,2.857904269,7.684320554,1.227263201,1.811642426,2.439907659,0.915977617,-0.416736117
Cynara_cardunculus,Cynara cardunculus,6,8,7,10,1.831496947,153.6341271,5.385589445,6.863279586,0.660259049,3.777128085,7.006840942,1.707465997,0.728870002
Cynodon_dactylon,Cynodon dactylon,5,8,6,10,3.118092085,175.9287484,7.965501534,11.24698695,-0.89639855,-1.329654917,2.897658586,0.761610956,-0.773000704
Cynosurus_echinatus,Cynosurus echinatus,5,7.9,7,10,0,249.145797,5.954240515,11.85393136,-0.529728542,0.33992639,3.688873659,1.985652335,1.16975704
Cyperus_alternifolius,Cyperus alternifolius,6,8,8,12,0,127.7660814,4.949558586,7.823622833,0.579214025,0.958998231,4.493147309,1.281796825,-0.254199804
Cyperus_blepharoleptos,Cyperus blepharoleptos,5.449158841,6.5,9.592332492,9.32354547,0,18.85813212,6.565568834,5.311047565,0.874200431,-0.352847511,6.016093286,1.933900862,-0.40754997
Cyperus_brevifolioides,Cyperus brevifolioides,5.473916198,7.60927556,7.675391401,9.923637126,0,148.5,5.343045128,6.987504609,0.008132465,-0.0437115,4.71930641,1.038377424,-0.499078325
Cyperus_brevifolius,Cyperus brevifolius,5.6,7.5,10,10,0,259.8624242,4.525284993,4.792562071,-1.312539346,-1.017121545,3.498382312,0.882531918,-0.420475005
Cyperus_difformis,Cyperus difformis,5.448898264,8.698185035,6.246464968,10.37245097,0,236.6101578,1.119891149,6.863279586,-0.226701599,-0.50299924,3.803807711,0.21163904,-0.852695541
Cyperus_entrerianus,Cyperus entrerianus,5.762306173,7.420468804,7.9357779,10.6775281,0,30.81652035,5.149131871,6.419050963,0.019774926,0.240756474,3.135527964,0.940194237,-0.630077232
Cyperus_esculentus,Cyperus esculentus,5,8,8,10,7.106606138,270.2150703,4.972578768,8.618959777,-0.511981762,-0.161721175,5.436690603,1.018266074,-0.540948214
Cyperus_haspan,Cyperus haspan,4.5,7.8,7.710400826,9.375142086,0,212.1603194,8.3594946,8.968728896,-0.020231594,-0.89131314,5.863599654,0.498219292,-1.016246016
Cyperus_iria,Cyperus iria,6,8,4,9,0,92.99407874,5.07994047,6.314589648,-0.226701599,0.958998231,3.135527964,0.732820588,-0.228768705
Cyperus_rotundus,Cyperus rotundus,6,8,3,10,0,79.9325285,4.581126752,6.756726541,-0.106149336,-0.161721175,4.399622946,0.333664064,-0.749380678
Cytisus_scoparius,Cytisus scoparius,5.5,7,6,10,0,250.6906154,4.525284993,12.07513201,1.258869732,-0.22164145,0.717988848,0.505835013,-0.942428742
Cytisus_striatus,Cytisus striatus,5.4,6.9,9,10,0,195.0556046,5.770674019,9.299846982,1.342792277,0.136159207,1.72123412,1.599808847,-0.030562525
Dactylis_glomerata,Dactylis glomerata,5,7.9,4,8,0,288.6300942,5.581301031,11.85393136,0.704341426,0.33992639,4.642074245,1.705255347,1.048664379
Dactyloctenium_aegyptium,Dactyloctenium aegyptium,5.316704063,7,9,9,0,65.7210712,6.132463279,8.900350539,-0.728256317,0.183332585,3.627995346,2.200530299,0.598179653
Dalbergia_sissoo,Dalbergia sissoo,4.829349577,7.5,8.837232382,10.55813975,0,195.0556046,5.385589445,14.31435657,2.700020751,2.06530153,3.114643954,2.397544181,0.457466555
Daphne_laureola,Daphne laureola,5.760388713,8.20263967,3.986557613,7.042046716,0,65.7210712,6.292617894,6.83531128,0.394059754,0.410488045,2.313957526,1.525555402,0.970856416
Daphne_mezereum,Daphne mezereum,5.819053499,8,4,7,0,65.7210712,6.46270237,6.991369184,0.406555176,0.942210382,2.313957526,1.680547732,0.982571623
Datura_stramonium,Datura stramonium,5.720208639,8,6.306160245,9.872807297,0,292.9284154,4.343001214,9.447620851,0.394059754,2.861823169,3.498382312,1.259456258,0.679951343
Daucus_carota,Daucus carota,5.5,8,2,11,6.552507887,167.8864852,5.770674019,5.761212783,0.394059754,2.961665457,3.825797591,-0.062224764,-0.822058653
Delairea_odorata,Delairea odorata,4.866792822,6.401634798,5.199939884,7.817636103,0,228.6054967,4.744406712,1.775552616,1.801588157,2.216156616,2.313957526,2.073103396,0.4003809
Delphinium_ajacis,Delphinium ajacis,6,8,6,10,0,236.6101578,6.109773235,10.33444461,0,1.690547164,1.869392809,1.992569872,1.541363306
Deschampsia_elongata,Deschampsia elongata,6,8,5.139038761,8.93788531,3.584721517,221.1980272,4.034576942,5.761212783,0.179991243,-0.50299924,4.058519633,1.677148149,0.729056364
Descurainia_sophia,Descurainia sophia,5.121507104,7.831472838,6.004999975,9.134709137,0,310.5125735,3.930783089,10.27224895,0,1.955970922,3.135527964,-0.481997483,-2.285699323
Desmodium_incanum,Desmodium incanum,5,7,6.351845399,10.02833411,0,252.2307167,8.856071556,12.07513201,1.03165979,1.57476175,2.460138205,1.242310203,0.226006313
Dianthus_armeria,Dianthus armeria,6,8,3,8,7.976699228,282.1221584,5.00984213,6.052582171,-0.511981762,-1.100981745,2.25406502,0.666795891,-0.639367737
Dianthus_deltoides,Dianthus deltoides,6,8,3,8,7.674336899,285.006714,4.864402989,6.202856193,-0.950245226,-1.100981745,1.432206637,0.463194339,-0.685944289
Digitalis_lanata,Digitalis lanata,4.866643904,7.5,6.603231981,9.365211934,0,148.5,7.902564297,8.80190503,0.196081007,0.707912394,3.114643954,1.618069224,0.343829128
Digitalis_purpurea,Digitalis purpurea,5,7,4,9,7.696667082,350.8380877,8.975638763,8.968728896,0.406555176,2.470990424,3.498382312,1.448149294,0.068456472
Digitaria_ciliaris,Digitaria ciliaris,5,7,3.905386968,10.41964922,0,310.5125735,6.132463279,9.427607897,0.660259049,0,3.803807711,2.165296952,0.247571476
Digitaria_ischaemum,Digitaria ischaemum,5.463675782,7.930356763,3.033473233,10.88978045,-0.117429451,280.8545831,3.995650398,9.717582063,-0.820769397,-0.440305632,2.612429103,0.834113594,-0.293055289
Digitaria_sanguinalis,Digitaria sanguinalis,6,8,2,11,0,274.8023624,2.104618775,10.14593245,-0.094942389,0.240756474,3.825797591,0.730599867,-0.749380678
Digitaria_violascens,Digitaria violascens,5.382263008,7.888791141,3.4182641,10.69386943,0,274.8023624,4.303440709,9.55160215,-0.529728542,-0.352847511,3.803807711,1.083730878,-0.201651855
Dioscorea_bulbifera,Dioscorea bulbifera,6,6.7,9,12,0,206.2541281,7.829540478,12.07513201,2.484002714,3.554303402,3.858205607,2.56694872,0.178677476
Dioscorea_oppositifolia,Dioscorea oppositifolia,6,6.7,5,11,0,148.5,9.768658959,11.34360742,0.851225548,1.393344295,2.313957526,1.440667969,-0.244465683
Dioscorea_polystachya,Dioscorea polystachya,6.297327431,6.68589311,5,10,0,92.99407874,8.684451599,10.01910435,-0.511981762,2.625286874,2.762181989,1.188366478,-0.095812244
Dipsacus_laciniatus,Dipsacus laciniatus,5.786118182,6.970000124,5.276958683,9.540593749,2.270840722,165.8792745,7.514474359,8.55553371,0.717100416,2.4892497,4.493147309,2.456119443,1.053295504
Distimake_tuberosus,Distimake tuberosus,6.1,7.8,9,12,0,186.2197424,5.954240515,14.9282717,2.249828074,2.580891078,2.824578382,2.107032266,0.442922171
Dittrichia_graveolens,Dittrichia graveolens,5.360294906,7.646425183,4.070270983,7.313310979,0,116.7560274,6.174413162,6.555074821,0,0.958998231,3.135527964,0.948749106,0.353291392
Draba_verna,Draba verna,5.2,8.4,6,10,0,274.8023624,4.525284993,10.58574967,-1.807312725,0,1.161888095,-0.448613341,-1.016246016
Dracaena_hyacinthoides,Dracaena hyacinthoides,6.5,7.5,9,11,3.931825633,153.4592331,6.132463279,7.334899549,-0.728256317,2.216156616,5.606936025,3.391144713,2.014158204
Drymaria_cordata,Drymaria cordata,6.1,7.8,6.577684573,9.750069765,0,317.4082259,4.839685711,9.6010109,-0.728256317,0.042483988,0,1.327596609,0.061622667
Dysphania_ambrosioides,Dysphania ambrosioides,5.275475001,8.294607087,5.007320146,9.548674585,0,350.8380877,4.525284993,11.14908925,0,1.393344295,2.612429103,0.109540978,-1.474586612
Dysphania_pumilio,Dysphania pumilio,5.440707221,8.488842489,4.613795213,9.590864539,0,310.5125735,3.745798459,10.25446341,-0.538599196,0.264461274,1.044786444,-0.096343735,-1.324485419
Echinochloa_colona,Echinochloa colona,4,8.5,6.180552138,11.91144152,-1.061737199,286.360317,4.525284993,8.968728896,-0.529728542,0.634741539,4.62104722,1.097083778,0.317464586
Echinochloa_crus-galli,Echinochloa crus-galli,4.044726032,8.013639291,6.772222712,11.65736162,0.537176604,274.8023624,5.086826403,8.656824219,0.579214025,0.958998231,5.094872113,1.658456418,0.324200702
Echium_candicans,Echium candicans,5.2,8.3,9,11,0,186.3984805,4.753705912,8.761276155,0.579214025,2.164766095,3.435221401,1.554157715,0.408037048
Echium_vulgare,Echium vulgare,6,8,4,8,4.00151897,196.5902414,5.18835018,6.432212967,-0.094942389,1.393344295,3.135527964,0.688385318,-0.190241012
Eclipta_prostrata,Eclipta prostrata,5.2,7.9,10,12,0,228.6054967,8.3594946,8.247637368,-0.106149336,-1.161096215,-0.497870471,1.072866719,0.446291481
Ehrharta_calycina,Ehrharta calycina,5.3,8.3,9,11,0,183.5283619,4.753705912,9.552888722,-0.293614027,-0.352847511,3.498382312,2.023133097,0.793626427
Ehrharta_erecta,Ehrharta erecta,5,8.3,9,10,0,181.7231891,4.753705912,9.427607897,0,0.410488045,3.498382312,2.018269491,0.758542089
Elaeagnus_pungens,Elaeagnus pungens,5.10172094,6.105396569,6,10,0,148.5,6.132463279,12.07513201,1.804755142,1.690547164,2.592383142,1.037816604,-0.038487991
Elaeagnus_umbellata,Elaeagnus umbellata,4.8,6.5,4,9,0,317.4082259,5.385589445,13.61940685,1.439425073,0.942210382,2.313957526,0.45619852,-0.222225941
Eleusine_indica,Eleusine indica,5.8,8.4,9,10,0,236.6101578,3.486515835,10.14593245,-0.978304948,-0.22164145,3.114643954,0.326386803,-0.371191145
Elodea_densa,Elodea densa,6,8,4.749500622,10.20369043,0,267.3842848,3.493631024,10.65956908,-2.789965575,1.447919155,1.658018305,0.678580655,0.139149234
Elsholtzia_ciliata,Elsholtzia ciliata,5.438745663,6.435175752,7.952643639,8.683087889,6.890433142,153.40911,7.296568864,7.276557628,1.801588157,1.301547813,2.592383142,1.920231274,-0.347965107
Elymus_repens,Elymus repens,5.2,7.8,6,9,0,205.4035467,6.799348536,9.299846982,-0.106149336,0,4.47008828,2.519923125,1.170637994
Elymus_sibiricus,Elymus sibiricus,5,7.2,6.529283165,9.577223317,1.167286906,222.0480555,6.799348536,8.618959777,0.394059754,1.690547164,4.058519633,3.152932879,1.688274383
Emex_spinosa,Emex spinosa,4,8.2,9,10,0,92.99407874,4.286081616,5.635366737,-0.226701599,2.681778346,2.927875171,1.443955149,0.309141112
Emilia_fosbergii,Emilia fosbergii,5.011353361,6.616711982,5.955533021,9.398146387,0,30.81652035,5.258041935,5.929130173,0,2.470990424,1.747647674,1.677486219,0.377703684
Epilobium_hirsutum,Epilobium hirsutum,4.907824344,7.8,8.288915256,9.166422509,0,310.5125735,4.864395152,10.55173489,0.579214025,1.690547164,3.803807711,-0.535299487,-1.380412478
Epipactis_helleborine,Epipactis helleborine,4,8.5,8,10,0,196.7989057,5.770674019,9.427607897,0,2.161036428,3.135527964,2.888307154,1.9886569
Epipremnum_pinnatum,Epipremnum pinnatum,4,6,10,11,0.739998086,191.880569,6.132463279,12.90305505,1.801588157,3.777128085,4.797664389,3.317491582,0.634195035
Eragrostis_cilianensis,Eragrostis cilianensis,5.6,7.8,5.371867261,9.112969959,0,344.2827219,3.486515835,7.851059128,-0.106149336,-0.352847511,4.47008828,1.463295706,0.178084549
Eragrostis_cumingii,Eragrostis cumingii,5.389356469,7.5,7.393874071,9.708854586,0,40.8466213,4.589000096,6.075410915,-0.028511459,-1.161096215,2.824578382,1.455237384,-0.095041197
Eragrostis_curvula,Eragrostis curvula,4.5,8.5,6,9,0,344.2827219,4.972578768,9.427607897,0.564020873,-0.678789747,4.797664389,1.377033201,0.102024728
Eragrostis_lehmanniana,Eragrostis lehmanniana,5,8.5,4.114090992,8.771622917,5.303304908,259.8624242,2.104618775,4.295591839,-0.106149336,-1.017121545,3.803807711,0.543446041,-0.534365257
Erechtites_hieraciifolius,Erechtites hieraciifolius,4.5,8,4.898568016,9.289298406,0,186.2197424,1.119891149,6.133964855,0,1.446196906,3.199764121,1.241408215,0.321545181
Eremochloa_ophiuroides,Eremochloa ophiuroides,5.8,8.4,7,10,5.303304908,167.8864852,7.691070924,8.900350539,-1.312539346,-0.89131314,2.592383142,1.177700992,-0.190241012
Erica_lusitanica,Erica lusitanica,5,6.5,9,9,0,61.16144925,8.099074686,9.67580745,-1.312539346,-3.48284533,-0.350326313,0.908004947,-0.508316639
Erigeron_bonariensis,Erigeron bonariensis,5.1,8.7,8,10,0,254.5321488,3.768867641,8.900350539,0,-0.678789747,3.135527964,0.234297883,-0.609430854
Erigeron_canadensis,Erigeron canadensis,5,8.8,6,10,0,268.1306679,3.768867641,10.47837165,0.717100416,0,2.592383142,-0.106376158,-0.873736902
Erodium_botrys,Erodium botrys,5,8.8,8,10,0,228.6054967,4.286081616,9.914987694,-1.581319397,1.136011928,2.592383142,0.25318282,0.033230255
Erodium_cicutarium,Erodium cicutarium,5,8.8,6,10,0,297.1955866,3.486515835,11.76365166,-0.728256317,1.862006936,3.114643954,0.514063806,0.178677476
Erodium_moschatum,Erodium moschatum,5,8.8,8,10,0,196.7989057,4.286081616,11.29545421,-0.645165999,1.452852299,3.114676477,0.664282335,0.123738486
Erucastrum_gallicum,Erucastrum gallicum,5.318690594,8.532967388,4.446331335,10.77129368,0,236.6101578,4.680775123,10.7721528,-1.394738435,2.4892497,3.958577969,0.377701918,0.03905029
Erysimum_cheiranthoides,Erysimum cheiranthoides,6,8,4,8,0,310.5125735,3.328170608,7.339584058,0.406555176,0.659959934,2.612429103,0.048574395,-1.800003735
Erysimum_repandum,Erysimum repandum,6.2,8,6,8,0,244.4824497,3.486515835,6.763572622,0.626112717,0.539252769,2.713231738,0.324542587,-1.741757847
Erythrostemon_gilliesii,Erythrostemon gilliesii,7,8.5,8,11,2.226346514,124.4064808,1.119891149,3.509057154,2.01189863,0.276147118,1.767312851,1.152689147,-0.206350468
Eschscholzia_californica,Eschscholzia californica,5.8,7.5,6,10,0,256.8232832,4.034576942,10.89846577,-1.067543184,2.161036428,2.25406502,0.799119774,0.094307931
Eucalyptus_camaldulensis,Eucalyptus camaldulensis,5,8.5,8.898624056,11.05346353,0,296.4865165,2.857904269,11.14908925,3.004666406,0.707912394,4.058519633,1.193113362,-0.504350203
Eucalyptus_globulus,Eucalyptus globulus,5,6.8,9,11,7.313886832,303.5398586,6.305747677,8.968728896,3.004666406,1.16199125,3.171361599,1.644007714,-0.639367737
Eulophia_maculata,Eulophia maculata,4.630534786,8.356943789,7.191362965,9.940287829,0,122.3222718,6.046257957,8.703429782,-0.978304948,1.690547164,4.058519633,2.208767926,1.470002146
Euonymus_alatus,Euonymus alatus,5,7.5,4,8,0,79.9325285,8.3594946,8.618959777,1.701131071,1.393344295,2.25406502,1.194839644,-0.452076253
Euonymus_europaeus,Euonymus europaeus,6,8,3,7,0,65.7210712,8.055103772,7.488684244,1.595592799,2.161036428,2.25406502,0.59639129,-0.822058653
Euonymus_fortunei,Euonymus fortunei,5,7.5,4,9,6.621405652,376.476315,8.611597215,8.546524802,2.504022676,1.57476175,1.964141862,1.271664087,-0.655706021
Euphorbia_cyparissias,Euphorbia cyparissias,5.234073702,7.524630036,4,8,0,195.0556046,6.257823953,9.274484069,-1.312539346,0.958998231,2.25406502,0.664503474,0.103159203
Euphorbia_dentata,Euphorbia dentata,5.263164524,7.753446824,5.000454129,9.850408661,0,148.5,5.926992684,9.771870771,-0.978304948,0.807115872,1.535831833,0.398942905,-0.2531137
Euphorbia_hirta,Euphorbia hirta,5.109815807,7.9,4.872813351,9.612032041,0,195.0556046,5.626828753,10.00161008,-0.728256317,0.410488045,1.48804921,0.314920279,-0.371191145
Euphorbia_lathyris,Euphorbia lathyris,5.1,8.2,1,11,0,220.4590867,4.753705912,9.796473321,-0.427965901,0.958998231,3.135527964,0.402811842,0.037454377
Euphorbia_maculata,Euphorbia maculata,5.2783017,7.949067931,4.365148082,10.02087847,0,195.0556046,5.596445013,10.29483581,-1.312539346,0.958998231,0.977459857,0.121754039,-0.29729691
Euphorbia_myrsinites,Euphorbia myrsinites,5.087082734,7.895038885,5,9,0,267.3842848,5.931225729,10.24097685,-1.312539346,0.659959934,2.232364706,1.150503607,0.650922515
Euphorbia_oblongata,Euphorbia oblongata,5,8,8,10,0,203.6971136,5.954240515,11.48623291,-0.226701599,0.942210382,2.150321473,1.193184825,0.159516404
Euphorbia_peplus,Euphorbia peplus,5.095675468,7.8,4.512814151,9.848896128,0,195.0556046,5.712163824,10.7827311,-0.2970283,2.161036428,2.25406502,-0.383867102,-1.20058442
Euphorbia_terracina,Euphorbia terracina,5.247769341,7.060140997,6.140608411,8.882967766,0,65.7210712,6.777571201,8.607238705,0,0.881235272,2.55192777,1.392416967,0.136261479
Euphorbia_virgata,Euphorbia virgata,5.161380956,7.5,5.247723957,10.17073752,0,282.1221584,6.385892586,11.09698751,-0.511981762,2.161036428,2.544512092,1.552408612,0.778200366
Fagopyrum_esculentum,Fagopyrum esculentum,4.5,8.5,4.902376465,9.71681993,0,252.2307167,5.182922485,8.247637368,0.179991243,2.470990424,2.592383142,1.802648927,0.905959007
Fallopia_convolvulus,Fallopia convolvulus,4.750405469,7.5,2.925093237,8.831954417,0,289.3486832,4.532628456,10.7365336,0.019774926,2.161036428,1.766338127,0.326386803,-1.182385928
Fatoua_villosa,Fatoua villosa,6,8,5,11,0,65.7210712,6.492484487,8.801962886,-0.239695195,2.161036428,2.25406502,-0.491308627,-0.563206066
Festuca_bromoides,Festuca bromoides,5,8.8,6,10,0,258.3450754,4.034576942,9.914987694,-0.728256317,-1.329654917,2.592383142,1.509622557,0.842915318
Festuca_filiformis,Festuca filiformis,4.564177928,7.756038801,5.391606508,8.48435988,5.714449373,355.9662162,5.794157545,7.742779151,-0.529728542,-1.729226778,3.855956378,2.007078078,0.832280357
Festuca_myuros,Festuca myuros,5.119937484,7.449831902,5.424009073,9.415833142,4.416836864,236.6101578,5.581301031,6.863279586,-0.820769397,0.042180366,3.135527964,1.832739624,0.827615587
Festuca_rubra,Festuca rubra,5,5.953320286,4.504208361,11.02423186,8.664698553,339.277129,7.691070924,9.614636326,-0.094942389,4.133765434,-1.485425423,2.165141453,0.753105744
Festuca_trachyphylla,Festuca trachyphylla,4.530902774,7.610149473,5.404605263,8.181292613,6.675823222,354.547466,5.914329702,7.340740635,-0.279831754,-1.989688124,4.058519633,2.027763606,0.680641493
Ficus_altissima,Ficus altissima,5.813516616,6.536797449,9,11,0,18.85813212,7.130387001,8.267667111,2.700020751,2.131975464,2.223210572,0.7628024,-0.917887617
Ficus_carica,Ficus carica,6,8,7,10,0,65.7210712,6.584085572,8.837490316,1.899937518,2.961665457,3.825797591,-0.234443073,-1.112646451
Ficus_microcarpa,Ficus microcarpa,5.578800684,7,7.179983995,10.63744154,0,228.6054967,6.273993611,9.804577211,2.106295675,2.161036428,1.766338127,0.224649908,-0.969489024
Filipendula_ulmaria,Filipendula ulmaria,6,8,3,9,0,92.99407874,6.003419907,8.863470136,0.579214025,2.747801865,2.25406502,0.123757667,-0.242149068
Firmiana_simplex,Firmiana simplex,6,8,7,9,0,65.7210712,7.375928844,9.501351016,2.18862556,3.796644498,3.519882089,2.070824158,0.231663437
Foeniculum_vulgare,Foeniculum vulgare,6,8,4,9,-1.513416999,187.0410235,4.76762042,13.21660978,0.579214025,3.20398842,3.770536911,1.42026823,0.792133482
Fragaria_chiloensis,Fragaria chiloensis,4.5,8,9,10,0,70.13092383,6.132463279,10.47837165,-1.807312725,1.294066131,3.498382312,0.109427138,-0.179068979
Fragaria_vesca,Fragaria vesca,4.509668748,7.988566888,8.913466984,9.974159161,0.045945392,72.46155421,6.134285025,10.44417777,-1.762623723,1.297768061,3.47542356,0.113135215,-0.18429321
Froelichia_gracilis,Froelichia gracilis,5.394353911,7.5,5.55532096,10.04212687,2.634598638,255.7514895,8.486976087,9.272966639,-0.728256317,1.707963834,2.179742585,2.107718113,1.250842536
Fumaria_capreolata,Fumaria capreolata,5.702342578,8.4,5.430089782,9.828249988,0,18.85813212,5.375690673,8.227877443,-0.750571476,1.273585594,2.550500772,0.623136359,0.144815918
Galanthus_nivalis,Galanthus nivalis,5.817796687,7.757500446,3,9,0,92.99407874,6.06837369,6.493592863,-1.531512651,0.958998231,3.135527964,3.066954335,2.471851259
Galega_officinalis,Galega officinalis,5.4,7.2,5.083008664,9.368247694,1.180744375,207.2265423,6.323718779,8.688679559,0.579214025,1.188269164,2.009806188,1.302282712,0.727051325
Galeopsis_bifida,Galeopsis bifida,5.009788925,7.997854496,5.959521292,9.896693187,0.687815368,185.8488785,5.008515976,9.339232164,-0.978304948,1.358183268,1.822973751,1.09667841,0.444940398
Galeopsis_tetrahit,Galeopsis tetrahit,4.997325198,7.544516339,6.473331115,9.597645458,2.176458675,168.1127217,5.438714155,8.768391737,-0.094942389,1.393344295,2.03228038,1.544005981,0.41759036
Galinsoga_parviflora,Galinsoga parviflora,4.941100683,8.5,6.70060203,10.06301006,2.539873041,258.5632109,5.972276491,9.630089615,-0.226701599,1.393344295,2.03228038,0.397048668,-0.289998897
Galinsoga_quadriradiata,Galinsoga quadriradiata,4.970214423,8.674088115,7.571393346,10.83472176,0,274.8023624,6.038133464,10.75254342,-0.494563989,2.161036428,2.25406502,1.233109162,0.650922515
Galium_aparine,Galium aparine,4.9,8.3,6,10,0,263.6366923,4.972578768,12.03139132,0.179991243,-0.22164145,1.964141862,1.793494585,0.356637246
Galium_mollugo,Galium mollugo,5.167299034,7.684470203,7.326815961,10.23203983,0,129.9116376,5.531710578,10.87394329,0.179991243,-0.440305632,0.977459857,2.336031565,0.588993414
Galium_verum,Galium verum,5.328897812,7.903131374,5.659503827,10.25939925,0.906195957,158.8227102,4.759760696,10.84123719,-1.099139636,-1.100981745,-1.133642861,1.179941603,-0.058536367
Gamochaeta_purpurea,Gamochaeta purpurea,5.628867139,8,7.53324175,10.76341108,1.791759469,65.7210712,6.544568168,8.151927719,-0.949286327,0.958998231,2.25406502,1.033230956,0.415366813
Gastridium_phleoides,Gastridium phleoides,5,8.2,8,10,0,226.987875,4.972578768,9.796473321,-0.529728542,-1.017076854,3.165969885,2.057042389,0.845573709
Gazania_linearis,Gazania linearis,5.387209571,8.615835682,6.810165734,9.77803564,0,138.3254628,4.525284993,8.01300039,-2.175968501,0.958998231,3.135527964,0.613195646,0.574545325
Genista_linifolia,Genista linifolia,5.3,8.3,9,10,0,205.4035467,4.525284993,8.01300039,0.179991243,-0.745787737,1.306818159,0.411325261,-0.454336374
Geranium_columbinum,Geranium columbinum,5.015831443,7.954184566,7.9251835,9.853757007,0.689268073,190.0458714,5.620202985,10.60361968,-1.063837614,1.250760578,2.590092521,0.34401576,-0.350859391
Geranium_dissectum,Geranium dissectum,5,8.3,8,10,0,234.2230634,5.385589445,11.67229754,-1.394738435,1.344845289,2.569188847,0.263414289,-0.214565562
Geranium_lucidum,Geranium lucidum,5,7,9,10,0,72.99662913,7.109307986,10.58574967,-0.978304948,1.35436797,2.629549932,1.009436788,-0.067689586
Geranium_molle,Geranium molle,5,8,8,10,0,181.7231891,5.581301031,10.14593245,-0.978304948,1.296703455,2.670456563,0.453324821,-0.206799253
Geum_urbanum,Geum urbanum,5.206601058,8.097519797,4.761368912,9.622568217,0,186.2197424,5.950916675,9.748527619,-0.89639855,1.735058954,2.303305029,0.447255434,0.393802268
Gilia_capitata,Gilia capitata,5,8.2,7,10,0,260.6194486,5.385589445,12.45826572,0.067336003,1.013032306,2.090559743,1.019683409,0.094517569
Glebionis_coronaria,Glebionis coronaria,5,8.9,9,10,0,258.3450754,4.034576942,7.334899549,-0.978304948,0.543174493,1.964141862,1.702897768,1.28319524
Glechoma_hederacea,Glechoma hederacea,5.3,6.7,3,10,3.044522438,252.2307167,8.230371326,9.427607897,-1.633553259,2.161036428,2.25406502,0.499924285,-0.106603625
Glyceria_grandis,Glyceria grandis,5.625305264,6.883920928,5.004318195,8.998369475,6.966967139,227.7973991,6.481586849,8.021992323,0.329839537,2.153206089,3.136566687,2.015191366,0.661861283
Glyceria_maxima,Glyceria maxima,5.625729686,6.885043332,5,9,6.957676269,228.075169,6.480805976,8.028882209,0.328592705,2.161036428,3.135527964,2.015037383,0.663511701
Gnaphalium_uliginosum,Gnaphalium uliginosum,5.335476946,7.942654901,4.864388229,9.159671937,7.244941546,310.5125735,5.894187516,7.66562002,-1.531512651,-1.100981745,1.766338127,0.245594395,-0.275353631
Grindelia_squarrosa,Grindelia squarrosa,5.4,8.1,5,10,2.397895273,303.5398586,3.768867641,9.427607897,-0.094942389,0.503287793,2.03228038,0.577162683,-0.337330917
Gypsophila_paniculata,Gypsophila paniculata,5.8,8.5,6,9,6.928537818,282.1221584,4.286081616,6.558041722,-0.293614027,0.240756474,2.612429103,1.114080995,-0.192293512
Hedera_canariensis,Hedera canariensis,5,8.2,7,10,0,221.2803981,5.182922485,9.427607897,1.965285051,1.305559714,3.135527964,1.83767495,0.324200702
Hedera_helix,Hedera helix,4.5,8.4,4,13,0,330.9812962,5.182922485,11.39145166,2.700020751,2.161036428,2.25406502,0.995844553,-0.297076866
Hedychium_coronarium,Hedychium coronarium,4.932183869,7.42657426,7,10,0,274.8023624,10.9845606,11.86660426,1.017525457,2.942951925,5.07084907,2.674791802,1.163907248
Hedypnois_rhagadioloides,Hedypnois rhagadioloides,5.2,8.3,9,10,0,187.1125851,4.753705912,9.427607897,-3.730248731,1.146651903,2.291646785,0.080431975,0.246691006
Helianthus_ciliaris,Helianthus ciliaris,5.949965667,7.8,7.784930923,9.707115662,2.397895273,282.1221584,3.156049821,6.596580628,0.344431414,2.21481962,3.152019799,1.046311962,0.352898334
Helianthus_petiolaris,Helianthus petiolaris,6.2,8.1,9,10,0,75.80823208,2.857904269,5.372458522,0.196081007,1.708055276,3.135527964,1.011229148,0.364681945
Helichrysum_petiolare,Helichrysum petiolare,5.5,6.8,9,11,0,121.2191689,7.109307986,8.900350539,-0.529728542,1.136011928,1.335478233,1.77267058,0.658745996
Heliotropium_indicum,Heliotropium indicum,5.555080922,8,3,10,3.095464296,229.2781681,5.841817206,9.567958409,0.394059754,2.470990424,3.114643954,0.792967845,0.025012305
Helminthotheca_echioides,Helminthotheca echioides,5,8.6,9,10,0,263.6366923,4.753705912,10.3693217,0,2.288484556,4.058519633,0.809346282,0.178677476
Hemarthria_altissima,Hemarthria altissima,5.5,6.5,6.040243977,9.31462206,8.009611248,145.8011333,9.768658959,8.900350539,-0.89639855,-0.281990433,3.28941337,2.047381207,-0.030544753
Hemerocallis_fulva,Hemerocallis fulva,5.328159978,8.089998677,3,8,0,148.5,5.54155369,6.330291423,0.067336003,0.958998231,5.721752829,2.171356051,1.19956229
Hemerocallis_lilioasphodelus,Hemerocallis lilioasphodelus,5.381527293,7.944268293,3.401579065,7.930654601,0,92.99407874,5.767317245,5.750792237,0,0.707912394,5.863599654,2.228408838,1.172541847
Heracleum_mantegazzianum,Heracleum mantegazzianum,5.864042717,7.352314162,3,9,-0.362009802,270.2478078,5.875083362,9.953262099,1.439425073,6.024889374,7.713654076,1.133845963,0.541199428
Heterotheca_grandiflora,Heterotheca grandiflora,5,8.8,8,10,0,256.8232832,4.286081616,9.552888722,0.859409015,0.423937107,3.108801688,1.057794201,-0.060307254
Hibiscus_syriacus,Hibiscus syriacus,5.5,7.5,5,9,0,65.7210712,6.799348536,8.618959777,0.859409015,2.285050372,2.527825731,1.377063099,-0.181150032
Hibiscus_tiliaceus,Hibiscus tiliaceus,5,8.5,10,12,0,127.7660814,8.3594946,11.14908925,2.442045501,2.961665457,3.519882089,2.392198204,0.443849166
Hibiscus_trionum,Hibiscus trionum,5.628604546,7.825670136,5.382489446,10.14627536,2.397895273,220.4590867,6.608234182,9.759872781,-0.365823248,1.708055276,2.313957526,1.023955008,-0.196654968
Hieracium_lachenalii,Hieracium lachenalii,5.807404924,7.733212474,6.711781285,9.391261793,-0.03318497,68.44031101,6.128806463,8.114139148,-0.950245226,1.056203857,3.05725171,1.958036764,1.145328417
Hieracium_murorum,Hieracium murorum,5.918390677,7.608638328,6.819145787,9.441275579,0,30.81652035,6.254536204,7.750141984,-1.438391233,0.877634407,2.875352357,1.967232176,1.155969895
Hirschfeldia_incana,Hirschfeldia incana,5,8.8,7,10,4.615120517,203.6971136,4.034576942,10.58574967,-0.604252705,1.608129518,3.268106644,0.039081203,-0.70382738
Holcus_lanatus,Holcus lanatus,4,7.9,6,10,0,259.8624242,5.770674019,10.99975212,0.009943333,-0.01758542,3.50961971,1.097187821,0.500537378
Hordeum_jubatum,Hordeum jubatum,5.7,9.2,6,10,0,309.8188264,3.18431476,9.427607897,-0.511981762,-0.678789747,3.135527964,2.356814513,1.409615115
Hordeum_marinum,Hordeum marinum,5,8.8,7,10,0,254.5321488,4.286081616,11.67229754,-2.013731091,-0.835420211,2.775112951,2.151416786,1.419029985
Hordeum_murinum,Hordeum murinum,5,8.8,6,10,0,285.746784,3.486515835,11.09964794,-1.352829922,-0.478788239,3.048499799,2.339386443,1.419029985
Hordeum_vulgare,Hordeum vulgare,5,8.1,8,10,0,258.3450754,4.972578768,10.89846577,0.179991243,0.100767262,3.466691815,2.126587295,1.419029985
Humulus_scandens,Humulus scandens,6,8,4,8,0,148.5,5.284671207,5.531880699,1.595592799,2.961665457,3.135527964,-0.074665259,-0.535018228
Hydrilla_verticillata,Hydrilla verticillata,5.1,8.2,5,11,0,49.7992784,2.501099391,8.01300039,-3.455310322,0.958998231,0.977459857,0.053478847,-0.200036822
Hydrocharis_morsus-ranae,Hydrocharis morsus-ranae,5.303806567,7.5,7.305909576,9.518556378,2.397895273,18.85813212,4.625146217,9.715864069,-2.461625113,0.407563347,1.687979714,1.092365714,-0.171732855
Hydrocharis_spongia,Hydrocharis spongia,5,5.9,9,9,0,30.81652035,5.581301031,10.03144481,-2.175968501,0.719484112,1.804282162,1.950048213,0.087587326
Hylotelephium_telephium,Hylotelephium telephium,6,8,3,9,0,105.2067991,7.306969133,9.58569739,0.579214025,1.509987604,3.135527964,0.625826749,-0.174493856
Hymenachne_amplexicaulis,Hymenachne amplexicaulis,4.915907678,7.5,6.757813023,10.30716405,1.129206691,232.4703198,6.711269749,11.11408367,0.091116274,0.180165042,3.83218111,1.759943033,0.102698464
Hyoscyamus_niger,Hyoscyamus niger,6,8,4,8,3.393492162,272.9922016,4.582743141,8.095931004,0,2.961665457,3.519882089,0.772908683,0.137613861
Hypericum_canariense,Hypericum canariense,5.2,8.1,9,10,0,92.99407874,4.525284993,7.15130792,1.439425073,0.410488045,2.150321473,0.670455081,-0.726331091
Hypochaeris_glabra,Hypochaeris glabra,5.800497487,7.5,6.033696006,9.213118495,4.615120517,177.1707638,6.258212812,8.133950418,-1.316498921,1.912181496,2.941789659,1.030450833,0.426318184
Hypochaeris_radicata,Hypochaeris radicata,6,8,4,8,0,203.6971136,5.455557108,8.77205307,-0.529728542,2.161036428,3.135527964,0.902518401,0.283355352
Ilex_cornuta,Ilex cornuta,4.5,5.5,7,9,6.241177977,163.9431217,7.109307986,8.968728896,1.03165979,2.161036428,2.25406502,1.646589921,-0.435303459
Ilex_crenata,Ilex crenata,4.5,5.5,5,8,8.449614614,158.2579289,8.3594946,8.618959777,1.423311723,0.958998231,1.227187564,1.402277539,-0.73004442
Imperata_cylindrica,Imperata cylindrica,6,6,5,9,0,289.3486832,6.132463279,14.95947909,1.017525457,0.659959934,5.436690603,4.157155813,1.406441415
Indigofera_hirsuta,Indigofera hirsuta,5,8,6.095654048,9.934595426,0.332450403,211.8766571,7.691070924,11.48623291,0.394059754,1.531743387,3.114643954,0.970438373,0.195818187
Indigofera_suffruticosa,Indigofera suffruticosa,5.092953009,7.938097322,6.098464111,9.859167534,0.726638045,207.4446266,7.475397702,11.11409394,0.604394666,1.514951798,3.114643954,1.036059366,0.165791534
Inula_helenium,Inula helenium,5.68126677,7.223593008,3,7,0,65.7210712,7.232892144,6.410403174,0.328592705,3.303960319,4.493147309,1.319323045,0.745762447
Ipomoea_coccinea,Ipomoea coccinea,6,8,6,10,6.637258031,222.8367356,5.347139255,6.2915871,2.003416733,2.161036428,3.135527964,1.075909539,-0.223100897
Ipomoea_cordatotriloba,Ipomoea cordatotriloba,5.918427475,7.5,4.225015482,9.979704414,5.688608784,205.1430634,5.475114887,6.257740233,1.442661688,1.788445742,2.536568378,0.847288172,-0.298402222
Ipomoea_hederacea,Ipomoea hederacea,6.094426023,7.831002323,3.117519096,10.04234515,6.803505258,228.6054967,5.249674238,6.859055024,0.394059754,1.653189213,2.144868705,0.282705779,-0.437933258
Ipomoea_lacunosa,Ipomoea lacunosa,5.942671508,7.928759046,4.107065288,10.23150688,4.532546094,216.3224891,5.137716528,7.391757297,1.017525457,1.783883188,2.313957526,0.637313172,-0.228768705
Ipomoea_purpurea,Ipomoea purpurea,5.5,8.5,2,11,0,259.8624242,4.286081616,6.558041722,0.660259049,2.063333071,2.426996588,0.170665977,0
Ipomoea_quamoclit,Ipomoea quamoclit,5.85646214,8,4.694171235,9.778187114,5.786331416,206.7160431,4.953482539,5.808358038,1.595592799,0.958998231,2.25406502,0.619115304,-0.486588175
Iris_pseudacorus,Iris pseudacorus,5.2,8.3,5,10,0,238.985346,4.972578768,9.914987694,0.196081007,2.161036428,3.135527964,1.962597128,1.439201393
Jacobaea_vulgaris,Jacobaea vulgaris,4.8,7.8,5,9,0,195.0556046,8.611597215,12.45826572,0.25318074,2.161036428,3.135527964,1.315950847,0.11625497
Jacquemontia_tamnifolia,Jacquemontia tamnifolia,5.925439105,7.691921204,7.235474506,10.76565397,0,49.7992784,5.252285933,9.016740189,1.258869732,2.681778346,3.199764121,1.60751295,0.383212869
Jasminum_dichotomum,Jasminum dichotomum,5.254590017,6.780893209,9,11,6.957497371,220.4590867,9.768658959,10.58574967,1.801588157,1.301547813,2.150321473,1.896093659,0.262606271
Jasminum_fluminense,Jasminum fluminense,5.294243991,7.512170045,9,11,0,127.7660814,7.691070924,9.67580745,1.582778188,1.301547813,2.592383142,1.73221006,0.570083696
Juncus_ensifolius,Juncus ensifolius,5,8,6,10,1.791759469,279.9362322,3.486515835,12.29026117,-0.529728542,0.876772825,3.911849279,0.620829488,-0.643873529
Juniperus_virginiana,Juniperus virginiana,6,8,2,9,5.793325111,301.1144673,5.182922485,9.49055073,2.827761952,0.958998231,0.977459857,2.537845291,1.907030408
Kalanchoe_pinnata,Kalanchoe pinnata,6.028901969,7.14609473,5.739929151,9.165380237,0,99.19310167,8.856071556,10.14593245,0.660259049,2.06530153,3.803807711,1.432772561,0.149876306
Kalopanax_septemlobus,Kalopanax septemlobus,6,8,4,8,3.840643764,264.6207939,6.799348536,9.67580745,2.700020751,2.961665457,3.135527964,1.460696282,-0.136791259
Knautia_arvensis,Knautia arvensis,5.89857413,7.446866302,4.587606417,10.05928663,0.410492214,184.9832075,6.889311245,9.278325501,-0.870536863,2.295916417,3.490301379,1.925609455,1.133282669
Koelreuteria_elegans,Koelreuteria elegans,4.868002678,7.979287937,5.380772298,8.456456627,0.940601555,89.1639241,5.270347349,8.543607704,2.088885331,2.124860191,3.095864815,0.722906846,-0.19933181
Koelreuteria_paniculata,Koelreuteria paniculata,4.5,8,5,8,0,25.17669978,4.972578768,8.247637368,2.18862556,2.161036428,3.135527964,0.602427335,-0.29227303
Kummerowia_stipulacea,Kummerowia stipulacea,5.5,7.5,3.940864241,9.916525219,4.615120517,167.8864852,7.691070924,9.299846982,-0.820769397,-0.105024841,0.413882762,-0.223441952,-0.570847224
Kummerowia_striata,Kummerowia striata,4.9,7.3,4.029376714,9.799407882,4.176125757,222.1390114,7.691070924,9.299846982,-0.978304948,0.240756474,0.977459857,-0.168324228,-0.477455744
Lachnagrostis_filiformis,Lachnagrostis filiformis,5.2,7.9,9,10,0,100.4099551,5.581301031,8.618959777,-0.444174859,-1.161096215,3.498382312,2.950654841,1.509563447
Lactuca_muralis,Lactuca muralis,5.170389825,7.622734172,7.224165938,10.47527956,2.397895273,79.9325285,5.616505722,8.668532839,0,2.216156616,3.356546427,1.753217626,0.674141605
Lactuca_saligna,Lactuca saligna,5,8.2,7,11,0,195.0556046,5.182922485,9.914987694,-0.365823248,2.473139459,3.360246089,1.445028188,0.788677064
Lactuca_serriola,Lactuca serriola,4.7,8.8,5,11,2.397895273,259.8624242,3.768867641,10.89846577,-0.978304948,2.461579659,3.117913145,1.108705203,0.879284741
Lagerstroemia_indica,Lagerstroemia indica,5,7.5,6,9,3.931825633,148.5,7.965501534,8.247637368,1.765196333,1.136011928,2.150321473,0.723765204,-0.515053728
Lamarckia_aurea,Lamarckia aurea,5,8.2,8,10,0,201.1240666,4.286081616,9.169478239,-2.721696483,-0.285188676,3.498382312,1.001527353,1.088255259
Lamium_amplexicaule,Lamium amplexicaule,5,8.8,7,10,0,248.3716007,4.286081616,9.67580745,-4.076537672,0.958998231,2.25406502,-0.07981103,0.247571476
Lamium_galeobdolon,Lamium galeobdolon,4.5,6.5,4,9,1.791759469,77.1949729,7.829540478,10.25853254,-1.214666143,1.8485554,2.25406502,1.367885769,0.465737779
Lamium_maculatum,Lamium maculatum,4.893136737,8.185598223,3,8,0.50734997,143.358553,5.142572502,8.396464944,-1.168962535,1.121207782,2.688188283,0.478176905,0.027250837
Lamium_purpureum,Lamium purpureum,4.8,8.1,4,8,0,124.5138874,5.257009454,8.415810895,-0.845337521,1.10801725,2.838342944,0.734548869,0.094307931
Lantana_camara,Lantana camara,5.5,8.4,10,11,0,186.2197424,3.486515835,13.61940685,1.439425073,1.89266353,2.824578382,2.554017852,0.905959007
Lantana_montevidensis,Lantana montevidensis,5.6,7.5,8,10,3.828641396,196.7989057,4.525284993,8.01300039,-0.820769397,1.028658527,2.250838946,1.591761328,0.453843751
Laphangium_luteoalbum,Laphangium luteoalbum,5.434846025,8.865921042,3.967021446,10.24366499,-1.654517488,218.3323276,3.829986825,9.263001327,-1.87194968,1.504186456,2.425964002,0.456991441,0.739999202
Lappula_squarrosa,Lappula squarrosa,5.478311059,6.807082722,4.465076913,8.256578414,7.901510413,148.0600811,6.658637044,7.042069989,-0.226701599,0.655245156,1.747647674,0.171231194,-1.380412478
Lapsana_communis,Lapsana communis,5,8.2,7,10,0,243.7009319,6.638890516,11.67229754,-0.106149336,2.192473113,2.224781788,0.809346282,0.178677476
Lathyrus_latifolius,Lathyrus latifolius,5,7.5,6,10,0,262.883997,5.770674019,10.47837165,0.660259049,0.410488045,1.747647674,2.218372529,1.707481097
Lathyrus_sylvestris,Lathyrus sylvestris,6,8,2,9,2.79521816,259.7607468,7.691070924,8.618959777,0.579214025,0.782699949,3.135527964,2.389889566,1.884818216
Lemna_minor,Lemna minor,4.1,8.8,6,10,0,236.6101578,7.406071273,12.07513201,-3.035652438,-0.542376808,-0.220647539,0.660012292,-1.471264166
Leonotis_nepetifolia,Leonotis nepetifolia,4.919539135,7.575202679,6.729403753,9.919759875,2.084043214,200.9886565,4.034576942,9.169478239,0.939415966,2.942951925,2.964510279,1.810110074,0.423563499
Leontodon_saxatilis,Leontodon saxatilis,5.5,6.5,9,10,0,128.8410669,6.799348536,8.473203673,-3.228320114,1.686076743,2.363690694,0.957178734,0.465780033
Leonurus_cardiaca,Leonurus cardiaca,5.026142929,7.178287807,5.898786423,9.328179879,4.387863769,167.4718115,5.461283705,8.318252385,0.196081007,1.79592664,1.747647674,1.175306017,-0.159412441
Lepidium_appelianum,Lepidium appelianum,5.5,8,5,9,5.993961427,267.3842848,3.768867641,11.09964794,-0.063022866,1.207132567,2.573064219,-0.62106542,-2.242198783
Lepidium_campestre,Lepidium campestre,5.5,7.6,6,9,0,282.1221584,5.581301031,12.03139132,-0.845337521,1.755839315,2.501453582,-0.96793467,-1.899648193
Lepidium_chalepense,Lepidium chalepense,5.7,8.3,6,10,0,388.9727994,4.286081616,9.796473321,-0.083875137,1.361602178,3.024260507,-0.217364182,-1.469812894
Lepidium_didymum,Lepidium didymum,5,8.5,8,10,0,255.2969953,4.286081616,9.914987694,-0.365823248,0.183332585,2.313957526,-0.49634079,-2.106155591
Lepidium_draba,Lepidium draba,5,8.7,5,10,0,330.9812962,4.286081616,9.169478239,-0.728256317,1.57476175,2.592383142,-1.309558598,-1.821185443
Lepidium_perfoliatum,Lepidium perfoliatum,5.5,9.2,5,9,0,280.6658147,3.486515835,6.961079243,-0.978304948,1.446196906,2.824578382,-1.465930075,-1.857299104
Lepidium_virginicum,Lepidium virginicum,4.7,7.6,5,10,0,295.0658385,4.753705912,10.25853254,-0.365823248,1.690547164,3.114643954,-0.421862022,-2.202418967
Leptospermum_laevigatum,Leptospermum laevigatum,5.5,7.6,9,10,0,67.20669449,4.753705912,7.15130792,1.582778188,0,1.085066049,0.96906216,-0.503501335
Lespedeza_cuneata,Lespedeza cuneata,5.5,6.5,4,9,7.090909822,317.4082259,6.799348536,9.169478239,0.564020873,-0.50299924,0.960033254,0.509385902,-0.687402867
Leucaena_leucocephala,Leucaena leucocephala,5,8,9,10,0,244.4824497,7.048422537,12.89517978,2.249828074,-0.779493995,0.770446634,1.909195848,0.254862429
Ligustrum_obtusifolium,Ligustrum obtusifolium,5.191928342,7.507589903,3,7,0.757918851,150.9133233,5.994108422,8.183184502,1.595592799,0.942210382,2.250838946,0.88501351,0.346735226
Ligustrum_ovalifolium,Ligustrum ovalifolium,5.5,7.8,3,7,1.791759469,78.56960089,5.385589445,8.170478036,1.258869732,0.966889187,2.592383142,0.492984829,0.010767011
Ligustrum_quihoui,Ligustrum quihoui,5.470095718,7.599005347,5.392331232,8.469837068,0.317703869,127.1231612,6.970292505,8.553823288,1.017525457,1.136011928,1.860324482,0.825492976,0.343829128
Ligustrum_sinense,Ligustrum sinense,5.5,7.5,6,9,0,139.771771,7.406071273,9.169478239,1.367347676,2.161036428,2.25406502,1.200112228,0.617974326
Ligustrum_vulgare,Ligustrum vulgare,5,7.5,4,7,0,138.3254628,5.770674019,8.247637368,1.582778188,0.410488045,1.964141862,1.009360695,0.402812096
Limonium_ramosissimum,Limonium ramosissimum,5,9.1,9,10,0,77.1949729,4.034576942,6.961079243,0.383261155,0.752163805,2.768188285,1.259716323,0.109354285
Linum_bienne,Linum bienne,5,7.5,8,10,0,228.6054967,6.305747677,12.03139132,-1.352829922,1.133670024,0.863704211,0.020832689,-0.559810931
Linum_usitatissimum,Linum usitatissimum,5,7.6,9,10,0,267.3842848,5.385589445,8.761276155,-0.728256317,1.025299912,1.161888095,0.326386803,-0.371191145
Lobularia_maritima,Lobularia maritima,5,8.9,5,9,0,184.4276514,4.525284993,9.036363039,-1.940591664,0.958998231,0.977459857,-1.019577613,-1.240845395
Lolium_multiflorum,Lolium multiflorum,5,8.8,6,10,0,284.2996931,4.753705912,11.67229754,0.394059754,0.264461274,4.058519633,1.741722309,0.870147196
Lolium_perenne,Lolium perenne,5.2,8,5.978716551,8.934892456,0,236.6101578,5.770674019,5.883661447,0.067336003,-0.50299924,3.498382312,1.755032244,0.885306747
Lolium_pratense,Lolium pratense,6.7,6.9,4.719630098,8.378531372,5.308267697,313.8318951,8.099074686,7.512409066,0.179991243,-0.352847511,3.803807711,2.293130576,0.902273215
Lonicera_fragrantissima,Lonicera fragrantissima,5.46425698,7,4,8,2.082708249,211.5436158,7.062475873,8.050450762,1.03165979,2.161036428,2.25406502,0.820018231,-0.084158902
Lonicera_japonica,Lonicera japonica,4.9,8.6,4,9,0,166.9441373,4.753705912,8.968728896,1.801588157,1.136011928,2.234593188,0.292649784,-0.340791791
Lonicera_maackii,Lonicera maackii,5.5,8,3,8,0,310.5125735,6.956078387,8.968728896,1.582778188,1.393344295,2.444794289,0.433073893,-0.248700858
Lonicera_standishii,Lonicera standishii,5.26190253,7.724374609,5,8,0.107403085,214.9428264,6.516900763,8.702191528,0.838031979,1.708055276,2.612429103,0.695168905,-0.020248125
Lonicera_x,Lonicera x bella,5.317055657,7.326598304,4.630846429,7.533217133,2.132180745,192.3434236,6.683613503,7.651641397,1.582778188,0.958998231,2.03228038,0.950698809,-0.15337887
Lonicera_xylosteum,Lonicera xylosteum,5.381526051,7.103636911,4,6,1.646756983,246.1268196,7.18253262,7.937745366,1.03165979,2.681778346,1.964141862,0.390880074,-0.297076866
Lotus_corniculatus,Lotus corniculatus,4.9,9.1,6,10,0,301.4324916,4.286081616,10.47837165,-0.32181883,0.554176357,2.421829423,0.521694091,-0.559810931
Lotus_pedunculatus,Lotus pedunculatus,6,7.3,9,9,5.942799375,129.9116376,9.324463264,9.427607897,1.003406758,0.624258844,2.931294147,1.958959347,-0.442325845
Ludwigia_grandiflora,Ludwigia grandiflora,5.3,6.5,8,10,0,167.8864852,6.305747677,11.39145166,-1.807312725,1.703444839,2.803543089,0.761000515,0.081240298
Ludwigia_hexapetala,Ludwigia hexapetala,5.2,7.4,9,10,0,282.1221584,5.182922485,8.900350539,-1.453228859,2.161036428,3.135527964,0.650094598,0.235875191
Ludwigia_peploides,Ludwigia peploides,5.2,8.1,9,10,0,137.287791,4.525284993,9.299846982,-2.721696483,0.657126016,2.593929822,-0.135746715,-0.14168721
Ludwigia_peruviana,Ludwigia peruviana,5.049974002,7.768218183,8.027423954,9.840526908,0,282.1221584,4.936149073,10.57960272,-1.964791983,1.136011928,3.114643954,0.30536836,0.094307931
Lunaria_annua,Lunaria annua,5,7.6,7,10,0,252.2307167,6.132463279,9.796473321,-0.094942389,2.161036428,3.135527964,0.662557768,-0.57748686
Lupinus_polyphyllus,Lupinus polyphyllus,4.9,7.8,5,10,0,308.4290073,5.770674019,11.94316795,0.196081007,0.958998231,2.897658586,0.566907741,-0.165489292
Lycopus_europaeus,Lycopus europaeus,5.66988948,7.534085897,4.889515923,9.319517781,3.048178486,208.0023078,6.38266195,8.359472433,-0.444174859,1.572939119,2.269955562,0.610074024,-0.299709353
Lysimachia_arvensis,Lysimachia arvensis,5,8.5,8,10,0,258.3450754,4.972578768,11.29545421,-1.312539346,1.347120956,2.193040666,0.625274755,0.158427232
Lysimachia_vulgaris,Lysimachia vulgaris,5.17946712,7.510315957,9.623486346,9.943193777,0,65.7210712,6.391809397,9.612539942,-0.094942389,1.393344295,2.612429103,1.49463771,0.234031277
Lythrum_hyssopifolia,Lythrum hyssopifolia,5,8.3,8,10,0,233.4246778,4.972578768,10.14593245,-2.091954622,0.020849184,2.016960021,-0.293363943,-0.383947331
Lythrum_salicaria,Lythrum salicaria,5,8,3,10,0,252.2307167,4.753705912,9.796473321,1.03165979,0.958998231,3.135527964,0.285898432,-0.354785687
Maackia_amurensis,Maackia amurensis,5,8.5,4,9,1.235762563,167.8864852,4.034576942,9.299846982,1.582778188,0.958998231,2.25406502,0.560480548,-0.369184523
Maclura_pomifera,Maclura pomifera,4.5,7.9,4,9,0,195.0556046,5.182922485,8.618959777,2.01189863,2.161036428,3.135527964,-0.112520512,-0.759796981
Macrothelypteris_torresiana,Macrothelypteris torresiana,7.093654742,7.004202368,10.0181436,10.64110485,0,30.81652035,7.406071273,10.14593245,0.394059754,0.421446263,2.32294199,2.781242186,1.363660815
Madia_glomerata,Madia glomerata,4.847940978,7.950725021,6,9,0,317.4082259,5.770674019,10.25853254,0.231070801,1.882068603,2.324464933,1.100471541,0.375932892
Madia_sativa,Madia sativa,5,7.7,8,10,0,193.3045379,5.182922485,9.427607897,0.418333757,1.781062637,2.218894534,1.451708568,0.41486501
Malephora_crocea,Malephora crocea,5.2,9.1,9,10,0,30.81652035,4.034576942,6.119233419,1.044169594,0.072675004,2.917469824,0.837946847,-0.558418572
Malus_baccata,Malus baccata,5.281290287,7.877268421,2,7,0,195.0556046,6.171069123,8.891645707,2.106295675,0.564688029,2.603376236,-0.013444139,-0.340791791
Malus_domestica,Malus domestica,5.2,7.6,8,10,0,203.6971136,4.972578768,10.89846577,1.679071709,1.169878991,2.424818006,1.024311155,0.293415927
Malus_toringo,Malus toringo,5,7.8,4,8,4.615120517,236.6101578,7.965501534,8.968728896,1.765196333,0.835749034,2.745950634,0.621291374,0.186639422
Malva_moschata,Malva moschata,5.46634634,8.498287745,6.584882159,11.17852088,0,177.1707638,4.748814392,10.15857144,-0.820769397,2.961665457,3.135527964,1.189841551,0.297214736
Malva_neglecta,Malva neglecta,5,8.9,6,10,0,296.4865165,3.768867641,11.09964794,-1.312539346,2.161036428,3.135527964,0.435176722,-0.228768705
Malva_parviflora,Malva parviflora,5,9,6,11,0,274.8023624,2.857904269,9.914987694,-0.728256317,2.2367455,3.034814284,0.01916475,-0.749380678
Malvastrum_coromandelianum,Malvastrum coromandelianum,5.557751995,7.985024534,10,12,0,30.81652035,5.924970836,9.65693783,-0.494563989,2.443100817,2.947591507,1.500342194,0.051703145
Manilkara_zapota,Manilkara zapota,4,7,10,11,0,274.8023624,11.07923238,11.24698695,2.445960069,1.446196906,2.897658586,2.618302311,0.701900101
Marrubium_vulgare,Marrubium vulgare,5,8.8,7,11,0,272.5874989,3.768867641,9.299846982,-0.870536863,1.690547164,1.747647674,0.890886533,0.47416617
Maytenus_boaria,Maytenus boaria,5.488640913,7.518636579,4.700906293,8.330733001,4.615120517,79.9325285,5.581301031,8.01300039,2.442045501,1.41425496,2.068788854,1.111554957,-0.942999746
Mazus_pumilus,Mazus pumilus,5.7,7.8,9,10,0,116.7560274,5.827828383,8.973745403,-1.807312725,0.410488045,1.161888095,0.908744573,0.15578128
Medicago_arabica,Medicago arabica,4.8,8,9,10,0,118.997931,6.305747677,9.427607897,-0.508752526,-0.381401531,0.962426471,0.195299095,-0.522465878
Medicago_falcata,Medicago falcata,5.137762575,8.113297552,6.661253621,9.738681714,0.882752134,208.440057,5.263565616,9.73549371,-0.094942389,-0.161721175,0.977459857,0.821365878,-0.106603625
Medicago_lupulina,Medicago lupulina,4.8,8.5,6,10,0,296.4865165,3.768867641,10.47837165,-0.529728542,-0.50299924,0.717988848,0.557467807,-0.106603625
Medicago_minima,Medicago minima,5.1,7.8,8,10,4.025351691,195.0556046,5.385589445,7.851059128,-0.978304948,-0.68106698,0.820704961,0.138001125,-0.588850114
Medicago_polymorpha,Medicago polymorpha,5,8.8,3,9,0,271.8472215,4.525284993,11.67229754,-0.978304948,0.410488045,0.717988848,0.103376156,-0.629042472
Medicago_sativa,Medicago sativa,5.4,8.8,6,10,0,266.6368644,4.286081616,11.39145166,0,0.497757218,1.142869035,0.672823155,-0.249983526
Megathyrsus_maximus,Megathyrsus maximus,5.2,6.9,7.960110526,11.20211857,0,220.4590867,7.965501534,10.58574967,0.660259049,1.301547813,4.47008828,2.384524697,0.616599486
Melaleuca_quinquenervia,Melaleuca quinquenervia,5,6.5,9,11,0,186.2197424,8.099074686,15.0524817,2.585847888,1.301547813,2.460138205,2.155362174,-0.030562525
Melia_azedarach,Melia azedarach,4,8,7,11,0,289.3486832,5.182922485,10.94928582,2.874290843,2.161036428,2.25406502,0.376133693,-0.928301584
Melilotus_indicus,Melilotus indicus,6.1,8.2,4.494396041,9.649122083,1.07908496,202.4206201,5.385589445,8.618959777,-0.279831754,-0.088863507,0.717988848,0.351190714,0.057311209
Melilotus_officinalis,Melilotus officinalis,6.5,8,4.840199965,9.682462398,1.645282678,201.0219072,5.581301031,9.299846982,0.579214025,0.240756474,0.977459857,0.791356554,0.158412648
Melinis_minutiflora,Melinis minutiflora,5,7.5,6.710259917,11.95297213,0,310.5125735,7.691070924,11.14908925,0.660259049,2.861823169,3.429142931,2.026401054,0.749972971
Melinis_repens,Melinis repens,4,10,6.116493451,11.34058669,0,236.6101578,6.132463279,8.618959777,0.394059754,0,4.058519633,0.629852079,0.148974796
Melissa_officinalis,Melissa officinalis,6,8,3,7,3.18223081,255.7126657,6.228742874,8.066629937,-0.511981762,2.161036428,2.25406502,0.364242671,-0.228768705
Mentha_aquatica,Mentha aquatica,5.2,7.7,9,10,0,207.9500919,5.385589445,8.170478036,1.888636643,1.446196906,1.964141862,1.931362565,0.387734721
Mentha_arvensis,Mentha arvensis,5.2,8,6,10,0,247.5962032,3.768867641,9.796473321,-0.529728542,0.958998231,2.03228038,-0.158573512,-0.873736902
Mentha_diemenica,Mentha diemenica,5.515232355,7.884177096,5.909620557,9.426213263,1.258930055,178.0708273,5.164558324,7.944340196,-0.076613042,0.961163966,1.965589043,0.386131382,-0.458924519
Mentha_pulegium,Mentha pulegium,5,8.5,7.129139919,9.916346721,-0.872830921,92.99407874,4.525284993,6.961079243,-0.106149336,0.126471835,0.960033254,0.109855696,-0.528148861
Mentha_spicata,Mentha spicata,5.563703886,7.869313004,5,9,1.816009883,184.3539165,5.224468879,7.6044116,-0.094942389,0.958998231,2.25406502,0.276861537,-0.527086448
Mentha_x,Mentha x piperita,6,8,5,9,1.438324131,178.7398041,5.105722686,7.428781464,-0.511981762,0.958998231,2.25406502,0.18235727,-0.471447638
Mesembryanthemum_crystallinum,Mesembryanthemum crystallinum,4.854598097,8.314839207,10.68057552,10.50931423,0,30.81652035,5.581301031,6.863279586,0,0.480966775,3.498382312,0.456713986,-1.016246016
Mesembryanthemum_nodiflorum,Mesembryanthemum nodiflorum,5,9.1,9,11,0,101.6195865,2.501099391,6.119233419,-1.807312725,-0.538417781,0.717988848,-0.772632015,-1.337412559
Microstegium_vimineum,Microstegium vimineum,4,8,5,11,1.081388308,278.8647933,4.963637861,12.50663745,0,0.410488045,2.592383142,2.015325647,0.481279908
Microthlaspi_perfoliatum,Microthlaspi perfoliatum,5.4659768,7.731090977,6.229813916,9.459298205,0,92.99407874,3.912514545,8.310847094,-0.978304948,0.410488045,1.48804921,0.023286045,-0.961927918
Mikania_micrantha,Mikania micrantha,4.1,8.3,11,11,6.908754779,310.5125735,8.856071556,10.98137114,1.656259048,2.350237378,2.927875171,1.902571439,0.43938008
Mimosa_pigra,Mimosa pigra,5.16023054,7.76211898,9.178642861,10.38955186,0,116.7560274,7.691070924,10.69151897,1.582778188,0.756348304,3.356546427,1.685678877,0.15949565
Mirabilis_jalapa,Mirabilis jalapa,6.1,7.8,9,11,0,310.5125735,1.119891149,8.900350539,-0.094942389,2.350237378,3.114643954,1.637512807,0.17063402
Miscanthus_sacchariflorus,Miscanthus sacchariflorus,4.972071483,7.282018112,4,9,4.738749196,298.4222207,5.77342704,8.661241375,0.838031979,0.958998231,5.721752829,3.141450526,1.082589423
Momordica_charantia,Momordica charantia,4.3,8.7,2,11,0,148.5,5.954240515,13.7628602,1.595592799,2.492435672,2.25406502,1.154543732,0.68400123
Morus_alba,Morus alba,5,7,4,8,0,330.9812962,7.691070924,8.968728896,2.260639059,1.708055276,2.612429103,0.845240427,-0.106603625
Mosla_dianthera,Mosla dianthera,5.392290253,6.874627131,7,8,6.552507887,244.4824497,6.557683085,7.695508993,0,0.59838159,1.335478233,0.929654656,-0.622553412
Muhlenbergia_schreberi,Muhlenbergia schreberi,4.5,7.5,6,11,2.617160891,151.5946666,7.109307986,8.618959777,-0.020231594,-0.89131314,2.25406502,1.261189402,-0.106603625
Murdannia_keisak,Murdannia keisak,5.408491958,5.96202363,6.638392218,9.351594279,8.404679151,72.07992195,7.480482351,6.218831744,-0.279831754,1.143520287,2.25406502,2.181064587,0.238905987
Muscari_botryoides,Muscari botryoides,6,8,3,8,0,195.0556046,6.125540756,7.598325736,0.196081007,2.778668956,4.903158368,3.778438725,2.589346943
Muscari_neglectum,Muscari neglectum,5.966208879,7.5,4,7,0,195.0556046,6.466267407,6.93071082,-1.312539346,2.216156616,4.47008828,3.509060193,2.480948559
Myoporum_laetum,Myoporum laetum,5,9.1,9,10,0,158.3403355,4.286081616,9.169478239,1.965285051,1.136011928,2.877155663,1.35033446,-0.048962312
Myosotis_latifolia,Myosotis latifolia,4.9,7.8,9,10,0,155.4207749,6.799348536,10.58574967,-0.365823248,1.195448165,2.693072894,1.054439956,-0.058089484
Myosotis_scorpioides,Myosotis scorpioides,5.5,7.5,5,9,2.383918838,170.7705165,6.799348536,8.618959777,-0.820769397,0.707912394,2.313957526,1.163993448,0.324200702
Myosotis_sylvatica,Myosotis sylvatica,5.410425283,7.447549722,3,8,6.361194572,178.0812372,6.455063899,7.656918741,-0.706444856,0.659959934,2.25406502,-0.611484077,-1.471264166
Myriophyllum_aquaticum,Myriophyllum aquaticum,7,9,6,10,0,327.6143608,4.575439453,10.45102086,0.579214025,0.183332585,1.48804921,0.746117294,-0.018116616
Myriophyllum_heterophyllum,Myriophyllum heterophyllum,6.714920225,9.004887989,5.723111689,9.578493817,0,294.2116902,4.745760611,9.869289153,0,-0.50299924,2.041737357,0.491689843,-0.143849904
Narcissus_pseudonarcissus,Narcissus pseudonarcissus,5.709991021,7.089039521,4,8,2.466091959,70.83819906,6.589303104,5.415026973,-0.820769397,0.659957028,3.381458645,3.081321624,1.897286761
Nardus_stricta,Nardus stricta,4.905122572,8.762096403,6.412054666,8.998368425,0.133368832,204.5191327,4.889867326,8.10358873,-0.529728542,-2.149141457,4.058519633,1.263134898,0.68400123
Nasturtium_microphyllum,Nasturtium microphyllum,5.516458597,6.276439083,6.065173367,7.904499246,6.083217827,177.6059614,5.7601431,6.758769662,0,1.435903909,3.409628424,0.346292415,-2.097099983
Nasturtium_officinale,Nasturtium officinale,5.5,7,5.352277208,8.33632782,3.747538308,205.5582457,5.105136394,7.631117906,-1.036906752,1.393344295,3.135527964,-0.281399033,-2.008628617
Nepeta_cataria,Nepeta cataria,5.72928687,7.217802506,3,9,5.023576192,223.640202,6.916069248,7.973394864,0.196081007,2.161036428,3.135527964,0.640226243,-0.452076253
Nerium_oleander,Nerium oleander,5.5,7.8,8,10,0,236.6101578,2.501099391,10.94928582,1.439425073,1.86643846,3.356546427,1.993324661,0.410251652
Neyraudia_reynaudiana,Neyraudia reynaudiana,5,9,9,11,0,228.6054967,1.119891149,4.792562071,1.017525457,0.942210382,5.863599654,1.828890251,0.476177268
Nicandra_physalodes,Nicandra physalodes,5.981473305,8.5,5.319598242,9.738995659,5.993961427,267.3842848,4.409766713,8.636425827,1.258869732,3.158983843,3.803807711,1.112089382,0.217037212
Nicotiana_glauca,Nicotiana glauca,6.054116233,8.882979987,4,11,0,357.3330268,1.119891149,6.863279586,1.701131071,3.241317203,3.803807711,1.922932586,1.393564644
Odontarrhena_muralis,Odontarrhena muralis,5.497136936,7.228063374,4.515276596,8.392512986,7.313886832,220.4590867,4.675601782,6.951424135,-0.365823248,-0.22164145,1.161888095,-0.165145996,-1.632150607
Odontites_vernus,Odontites vernus,4.895270421,8.384530849,7.170484154,9.499165059,1.802488302,148.5069964,5.818847827,10.11193145,-1.036906752,-0.05121365,1.766338127,0.185770227,-0.579068508
Oenothera_glazioviana,Oenothera glazioviana,5.763712441,7.927112289,9.603585364,9.77517587,3.044522438,105.2067991,6.113020387,8.315146481,0.209665835,1.690547164,4.058519633,0.772908683,0.137613861
Oenothera_laciniata,Oenothera laciniata,5.6,8.7,9,10,0,148.5,4.934936752,9.491546272,-0.511981762,1.301547813,3.114643954,-0.32717496,-0.418838432
Oenothera_suffrutescens,Oenothera suffrutescens,5.829963574,7.692278816,6.713720806,10.03664649,5.017279837,236.6101578,5.079968552,9.328613316,-0.706444856,1.982104453,0.413882762,-0.580655885,-0.87815808
Oncosiphon_piluliferum,Oncosiphon piluliferum,5.6,9.1,8,10,6.216606101,138.3254628,2.857904269,6.558041722,-0.465190853,-2.149141457,1.335478233,1.202608855,0.193474803
Oplismenus_undulatifolius,Oplismenus undulatifolius,4.542568581,9.223648643,6,13,-2.335738526,246.0946292,3.556243492,9.826401832,-1.312539346,-1.533435358,2.313957526,0.451888902,0.05275755
Origanum_vulgare,Origanum vulgare,5.3,7,7,10,3.931825633,137.287791,6.305747677,9.427607897,0,1.136011928,1.48804921,0.326386803,-0.830398391
Ornithogalum_umbellatum,Ornithogalum umbellatum,5.491269845,8.535468208,4,9,0,195.0556046,5.201178761,7.084950328,-1.312539346,-0.678789747,4.058519633,3.021693496,2.296363374
Orobanche_minor,Orobanche minor,5.274832961,8.224456382,8.112875686,10.10089163,0,65.7210712,3.18431476,8.323790031,0,-0.678789747,0.717988848,1.68719284,0.565495473
Oxalis_debilis,Oxalis debilis,5.162962943,8.558421828,8.499875146,10.93151977,0,30.81652035,4.527755908,9.672154415,-1.312539346,0.686382763,1.48804921,0.344869238,-0.771419698
Oxalis_pes-caprae,Oxalis pes-caprae,5,8.6,9,11,2.397895273,92.99407874,4.753705912,9.914987694,-0.43214425,1.367242331,2.824578382,1.143536016,-0.282977988
Oxalis_stricta,Oxalis stricta,4.95286931,8.333482238,7.690095939,10.32457834,3.044522438,167.8864852,4.504876367,10.19137735,-0.706444856,1.136011928,2.313957526,0.195299095,-1.358852297
Oxybaphus_nyctagineus,Oxybaphus nyctagineus,5.803125482,8.083230671,6.936804715,10.44657094,1.237935646,226.9492814,5.267367988,9.304158165,0.196081007,2.161036428,2.612429103,1.488919603,0.243225664
Pachysandra_terminalis,Pachysandra terminalis,5.5,7.5,4,9,0,148.5,8.486540225,8.968728896,-1.312539346,1.446196906,2.313957526,0.967795571,0.516054582
Packera_glabella,Packera glabella,4,7,6.188916499,8.588687075,0,105.2067991,7.691070924,8.247637368,-0.365823248,1.136011928,3.114643954,1.419109269,0.21547443
Paederia_cruddasiana,Paederia cruddasiana,4.647379841,8.20180314,10,11,-0.398822253,222.5895737,5.599726551,12.89191027,1.965285051,2.527170277,3.199764121,1.353895695,-0.06921296
Paederia_foetida,Paederia foetida,4.604255399,8.352255786,9.295336834,10.57213624,0,220.4590867,5.342964916,12.3717641,1.899937518,1.690547164,3.024260507,0.938987849,-0.371191145
Panicum_antidotale,Panicum antidotale,6,8,4.980889213,10.67492143,3.44605039,211.203836,5.182922485,5.761212783,0.579214025,0.17668325,4.062788452,1.380625244,0.088602008
Panicum_miliaceum,Panicum miliaceum,5.8,6.8,2,11,5.837701316,310.5125735,4.034576942,5.234802787,-0.094942389,0.942210382,4.47008828,1.327878674,0.03905029
Panicum_repens,Panicum repens,4,7.7,8,11,0,236.6101578,7.829540478,9.67580745,0,-0.22164145,3.803807711,1.614861092,0.315642553
Papaver_rhoeas,Papaver rhoeas,5,7.9,3,10,0,236.6101578,4.753705912,7.684320554,-0.820769397,2.409892908,3.135527964,1.366325155,0.797285101
Paraserianthes_lophantha,Paraserianthes lophantha,5.3,8.6,9,10,-0.411715805,139.2183656,4.972578768,7.334899549,1.823788133,-0.300102573,1.906911321,1.126625886,-0.130181658
Parentucellia_viscosa,Parentucellia viscosa,4.5,8.2,9,10,0,132.039819,6.956078387,12.03139132,-0.529728542,0.410488045,1.624345145,1.289139068,0.297214736
Parthenium_hysterophorus,Parthenium hysterophorus,5.6,9,10,10,0,274.8023624,4.753705912,4.792562071,0.859409015,2.216156616,3.498382312,1.037873041,0.683433317
Parthenocissus_tricuspidata,Parthenocissus tricuspidata,5,6.5,4,8,0,331.7868237,8.3594946,8.968728896,2.372553752,2.961665457,3.498382312,0.094489109,-0.639367737
Paspalum_conjugatum,Paspalum conjugatum,5,7,8.246143076,10.24904528,0,212.1603194,7.406071273,11.14908925,0,0,3.498382312,2.267778283,0.387734721
Paspalum_dilatatum,Paspalum dilatatum,4.9,7.5,6,9,1.791759469,252.2307167,7.691070924,9.299846982,-0.094942389,0.183332585,4.642074245,0.979269378,-0.598736235
Paspalum_notatum,Paspalum notatum,4.3,8.4,8,10,0,236.6101578,7.691070924,11.14908925,-0.511981762,-0.659790377,4.080918237,1.182246266,-0.095305898
Paspalum_urvillei,Paspalum urvillei,5.4,7.9,8,11,0,168.8262191,8.856071556,11.14908925,0.859409015,0.707912394,5.192380849,1.99154434,0.178677476
Passiflora_edulis,Passiflora edulis,6,8,10,12,0,236.6101578,7.829540478,12.07513201,2.249828074,2.775056624,3.519882089,1.85067548,0.225277292
Pastinaca_sativa,Pastinaca sativa,6,6.5,4,8,0,203.6971136,5.581301031,6.863279586,0.660259049,2.961665457,4.665409252,1.39771854,0.526217814
Paulownia_tomentosa,Paulownia tomentosa,4,8,5,10,0,236.6101578,7.691070924,8.900350539,2.585847888,1.959472531,4.080918237,1.866378351,0.464292353
Peganum_harmala,Peganum harmala,7.5,9.4,1.136382802,9.668750424,4.110873864,350.8380877,4.096531942,8.826535797,-0.365823248,2.114002479,2.311989706,-0.345279347,-0.133403308
Perilla_frutescens,Perilla frutescens,5.302968283,7.698374315,10,11,0,167.8864852,6.439152061,10.25935213,-0.094942389,2.470990424,2.927875171,1.56805221,0.343829128
Persicaria_hydropiper,Persicaria hydropiper,5,7.5,3.403448425,8.715588711,2.125391949,195.0556046,6.799348536,8.968728896,-0.226701599,1.647146681,2.592383142,0.277366839,-0.427691944
Persicaria_lapathifolia,Persicaria lapathifolia,5.2,8.2,3.540252968,8.920719599,0,254.5321488,4.286081616,9.67580745,0,1.708055276,3.519882089,0.326386803,-0.371191145
Persicaria_longiseta,Persicaria longiseta,4.8,8,5.31789803,9.209467821,0,65.7210712,9.209772871,7.768311916,-0.094942389,1.198402705,2.25406502,1.410893859,0.65514416
Persicaria_maculosa,Persicaria maculosa,4,8.5,5.61148401,9.171259287,0,220.4590867,6.132463279,11.14908925,0.179991243,1.136011928,3.114643954,1.018087778,-0.268141122
Persicaria_orientalis,Persicaria orientalis,4.547645859,8.237464308,4.521138128,9.414256994,0,310.5125735,6.431956627,11.14825835,0.838031979,3.056304786,3.825797591,1.245633122,0.262813896
Persicaria_punctata,Persicaria punctata,4.722268773,7.890392395,5.202310253,8.561681738,0,195.0556046,5.386586064,7.795824904,0.179991243,0.659959934,3.135527964,1.252201815,-0.056741831
Persicaria_wallichii,Persicaria wallichii,4.662205641,7.5,4.001289497,8.199892116,0,413.3869872,5.581301031,6.863279586,0.564020873,2.187460331,3.910754108,1.58087326,0.328510347
Petrorhagia_dubia,Petrorhagia dubia,5.732236662,8.181294096,8,10,3.978282961,220.4590867,4.944021262,7.636255613,-0.529728542,-0.656856625,2.100441,1.389019702,-0.071211265
Phalaris_aquatica,Phalaris aquatica,5.4,7.5,5.332946663,8.322027581,3.43135238,212.1603194,5.385589445,5.234802787,0.660259049,0.095585984,5.07084907,2.83924247,1.53130828
Phalaris_canariensis,Phalaris canariensis,4.518778931,8.488532894,5,9,0,310.5125735,4.450220499,8.652150835,-0.529728542,0.183332585,3.803807711,1.705255347,1.164890254
Phalaris_minor,Phalaris minor,4,8,5,9,0.827748408,148.5,4.348170691,7.165150922,-0.106149336,-1.765489931,-0.669438412,2.005082867,1.278529362
Phellodendron_amurense,Phellodendron amurense,5,8.2,3,7,1.60113138,268.4553634,6.00458167,8.155186499,2.260639059,1.872883291,4.399622946,1.811262482,0.928788856
Phoenix_canariensis,Phoenix canariensis,6.1,7.8,9,11,5.303304908,148.5,6.579458151,11.58327577,2.372553752,6.357185915,6.827864354,2.079969257,-0.106603625
Phoenix_reclinata,Phoenix reclinata,5.527050379,8.768300306,9,11,1.642904678,310.5125735,6.132463279,14.95947909,2.258850779,6.897689897,7.527195132,2.043387601,0.317819543
Photinia_serratifolia,Photinia serratifolia,6.1,7.8,6,11,1.791759469,75.80823208,6.799348536,8.01300039,1.899937518,0.240756474,3.519882089,0.760466624,0.092434943
Phragmites_australis,Phragmites australis,5.097125182,8.536565077,6.852637523,10.67108048,-0.758946623,203.6971136,3.486515835,8.761276155,1.367347676,1.446196906,5.094872113,2.066282709,0.574892016
Phyllanthus_tenellus,Phyllanthus tenellus,5.536401357,8.5,5.983816892,10.27170347,0,127.7660814,4.73421587,10.73873448,-0.773412609,-0.027374736,0.668720274,0.055901323,-0.444094205
Phyllanthus_urinaria,Phyllanthus urinaria,5.425420169,8.655659499,6.162600505,10.29213382,-0.691311375,150.6165082,4.286081616,11.14908925,-0.529728542,-0.105024841,0.717988848,0.106098741,-0.417815933
Phyllostachys_aurea,Phyllostachys aurea,5,7.5,4,10,0,236.6101578,8.3594946,9.299846982,2.083412029,0.095585984,2.313957526,2.29005792,0.76101879
Phyllostachys_aureosulcata,Phyllostachys aureosulcata,5.030904149,8.014563421,4,11,-1.678641581,236.6101578,7.815396101,10.13653517,1.513394934,0.287723513,2.238876294,2.060845802,0.915789796
Physalis_virginiana,Physalis virginiana,5.863151543,8,6,9,2.517696294,209.5219892,4.093808262,7.498089225,-0.511981762,0.659959934,2.25406502,0.588687617,-0.029405466
Phytolacca_acinosa,Phytolacca acinosa,5.5,7.5,5.069685077,8.316080868,0,65.7210712,6.799348536,6.961079243,1.017525457,2.942951925,4.058519633,1.749719199,0.225277292
Phytolacca_americana,Phytolacca americana,4.7,8,4,8,0.426319006,148.5,7.691070924,9.299846982,1.03165979,3.144337368,4.080918237,0.967995564,-0.333352974
Picea_abies,Picea abies,5,7,2,7,4.100078809,236.6101578,6.799348536,8.968728896,2.383162064,0.663957064,0.977459857,2.687842871,2.187687675
Picris_hieracioides,Picris hieracioides,5.614414501,7.376668266,5,9,4.824437173,215.8257592,6.046849494,8.303041655,0.179991243,2.306441335,3.455315313,1.118052628,0.120572873
Pilosella_floribunda,Pilosella floribunda,5.914469914,7.252161044,6.382037132,9.059156323,1.942015593,98.56725013,6.100173639,7.785758188,-2.175968501,0.445242677,2.425518378,1.833304204,0.663511701
Pilosella_glomerata,Pilosella glomerata,5.825072289,7.357273514,6.329604255,8.968018564,2.011047122,104.6840225,6.090907505,7.811883423,-1.42105498,0.609274718,2.668029523,1.779563549,0.629823087
Pilosella_officinarum,Pilosella officinarum,6.022453418,6.975114696,6.66186188,8.946637599,2.397895273,30.81652035,6.375255382,7.0051957,-2.266632924,0.198730166,2.305005466,1.823178019,0.510918964
Pilosella_piloselloides,Pilosella piloselloides,5.544152672,7.696987905,5.876590036,8.736601007,2.397895273,195.0556046,5.795044786,8.494329417,0.019774926,0.958998231,3.114643954,1.668270022,0.563102584
Pimpinella_saxifraga,Pimpinella saxifraga,5.956182617,7.531663652,4,8,-0.318224453,204.5924665,5.471777589,10.47672974,-0.094942389,2.786778954,4.080918237,1.809138914,1.159087512
Pinus_elliottii,Pinus elliottii,4.978307737,6.538011254,8,11,5.793013608,169.9504896,9.549372557,8.900350539,2.811287536,2.472554386,3.958577969,3.951948617,2.836165291
Pinus_sylvestris,Pinus sylvestris,4,7,2,7,0,282.1221584,3.486515835,10.14593245,2.709822315,1.197652945,2.444794289,2.757720123,2.257717713
Pinus_thunbergii,Pinus thunbergii,5.5,8,5,8,0,148.5,9.09351798,9.036363039,2.383162064,0.973521745,2.689875416,2.563768752,2.307057505
Piptatherum_miliaceum,Piptatherum miliaceum,5.661358342,8.028947316,8.238235172,9.514179603,3.328265917,199.3995934,4.881881263,7.558274502,-0.068651258,0,4.058519633,1.903953064,0.717216123
Pistacia_chinensis,Pistacia chinensis,5.240221772,8.258248199,6,9,5.364831905,279.5572689,6.034815262,6.381401998,2.013907093,1.632899361,4.080918237,0.996529625,-0.099974486
Pistia_stratiotes,Pistia stratiotes,4.995294155,7.826304993,8,10,0,148.5,5.359836808,10.24770267,-2.175968501,2.470990424,3.498382312,-0.475257335,-1.380412478
Pittosporum_undulatum,Pittosporum undulatum,5.308822909,7.144203546,9,11,4.615120517,148.5,7.829540478,11.53317946,2.09525329,2.401844772,2.234593188,2.314252078,0.415090634
Plantago_aristata,Plantago aristata,4.719673454,6.904734325,5.214512242,8.840421584,0.651179897,49.7992784,5.85545013,6.882839148,-0.950245226,-0.440305632,3.135527964,0.739947299,-0.458799063
Plantago_lanceolata,Plantago lanceolata,4.2,7.8,5,9,-3.40512639,203.6971136,6.132463279,11.14908925,-0.950245226,1.57476175,3.498382312,0.967995564,0.356637246
Plantago_major,Plantago major,4.8,7.3,3,12,0,244.4824497,2.857904269,6.863279586,-0.950245226,2.4892497,3.519882089,0.34235101,-0.352826197
Poa_annua,Poa annua,4.8,8.143603461,4,8,0,167.8864852,2.104618775,4.792562071,-1.807312725,-1.801977529,2.715551374,1.491970609,0.340592862
Poa_compressa,Poa compressa,5,7.236434058,5,7,7.512071246,281.4672675,4.525284993,7.851059128,-0.529728542,-0.89131314,2.824578382,2.825961006,0.94812721
Poa_humilis,Poa humilis,6,7.5,3,7,7.107425474,354.6772683,5.079830932,7.31677622,-0.106149336,-0.678789747,3.498382312,2.225048891,0.460237045
Poa_pratensis,Poa pratensis,6,7.5,3,7,7.107425474,354.6772683,6.799348536,9.299846982,-0.106149336,-0.678789747,3.498382312,1.85716423,-0.106603625
Poa_trivialis,Poa trivialis,4.8,8.072981161,3,7,0.396293611,116.7560274,6.132463279,8.247637368,-3.035652438,-1.709446737,2.731658951,1.479051574,0.920321178
Polycarpon_tetraphyllum,Polycarpon tetraphyllum,5.738516157,8.126312021,8,10,-1.385510578,281.940513,4.901286241,10.00200019,-1.807312725,0,0.413882762,1.101691716,0.163918353
Polygonum_argyrocoleon,Polygonum argyrocoleon,5.391317269,8,3.70118681,9.902322606,3.433987204,155.1273278,4.308397931,9.97507361,-0.226701599,0.780862239,1.747647674,1.091590734,-0.961747924
Polygonum_aviculare,Polygonum aviculare,5,8.4,2,10,3.433987204,316.0350985,3.486515835,9.614636326,-1.807312725,0.707912394,1.964141862,0.45619852,-1.008613691
Polygonum_perfoliatum,Polygonum perfoliatum,5.5,6.4,4.990801781,9.530863719,4.394449155,259.8624242,5.385589445,12.07513201,1.582778188,1.690547164,2.150321473,2.4924515,-0.70758421
Polypogon_monspeliensis,Polypogon monspeliensis,4.8,7.8,7,10,3.433987204,274.7286769,3.18431476,10.47837165,0.019774926,-0.352847511,0.481339039,1.859361498,0.395860777
Polypogon_viridis,Polypogon viridis,4.647233257,7.946629595,8,10,2.057785672,310.5125735,3.64936998,10.96925618,0.058720773,-0.411759302,1.158114836,2.064161089,0.599405391
Pontederia_crassipes,Pontederia crassipes,6,8,9,10,0,65.7210712,4.034576942,8.170478036,0,2.942951925,4.058519633,2.21904549,0.86590994
Populus_alba,Populus alba,7,7,4,9,0,310.5125735,4.525284993,7.334899549,2.569889967,2.117198527,2.897658586,0.480267189,-0.70382738
Populus_nigra,Populus nigra,5.5,7.5,2,10,0,376.476315,4.525284993,7.334899549,2.874290843,2.216156616,2.313957526,-0.030543706,-0.785032751
Populus_x,Populus x canescens,6.207107473,7.266346646,3.10081551,9.463629507,0.051105306,336.4238791,4.603844168,7.510212137,2.657637764,2.099607126,2.594597908,0.260981679,-0.729295869
Potamogeton_crispus,Potamogeton crispus,6.4,8.5,4,12,3.149451399,244.4824497,4.525284993,8.618959777,0.406555176,0,2.612429103,0.470814572,-0.749380678
Potentilla_argentea,Potentilla argentea,4,6,3,7,7.123247338,164.5852017,7.322185606,7.148849516,-0.706444856,0.958998231,2.25406502,-0.822623869,-1.738077592
Potentilla_indica,Potentilla indica,4.696223963,7.5,5,9,-1.305963403,194.6700479,6.281574243,9.645439538,-1.807312725,1.393344295,1.766338127,0.494275499,0.546124853
Pourthiaea_villosa,Pourthiaea villosa,5.797563993,6.838239633,4,7,4.952619807,189.8705009,7.593481221,7.636574407,1.367347676,1.136011928,2.313957526,0.298187257,-0.393652261
Prunella_vulgaris,Prunella vulgaris,6.1,7.8,4,9,0,213.8328179,5.581301031,6.863279586,-1.312539346,0.410488045,0.960033254,0.256204864,-0.452076253
Prunus_avium,Prunus avium,5.5,7.5,3,8,0,212.1603194,7.109307986,9.67580745,2.442045501,2.470990424,3.498382312,0.066761657,-0.928301584
Prunus_cerasifera,Prunus cerasifera,5.690633502,7.2,5,8,2.868894264,148.5,7.063837752,8.895714345,1.899937518,1.198402705,2.25406502,-0.263954367,-1.246983224
Prunus_cerasus,Prunus cerasus,6,7,3,8,6.685860947,220.4590867,7.261042922,8.632544147,1.965285051,1.962758909,2.897658586,0.210959062,-1.337719836
Prunus_mahaleb,Prunus mahaleb,5.74376647,7.384271159,4,8,0,109.967745,6.745614268,8.971544375,1.965285051,1.690547164,1.766338127,-0.368494234,-1.182385928
Prunus_padus,Prunus padus,5.5,7.5,5.599304193,8.925642021,0,148.5,5.385589445,8.900350539,2.246637639,1.89266353,2.927875171,1.138203207,0.162507525
Prunus_persica,Prunus persica,6,7,5,9,3.931825633,53.16462581,7.829540478,8.618959777,1.765196333,1.393344295,3.135527964,-0.535299487,-1.380412478
Psidium_cattleyanum,Psidium cattleyanum,4.511644485,7.537492374,9,12,0,259.8624242,8.856071556,17.15365672,1.258869732,1.89266353,2.824578382,1.499062479,0.082730003
Pteris_vittata,Pteris vittata,7.2,8.8,8,11,0,236.6101578,5.954240515,14.31435657,-0.094942389,0.183332585,3.114643954,2.234461457,1.559001493
Puccinellia_distans,Puccinellia distans,4.901007943,7.937765827,5.803327968,9.10205583,2.761257619,289.3486832,5.223370075,9.062420957,-0.511981762,-0.89131314,2.612429103,1.588577425,0.780090063
Pueraria_montana,Pueraria montana,5.348844699,7.59644032,5,10,2.659370033,195.0556046,8.611597215,10.58574967,1.965285051,3.284917651,3.429142931,0.734548869,0.094307931
Pyracantha_angustifolia,Pyracantha angustifolia,5.5,6.5,5,9,7.378383713,310.5125735,8.411879508,8.645462411,1.017525457,1.068377469,1.682595773,0.032735917,-0.728253807
Pyracantha_coccinea,Pyracantha coccinea,6.1,6.5,6,9,0,195.0556046,8.611597215,8.473203673,1.513394934,1.175831279,2.03228038,0.420160705,-0.371191145
Pyrus_calleryana,Pyrus calleryana,6,8,5,9,0,79.9325285,8.3594946,8.618959777,2.260639059,1.89266353,2.460138205,-0.107300456,-0.540948214
Pyrus_communis,Pyrus communis,5.5,7,4,8,5.993961427,236.6101578,9.768658959,8.900350539,2.260639059,0.942210382,2.150321473,0.346645433,-0.504350203
Quercus_acutissima,Quercus acutissima,4.9,8.205926422,5,8,0,252.2307167,8.856071556,13.90399218,2.383524437,1.955970922,3.432681847,0.619737542,-0.035768583
Ranunculus_bulbosus,Ranunculus bulbosus,6.434883794,7.075396619,4.217194457,8.094562131,4.08490886,30.81652035,7.098921754,6.775095497,-0.978304948,1.775591616,1.771145115,1.955167031,1.431341869
Ranunculus_ficaria,Ranunculus ficaria,6.259885841,7.8,4,8,0,65.7210712,6.325859225,7.79783368,-1.312539346,1.446196906,1.398721609,1.7886083,1.758463194
Ranunculus_muricatus,Ranunculus muricatus,6.293340377,7.744234409,3.971008111,8.551991035,1.681123868,116.7560274,6.47858287,8.228161365,-1.395237127,1.982104453,1.747647674,1.949141305,1.889845024
Ranunculus_testiculatus,Ranunculus testiculatus,6.364442314,8.082650913,1.090246898,7.496439027,6.398594935,203.6971136,5.581301031,6.863279586,-3.035652438,0.240756474,1.432206637,0.43453832,0.923891645
Raphanus_raphanistrum,Raphanus raphanistrum,6.5,7,2,11,5.288765964,158.3403355,5.242660118,9.844221587,-0.226701599,1.690547164,3.498382312,0.651248098,-0.540948214
Raphanus_sativus,Raphanus sativus,5.5,6.8,2,11,2.887172273,92.99407874,6.132463279,11.71811092,0,3.284917651,5.07084907,1.269181446,0.04852662
Rapistrum_rugosum,Rapistrum rugosum,5.415414123,6.974318314,8,10,1.473069818,49.7992784,5.892718506,9.172509088,-0.820769397,1.414691138,3.803807711,1.077930914,-0.328387374
Reynoutria_japonica,Reynoutria japonica,4.5,7.4,4,8,-0.845421809,148.5,6.638890516,10.58574967,1.250602704,2.625286874,3.135527964,1.663478844,0.186639422
Reynoutria_sachalinensis,Reynoutria sachalinensis,4.841079265,7.01010586,4,8,0.261178543,92.99407874,6.132463279,8.01300039,1.439425073,3.554303402,4.47008828,1.965262314,0.2864264
Rhamnus_cathartica,Rhamnus cathartica,6,8,3,8,2.397895273,236.6101578,4.525284993,8.01300039,1.801588157,2.747801865,2.25406502,0.03225162,-0.579068508
Rhaponticum_repens,Rhaponticum repens,6.1,7.8,2,10,4.929295263,256.0607046,4.034576942,7.932607663,-0.094942389,0.942210382,2.592383142,0.447934373,-0.248645754
Rhodomyrtus_tomentosa,Rhodomyrtus tomentosa,4,6,9,11,5.303304908,289.3486832,9.768658959,13.47959362,1.017525457,1.446196906,2.313957526,1.585978952,-0.303973436
Rhodotypos_scandens,Rhodotypos scandens,5.473285225,7.266296577,4,8,2.781523304,186.621342,7.168253526,8.904723238,0.579214025,2.161036428,3.135527964,-0.453320456,-1.016246016
Rhynchospora_caduca,Rhynchospora caduca,5.450635531,7.326326018,7.819372588,9.707867121,1.186827233,143.2205182,6.214163939,7.970355112,0.406555176,0.30075113,4.571412706,1.042865296,-0.748436846
Ricinus_communis,Ricinus communis,4.5,8,9,11,0,236.6101578,7.406071273,10.795739,1.439425073,4.845585305,4.086342625,0.51444433,-0.70382738
Robinia_hispida,Robinia hispida,6.8,7.2,5,8,5.379897354,75.08499442,6.697194164,6.701728896,1.03165979,0.958998231,1.766338127,1.326666913,-0.259286692
Romulea_rosea,Romulea rosea,4.35377552,8.188582556,8,11,0,18.85813212,5.685657786,7.828604601,-0.635519051,-1.792119889,4.058519633,2.049719653,0.988570549
Rorippa_austriaca,Rorippa austriaca,6,7,4,9,6.908754779,228.6054967,5.332145847,6.916586532,0,1.952914599,2.592383142,0.300368219,-1.169297699
Rorippa_sylvestris,Rorippa sylvestris,5,7.5,5.02301524,9.425823517,2.886126107,264.1652466,4.972578768,8.618959777,-0.511981762,1.999770357,2.782623773,0.290111691,-0.797217369
Rosa_bracteata,Rosa bracteata,4.939014232,7.32544647,4.854394716,8.550783956,3.179953287,169.3077137,6.602101276,8.565936721,1.017525457,1.171905024,2.201588635,0.462872665,-0.540948214
Rosa_canina,Rosa canina,5.075466149,6.640647291,3,7,4.615120517,195.0556046,6.799348536,7.609854376,1.258869732,0.707912394,1.48804921,0.967995564,-0.579068508
Rosa_laevigata,Rosa laevigata,4.509011364,7.906238652,7,9,5.303304908,203.6971136,5.791971205,8.072526931,2.383162064,-1.533435358,-0.497870471,0.094489109,-0.639367737
Rosa_luciae,Rosa luciae,5.056386886,7.77324832,5,9,0,92.99407874,6.278905794,8.647590627,-0.365823248,0.810988937,1.794759755,0.010224516,-0.404069224
Rosa_micrantha,Rosa micrantha,4.947874352,7.480595096,5,9,2.004743239,182.1840777,6.504896951,9.145910092,0.394059754,1.139717735,2.060453718,0.639179391,-0.277530062
Rosa_multiflora,Rosa multiflora,5,7,3,10,0,212.1603194,6.638890516,10.47837165,1.644554869,2.161036428,3.135527964,0.824005089,-0.228768705
Rosa_rubiginosa,Rosa rubiginosa,5.032911921,7.327970285,4,9,3.433987204,186.2197424,6.641494411,8.878120935,1.03165979,1.367043002,2.18466632,0.751126909,-0.346298476
Rosa_rugosa,Rosa rugosa,4.7,8.5,2,7,3.636268802,222.4861527,8.230371326,8.968728896,0.579214025,1.153688112,1.766338127,0,-0.749380678
Rottboellia_cochinchinensis,Rottboellia cochinchinensis,5.037372085,7.281890121,6.626450749,10.13613476,6.685860947,177.1707638,6.956078387,13.02029526,1.258869732,0.942210382,5.07084907,2.848370148,0.279894788
Rubus_argutus,Rubus argutus,4.5,8.5,4,8,5.707110265,236.6101578,6.132463279,8.900350539,0.838031979,1.690547164,2.927875171,-0.219454587,-0.756684587
Rubus_bifrons,Rubus bifrons,4.864289595,7.85495583,6,9,0,220.4590867,5.283795672,10.32687424,0.838031979,2.015952509,2.860889982,0.39930438,-0.366254359
Rubus_idaeus,Rubus idaeus,5,7.5,4,8,6.597145702,348.812492,4.034576942,11.43899188,1.017525457,2.161036428,3.135527964,-0.261592742,-1.358852297
Rubus_phoenicolasius,Rubus phoenicolasius,5.377092242,7.2,4,8,3.433987204,159.5007073,5.438345711,7.599036733,0.926650213,2.470990424,2.592383142,0.182446619,-0.729343643
Ruellia_blechum,Ruellia blechum,5.614295572,8.034072506,7.327970798,10.22717883,0,130.2319587,6.955559518,10.22232422,-0.728256317,0.369637212,2.150321473,0.978587689,0.087072815
Ruellia_simplex,Ruellia simplex,5.5,7.8,8,10,0.572680654,124.1418063,7.829540478,10.14593245,0,0.707912394,3.803807711,1.508676263,0.248273615
Rumex_acetosa,Rumex acetosa,4.917331148,8,3,7,0,334.9992578,4.40854438,6.994758328,-0.511981762,0.707912394,2.592383142,1.557391325,1.005376591
Rumex_acetosella,Rumex acetosella,5.259182178,7.536604022,4,8,0,220.4590867,2.104618775,4.295591839,-0.820769397,0.983766167,2.313957526,1.097187821,-0.165489292
Rumex_crispus,Rumex crispus,4.986680586,7.277830009,4,8,3.309772506,289.3486832,5.065439317,7.062324297,0.179991243,2.06530153,4.058519633,1.577724105,0.009939338
Rumex_longifolius,Rumex longifolius,5.087093163,7,4.04677875,7.891500078,4.615120517,310.5125735,5.824978574,6.914590804,0.196081007,2.942951925,5.07084907,2.16510735,0.642402077
Rumex_obtusifolius,Rumex obtusifolius,4.727606815,7.4,4,8,2.861361806,324.230114,6.799348536,9.67580745,0.394059754,2.942951925,4.058519633,1.022617477,-0.262249397
Rumex_stenophyllus,Rumex stenophyllus,5.166504241,7.17827652,4.705409558,8.0482941,2.059340782,172.5595813,5.423533798,6.243461546,-0.213892082,1.955970922,3.825797591,1.629795237,0.248804904
Rytidosperma_penicillatum,Rytidosperma penicillatum,5.59012367,7,8.421827551,9.763353573,3.881669015,127.7660814,5.183780842,6.109233505,-0.106149336,-1.197836567,3.312718121,1.888069688,-0.044176585
Saccharum_ravennae,Saccharum ravennae,4.8,6.911298882,5,9,7.090909822,310.5125735,5.581301031,6.863279586,1.354882972,0.707912394,6.156596815,3.220784285,0.766064678
Sacciolepis_indica,Sacciolepis indica,4.880788477,8.242725346,6.085682788,11.26416799,0,212.1603194,5.077337965,8.945782469,-0.529728542,-0.352847511,3.803807711,1.131873171,0.120881044
Sagina_procumbens,Sagina procumbens,4.7,7.9,9,10,0,344.2827219,5.581301031,9.67580745,-2.721696483,-1.533435358,0,0.885095433,-0.043890562
Salix_alba,Salix alba,4.5,7.8,2,9,0,267.3842848,5.385589445,11.14908925,2.484002714,0.470312141,2.612429103,0.478653927,-0.978653796
Salix_atrocinerea,Salix atrocinerea,5.507212489,7.5,4.313160129,8.440214193,-0.086316571,222.5010484,5.492887793,10.70433271,2.09525329,0,1.161888095,1.242690969,-0.202891844
Salix_babylonica,Salix babylonica,5.948213742,6.903693514,6,8,1.791759469,236.6101578,6.474451101,9.364045193,2.260639059,0.659959934,3.135527964,1.614277612,-0.269104042
Salix_cinerea,Salix cinerea,5.546821005,7.2,4,8,0,167.8864852,6.132463279,11.14908925,1.965285051,1.301547813,2.460138205,0.500475014,-0.949568715
Salix_pentandra,Salix pentandra,6.5,6.847611543,4.279975526,8.378936428,5.303304908,244.4824497,5.385589445,10.14593245,2.372553752,1.690547164,2.824578382,1.393356397,-0.530734175
Salix_purpurea,Salix purpurea,5.5,7.787263929,3,7,0,220.4590867,6.132463279,11.14908925,0.406555176,-0.161721175,2.612429103,-0.152909881,-0.928301584
Salsola_collina,Salsola collina,6.165043763,8.620639297,6.825389837,8.802989509,4.615120517,236.6101578,5.121178988,8.629601503,0,-1.533435358,1.512273189,1.340981801,-0.062397355
Salsola_kali,Salsola kali,6.1,8.5,7,8,4.664226708,296.4865165,5.177303281,8.793509411,0.179991243,-1.380649532,1.770969378,1.463895769,-0.040889048
Salsola_paulsenii,Salsola paulsenii,6.1,8.5,7,8,4.298443033,228.6054967,5.385589445,8.618959777,0,-1.533435358,1.661211356,1.372424752,-0.091279762
Salsola_soda,Salsola soda,6.561880578,8.727691351,8,11,1.991218903,16.04410643,5.370207251,8.259086365,-0.529728542,-1.254916127,1.309954859,1.485018275,0.262085156
Salvia_aethiopis,Salvia aethiopis,6.1,7.8,7,11,7.13169851,199.3995934,6.786959738,8.601453433,-0.094942389,2.451260592,3.803807711,1.155596757,-0.049855197
Salvinia_minima,Salvinia minima,7.380457392,7.094505336,10,11,2.05821437,30.81652035,5.812180153,7.943124785,-0.952694908,0.050687023,0.413882762,1.862940022,0.85003249
Salvinia_molesta,Salvinia molesta,7.635029458,7.206094878,8,11,2.845582933,30.81652035,5.581301031,6.863279586,-1.312539346,0.59838159,1.161888095,1.480400916,0.753105744
Sanguisorba_minor,Sanguisorba minor,5.297452531,7.5,3.31510428,8.108071767,3.433987204,289.3486832,4.034576942,3.923953958,-0.365823248,1.474655851,3.498382312,-0.086984826,-0.43440141
Scabiosa_atropurpurea,Scabiosa atropurpurea,6.01555964,7,4,11,2.154468573,178.8126495,7.186830992,9.168884354,-0.094942389,2.871281962,3.402631073,2.008024363,1.034557328
Schinus_molle,Schinus molle,5.219483265,8.896843277,8,12,5.993961427,388.9727994,4.525284993,6.558041722,2.249828074,2.350237378,3.803807711,1.246246559,0.259635143
Schinus_terebinthifolia,Schinus terebinthifolia,5,9,9,11,0,209.6392169,6.132463279,8.900350539,1.899937518,1.301547813,2.592383142,1.128699636,0.258643587
Schismus_arabicus,Schismus arabicus,5.8,8.8,7,10,0,249.145797,2.104618775,6.863279586,-1.617794488,-1.533435358,2.150321473,0.674545612,-0.034229615
Schismus_barbatus,Schismus barbatus,5.710953934,7.5,9,11,1.871427084,167.8864852,3.716496833,6.350231775,-1.312539346,-1.792119889,2.592383142,1.482061397,0.055247142
Scilla_siberica,Scilla siberica,5.990004247,8.037404431,2,8,0,195.0556046,5.541814814,6.932381457,-1.807312725,0.707912394,3.114643954,3.150480912,2.4116844
Scleria_lacustris,Scleria lacustris,5.371191254,7.368881295,7.725325979,9.785895249,1.360276555,164.389207,6.127898115,8.637118789,0.660259049,0.942210382,5.07084907,1.327579578,-0.500080862
Scolochloa_festucacea,Scolochloa festucacea,4,6,7.203294086,8.216573284,4.912654886,285.8912925,5.770674019,6.451999002,0.660259049,0.264461274,5.305781094,2.744685442,0.884269643
Secale_cereale,Secale cereale,5,7.5,8.160670598,9.920067333,2.273878903,220.4590867,3.486515835,8.247637368,1.017525457,0.707912394,3.498382312,3.148696849,1.724587912
Sedum_acre,Sedum acre,6.5,7.5,3,9,0,267.3842848,6.831183803,10.12285875,-2.721696483,0.958998231,0.977459857,-0.276546212,-0.282977988
Senecio_sylvaticus,Senecio sylvaticus,5.002893227,5.5,5,9,4.615120517,65.7210712,3.540778749,3.371445219,-0.529728542,1.136011928,2.150321473,1.769046676,0.08787159
Senecio_viscosus,Senecio viscosus,4.632926619,7.7,5,9,-0.809326638,158.5736479,1.926704469,6.123909895,-0.511981762,1.708055276,2.612429103,1.233386617,0.41759036
Senna_obtusifolia,Senna obtusifolia,4.6,7.9,5,10,0.446765186,313.7981088,6.956078387,14.0428953,0.859409015,2.161036428,2.25406502,0.851522971,-0.030067799
Senna_occidentalis,Senna occidentalis,4.7,8.4,9,11,0,215.4988462,8.3594946,9.67580745,0.660259049,1.136011928,2.592383142,1.080751909,0.237678289
Sesbania_herbacea,Sesbania herbacea,5.710224261,8.144041487,6.626007793,9.576369346,2.665015385,92.99407874,5.1225831,7.214825292,1.03165979,-1.161096215,0.427690958,0.959134593,-0.403818008
Sesbania_punicea,Sesbania punicea,5.783161815,8.5,8,11,0,49.7992784,5.385589445,8.092277769,1.439425073,0.958998231,2.25406502,1.560616508,0.262189175
Setaria_faberi,Setaria faberi,5.5,8.3,10,12,-1.459838313,30.81652035,4.525284993,13.61940685,0.579214025,0.707912394,4.493147309,1.073225213,-0.196543
Setaria_italica,Setaria italica,5.5,8.3,10,12,0,236.6101578,4.525284993,13.61940685,0.394059754,3.303960319,4.080918237,0.094489109,-0.639367737
Setaria_parviflora,Setaria parviflora,5.465443256,8,6,11,-0.087483436,192.4260488,1.119891149,8.900350539,-0.094942389,0.019814515,3.825797591,1.776871529,0.795572268
Setaria_pumila,Setaria pumila,5,6.948091107,6.73430502,10.05803709,5.334778998,210.4812491,6.956078387,8.968728896,-0.094942389,0.150426859,3.811615366,1.438596229,-0.125817157
Setaria_verticillata,Setaria verticillata,6.1,8,7.717491078,10.7735159,1.763075067,99.19310167,6.132463279,12.07513201,-0.094942389,0.533161321,3.825797591,0.454182482,-0.540948214
Setaria_viridis,Setaria viridis,5.706617533,8.187387051,5,9,1.852222571,197.2335337,4.922274494,11.55217951,0.579214025,0.958998231,4.258598175,0.450481527,-0.228768705
Sherardia_arvensis,Sherardia arvensis,5.678948495,8.3,4.020830339,10.06868353,5.707110265,122.3222718,5.224275715,9.45556762,-2.365009606,-0.943178861,0.265871695,0.239112974,-0.417897289
Sicyos_angulatus,Sicyos angulatus,4.89405109,8,8,11,-1.884862071,203.1452189,6.635132101,13.99800513,1.595592799,3.777128085,3.803807711,2.125970897,1.045985894
Silene_armeria,Silene armeria,7.326639724,8.478165304,5,8,6.216606101,274.8023624,5.570272133,6.669267145,-0.820769397,0.453375701,2.022074991,1.182350168,0.575266152
Silene_flos-cuculi,Silene flos-cuculi,7.480363488,7.5,5,8,6.315134121,137.4920665,6.567783193,4.297410215,-0.279831754,-0.659790377,2.25406502,1.460499525,0.9001245
Silene_gallica,Silene gallica,7.74049446,8.229661368,3,8,7.106393331,148.5,5.74541229,5.092701213,-0.529728542,0,1.335478233,0.979072747,0.339681849
Silene_latifolia,Silene latifolia,7.811048688,8.887013426,4.513252287,7.388049802,4.188749083,148.5,5.774603952,6.043705651,0,1.306737675,2.592383142,1.452375764,0.891274075
Silene_noctiflora,Silene noctiflora,7.942517502,7.5,3.431514245,6.518369884,8.90156918,228.6054967,6.445734585,5.02243801,-0.728256317,1.124568356,2.011784696,1.392367237,0.319892031
Silene_vulgaris,Silene vulgaris,8,10,4,7,3.813636083,167.8864852,4.609787344,6.962440699,-0.820769397,1.198402705,2.25406502,0.753980652,0.11625497
Silphium_perfoliatum,Silphium perfoliatum,4.5,7.686010187,3,9,1.154969815,243.0709898,5.385589445,8.323790031,0.838031979,2.961665457,3.135527964,2.356924601,1.688274383
Silybum_marianum,Silybum marianum,5.646768339,6.933232386,6,9,5.058120746,138.3254628,6.285495612,9.045817496,0.660259049,3.573605349,4.821249065,1.139958121,-0.215732657
Sinapis_alba,Sinapis alba,4.5,8.2,5,9,2.263241805,195.0556046,4.972578768,9.614636326,-0.226701599,2.216156616,3.498382312,0.009941335,-0.726331091
Sinapis_arvensis,Sinapis arvensis,4.781513384,7.5,5,9,3.463844608,220.4590867,5.36703047,9.043068838,-0.279831754,2.161036428,3.135527964,0.146435307,-0.579068508
Sisymbrium_altissimum,Sisymbrium altissimum,4.9,8.6,5,10,0,295.0658385,3.768867641,10.14593245,0.406555176,2.224821198,3.498382312,-0.694388574,-1.570415756
Sisymbrium_irio,Sisymbrium irio,5.297631491,7.5,8,10,0.437068653,212.1603194,4.648542965,8.328111842,-0.094942389,2.161036428,3.135527964,0.614580316,-0.681846486
Sisymbrium_officinale,Sisymbrium officinale,5.46961995,8.189841168,5,9,2.068186423,252.2307167,3.690642325,7.232012295,-0.279831754,1.708055276,3.135527964,-0.785196039,-1.67935789
Sisymbrium_orientale,Sisymbrium orientale,5.4,8.5,7,10,0,269.6203448,3.18431476,8.01300039,-0.164400863,1.89266353,2.592383142,-0.466715861,-1.337719836
Solanum_americanum,Solanum americanum,6.012883587,8.714513675,4.498953279,10.67050787,0,305.3603718,1.653395278,9.540468809,0.196081007,2.161036428,2.25406502,0.384122668,0.036943141
Solanum_aviculare,Solanum aviculare,6.420936696,7.146649624,8,11,2.77568266,30.81652035,5.818157052,7.631401445,1.017525457,3.967454127,4.317965871,1.26977878,-0.106603625
Solanum_diphyllum,Solanum diphyllum,6.010440498,7.454035401,9,11,2.208574203,58.02753945,3.767864667,7.258060672,0.660259049,0.807599378,2.115089327,1.668327973,0.324598668
Solanum_dulcamara,Solanum dulcamara,7.2,8.29,4,8,0,247.0527062,7.965501534,7.851059128,1.03165979,2.161036428,2.25406502,0.684128839,0.094307931
Solanum_elaeagnifolium,Solanum elaeagnifolium,6,7,7,10,5.303304908,116.7560274,1.119891149,6.863279586,-0.728256317,1.446196906,2.592383142,0.884933259,-0.234861102
Solanum_nigrum,Solanum nigrum,5.378202338,8.127941462,10,11,0,344.2827219,6.132463279,11.53317946,0,2.161036428,2.612429103,1.788279965,1.000378901
Solanum_physalifolium,Solanum physalifolium,6.308036335,7.823590552,4.919721193,10.13388338,2.405778738,148.5,3.534633458,7.296217469,-0.094942389,1.394322791,2.065689814,0.487532143,-0.199670494
Solanum_pseudocapsicum,Solanum pseudocapsicum,6.077223573,7.071387235,8,9,3.079905178,87.65269538,4.230196426,6.426840864,-0.094942389,0.958998231,2.25406502,1.462061627,0.254862429
Solanum_rostratum,Solanum rostratum,5,8.2,8,10,0,228.6054967,3.768867641,9.299846982,0.394059754,2.747801865,3.135527964,1.139050898,0.389729679
Solanum_triflorum,Solanum triflorum,6.1,7.8,3,10,4.615120517,259.8624242,3.292326807,7.421063798,-0.226701599,0.707912394,1.747647674,0.124746239,-0.461989597
Soliva_sessilis,Soliva sessilis,5.613946092,7.8,7,9,-0.803344886,195.0556046,4.605662131,7.461908858,-3.730248731,0.240756474,0.668720274,0.450234337,0.55225331
Sonchus_arvensis,Sonchus arvensis,5.665907876,7.977888405,5.633192919,8.926004925,4.134145471,220.4590867,5.318318359,10.00186417,0.196081007,1.708055276,4.080918237,0.973576964,-0.285133571
Sonchus_asper,Sonchus asper,6.5,9,2,10,6.621405652,357.3330268,4.525284993,12.07513201,-0.728256317,2.961665457,3.135527964,0.065175108,-0.386791693
Sonchus_oleraceus,Sonchus oleraceus,5,8,7,9,0,285.746784,4.525284993,11.71811092,0.394059754,2.470990424,3.803807711,1.048388672,-0.228768705
Sorbaria_sorbifolia,Sorbaria sorbifolia,5.78987322,6.985265019,2,8,5.525452939,195.0556046,7.967037337,8.339252097,1.03165979,2.942951925,4.058519633,0.067090098,-0.562578043
Sorbus_aucuparia,Sorbus aucuparia,5.5,7.343821142,3,7,6.398594935,244.4824497,6.132463279,8.473203673,2.106295675,0.707912394,1.964141862,0.339712488,-0.355860638
Sorghum_bicolor,Sorghum bicolor,4.3,8.7,2,11,0,252.2307167,3.486515835,13.7628602,-0.094942389,2.161036428,3.135527964,0.82689844,-0.371191145
Sorghum_halepense,Sorghum halepense,4.9,8.2,6,10,0.56297366,164.1011132,4.525284993,10.14593245,1.18539188,1.136011928,5.07084907,2.57879122,0.500537378
Spartina_patens,Spartina patens,4.5,7.1,4,11,4.755443413,5.46238325,9.768658959,8.900350539,0.406555176,-0.89131314,4.797664389,1.982252997,0.325987315
Spartium_junceum,Spartium junceum,5,8.1,7,11,0,258.3450754,4.753705912,9.796473321,1.258869732,0.048387507,0.960033254,0.629055089,-0.377943546
Spergula_arvensis,Spergula arvensis,4.6,5,7.089435596,7.687508571,7.529702742,274.8023624,7.725716445,6.4022649,-0.728256317,-2.341913887,1.335478233,2.656691029,0.094307931
Spergularia_rubra,Spergularia rubra,4.7,8.1,5,10,0,302.8382139,5.182922485,10.69151897,-2.175968501,-1.989688124,0.960033254,0.217250924,-0.639367737
Sphaerophysa_salsula,Sphaerophysa salsula,6.27463123,7.572007429,5.846453664,8.767929395,4.124126843,92.99407874,5.710019412,7.051610029,0.406555176,-0.223391311,0.733969258,1.704189192,-0.14708539
Sphagneticola_trilobata,Sphagneticola trilobata,6,7,9,11,-0.703313535,177.1707638,8.856071556,11.14908925,-0.529728542,0.7938721,2.592383142,1.88379819,1.002882656
Spiraea_japonica,Spiraea japonica,5,6.8,3,8,0,195.0556046,8.3594946,8.968728896,0.579214025,1.446196906,2.592383142,-0.015780003,-0.478071303
Spiraea_prunifolia,Spiraea prunifolia,5.2,7.276063224,4,8,0,195.0556046,8.3594946,8.968728896,0.838031979,0.44868723,2.25406502,-0.040780516,-0.556922217
Spiraea_thunbergii,Spiraea thunbergii,5.291913706,7.3,4,8,0,92.99407874,8.127984171,7.933944376,0.406555176,-0.440305632,1.432206637,-0.35633423,-0.789943056
Spirodela_punctata,Spirodela punctata,5.3,7,8,10,3.258096538,258.3450754,5.954240515,9.796473321,-0.763423725,1.066235936,1.596688085,1.30845396,-1.112646451
Sporobolus_alterniflorus,Sporobolus alterniflorus,6,8.5,5,11,-2.137377329,5.46238325,4.238631997,9.018106739,1.017525457,0.942210382,1.747647674,1.293506628,0.119288261
Sporobolus_anglicus,Sporobolus anglicus,6.037278114,8.069714139,4.346793137,10.90450914,-0.490443749,35.35865091,3.75169473,8.44090735,0,-0.471538073,-1.133642861,0.661911406,-0.354280331
Sporobolus_indicus,Sporobolus indicus,4.5,5,8,11,0,376.476315,5.954240515,11.09964794,-0.094942389,-0.678789747,4.058519633,2.776923131,0.40975835
Sporobolus_montevidensis,Sporobolus montevidensis,5.404857218,6.681432403,7.761678914,10.27132293,0,36.99344916,5.581301031,6.863279586,0.394059754,-0.22164145,4.575447824,2.179992795,0.222669222
Stachys_floridana,Stachys floridana,5.035192753,7.5,6.016464809,9.606059443,2.42261701,174.5193843,5.482984918,8.805371066,-0.511981762,1.704673031,2.25406502,1.228876463,0.234279714
Stellaria_aquatica,Stellaria aquatica,5.937789135,7.356284783,4.32817846,8.640202262,3.573695385,210.9008912,6.57487484,9.682705934,-0.511981762,0.958998231,2.03228038,2.383484169,0.025768529
Stellaria_graminea,Stellaria graminea,5.956865056,7.5,4,8,3.558530361,169.7633676,6.362294294,8.738738438,-0.706444856,-0.352847511,1.48804921,2.257269538,-0.041007715
Stellaria_pallida,Stellaria pallida,6.046284301,7.048993852,3.666305894,8.090887966,6.11146734,195.0556046,6.405941004,8.462048015,-0.706444856,-0.352847511,0.413882762,2.009216463,-0.45186579
Stenotaphrum_secundatum,Stenotaphrum secundatum,5,8.5,7,12,5.017279837,127.7660814,8.856071556,10.14593245,-1.807312725,0.958998231,3.135527964,-0.345121674,-0.660366737
Streptopus_amplexifolius,Streptopus amplexifolius,5.441393662,7.418558221,4,8,5.525452939,212.1603194,6.54072201,13.444059,0.196081007,2.161036428,3.135527964,3.001090973,1.536359246
Striga_asiatica,Striga asiatica,5.006766338,8.393139678,4.003644125,8.696707273,6.685860947,376.476315,4.864624398,9.171355078,-0.978304948,-0.89131314,1.398721609,0.116599517,-0.548666912
Strigosella_africana,Strigosella africana,5.616001992,7.343802417,4.249901252,8.83391474,7.106606138,222.8367356,5.152414514,7.511849107,-0.820769397,1.301547813,2.592383142,-0.160585053,-1.404752661
Syagrus_romanzoffiana,Syagrus romanzoffiana,6,6.5,9,11,0,148.5,6.132463279,12.07513201,2.473876544,5.85596276,5.721752829,3.452806092,1.000378901
Symphytum_officinale,Symphytum officinale,6,7,4,8,4.879138035,163.14801,6.977092367,7.354566486,-0.094942389,2.961665457,3.135527964,1.272241642,0.137613861
Syngonium_podophyllum,Syngonium podophyllum,5.5,6,10,12,0,148.5,1.119891149,7.371718094,1.965285051,3.091000067,4.395827373,4.05562139,1.331706103
Syringa_reticulata,Syringa reticulata,5,7.5,3,7,0.200122143,250.8198493,6.984032875,8.161031898,1.899937518,2.161036428,3.135527964,0.772921987,0.239847615
Syringa_vulgaris,Syringa vulgaris,6.5,7,3,7,0,310.5125735,7.691070924,5.635366737,1.42004401,2.161036428,3.135527964,0.695343238,0.178677476
Syzygium_cumini,Syzygium cumini,5,7,10.3613074,12.17580835,0,220.4590867,6.799348536,14.95947909,2.700020751,2.470990424,3.803807711,2.669807731,0.565495473
Syzygium_jambos,Syzygium jambos,5.5,7,9,12,0,263.6366923,8.856071556,13.61940685,2.249828074,1.89266353,3.747417308,2.282010575,0.457803155
Tagetes_minuta,Tagetes minuta,4.943582545,7.7,8.882415498,10.27250629,0,148.5,7.03683809,9.055643252,0.418361586,1.701379275,2.525992126,1.607829931,0.547026256
Tamarix_africana,Tamarix africana,5.533008063,8.088951505,5.968055815,9.456235372,0,65.7210712,5.468305262,8.203443997,1.439425073,-0.105024841,2.150321473,1.99189346,0.473916773
Tamarix_aphylla,Tamarix aphylla,6,8.5,7,10,0,197.1466462,5.385589445,10.05523058,2.372553752,-0.690180021,-1.726424296,1.931864295,0.30405714
Tamarix_chinensis,Tamarix chinensis,5.696910052,7.909897536,2,9,3.670207078,177.1707638,5.385589445,8.26964022,1.367347676,-0.67443392,-1.11969046,1.086606875,-0.189589037
Tamarix_gallica,Tamarix gallica,5.779896635,7.44480869,4,8,3.585272423,65.7210712,5.297534062,6.54559252,1.258869732,-1.280021226,-0.697069743,1.343596806,-0.282514805
Tamarix_parviflora,Tamarix parviflora,5,8,8,10,0,210.4812491,3.768867641,8.900350539,1.439425073,-0.90423771,-1.293609371,1.798040314,0.204062821
Tamarix_ramosissima,Tamarix ramosissima,5,9,2,11,0,274.8023624,1.653395278,11.14908925,1.801588157,0.059778516,-0.996075645,0.994685093,0.053742552
Tanacetum_parthenium,Tanacetum parthenium,6,6.7,5,8,3.831667945,244.4824497,5.39381255,6.575179088,-0.094942389,1.955970922,3.135527964,2.240015283,0.749938492
Taraxacum_erythrospermum,Taraxacum erythrospermum,5.5,8.2,9,10,0,256.0607046,5.581301031,11.57983612,-0.529728542,1.393344295,3.825797591,1.517974277,0.617545353
Terminalia_catappa,Terminalia catappa,5,7,10,12,5.707110265,127.7660814,8.856071556,12.90305505,2.794282305,3.223508085,4.395827373,3.354329925,1.189824693
Terminalia_muelleri,Terminalia muelleri,5.309104694,7.246280621,10,11,0,92.99407874,5.581301031,7.334899549,2.01189863,2.470990424,3.498382312,2.982783182,1.366896824
Tetragonia_tetragonioides,Tetragonia tetragonioides,5.8,8,2,11,6.398594935,212.1603194,6.799348536,9.67580745,-0.511981762,1.914329894,2.251449969,0.283819006,-0.576989333
Thespesia_populnea,Thespesia populnea,6.5,8,10,12,0,195.0556046,8.856071556,12.07513201,1.965285051,1.446196906,2.592383142,3.318512912,1.21119349
Thinopyrum_intermedium,Thinopyrum intermedium,5.6,8.4,3,7,8.160803921,647.5123066,4.525284993,7.851059128,0.196081007,-0.05121365,3.135527964,1.190874594,0.108953293
Thinopyrum_obtusiflorum,Thinopyrum obtusiflorum,6.6,10.1,4.341930952,9.057254727,1.370264249,203.6971136,4.034576942,6.232737013,-0.460670981,-0.886705129,3.277271207,0.752080657,0.36441256
Thlaspi_arvense,Thlaspi arvense,5,7.9,5,10,3.258096538,261.3753813,-0.600529386,11.24698695,-0.706444856,2.161036428,3.135527964,0.039081203,-0.70382738
Thunbergia_alata,Thunbergia alata,6.1,7.8,10,11,0,138.3254628,6.799348536,11.14908925,1.017525457,1.89266353,2.654101305,2.113819572,0.503257193
Torilis_arvensis,Torilis arvensis,5.600672732,7.901896828,5.333643107,10.71719632,6.823767266,203.6971136,5.081745096,7.831072048,-0.094942389,0.659959934,1.766338127,0.810263619,0.083580353
Torilis_japonica,Torilis japonica,5.491905888,8.275992366,6,12,6.216606101,310.5125735,5.116392174,9.893380222,0.196081007,2.4892497,2.897658586,1.332637633,0.760370731
Tradescantia_fluminensis,Tradescantia fluminensis,5.099652058,6.614335636,9,12,4.262679877,58.81861755,7.21697688,7.988126446,-1.633553259,0.958998231,2.25406502,2.974162122,1.617798021
Tradescantia_spathacea,Tradescantia spathacea,5,6,9,11,4.945239786,74.24852486,8.01490645,7.852889828,-1.312539346,2.161036428,3.135527964,3.260501488,1.645106491
Tragopogon_dubius,Tragopogon dubius,5.1,8.5,4,8,2.302585093,274.7286769,2.857904269,7.424382809,-0.094942389,0.240756474,4.080918237,1.514563417,0.958923336
Tragopogon_porrifolius,Tragopogon porrifolius,5.2,7.8,5,9,2.890133948,177.1707638,4.972578768,8.618959777,0.3079061,0.958998231,0.977459857,1.595779244,1.046918855
Tragopogon_pratensis,Tragopogon pratensis,6,6.8,3,7,6.803505258,220.4590867,4.869094617,5.198309244,-0.094942389,0.958998231,3.135527964,1.471168575,0.911741881
Trapa_natans,Trapa natans,4.2,8.3,6,12,0,195.0556046,1.119891149,8.900350539,1.439425073,2.216156616,1.964141862,0.416088439,-0.328742785
Triadica_sebifera,Triadica sebifera,5,8,8,11,0,203.6971136,7.406071273,12.07513201,2.372553752,2.350237378,2.927875171,1.876064227,0.247858448
Tribulus_cistoides,Tribulus cistoides,5.25853796,8.164922959,9,11,0,177.1707638,4.525284993,8.900350539,-0.106149336,0.983720056,2.388981606,0.879644878,-0.001272893
Tribulus_terrestris,Tribulus terrestris,5.2,8.8,6,10,0,257.584738,2.857904269,9.552888722,-0.728256317,-0.678789747,0.241925568,-0.226011465,-0.586146153
Trifolium_arvense,Trifolium arvense,4.9,7.8,3,11,0,177.1707638,5.169864835,9.791078483,-0.950245226,0.958998231,0.977459857,-0.267674454,-1.063298358
Trifolium_aureum,Trifolium aureum,4.959726251,8.23012403,5.21366276,9.805413613,0,212.1603194,5.197522905,9.99306476,-0.529728542,-0.105024841,0.960033254,-0.286948744,-1.0860295
Trifolium_campestre,Trifolium campestre,4.8,7.8,5,10,0,189.7785425,5.581301031,9.169478239,-1.531512651,-0.22164145,0.481339039,-0.306649551,-1.109281048
Trifolium_dubium,Trifolium dubium,5,7.9,8,10,0,224.5506419,5.581301031,11.76365166,-0.706444856,-0.22164145,0.413882762,0.365710511,-1.129641845
Trifolium_hirtum,Trifolium hirtum,5.5,8.3,3.550557064,10.26674523,0,155.0294511,4.972578768,7.05706105,-0.511981762,1.136011928,2.313957526,0.416315805,-0.402671057
Trifolium_hybridum,Trifolium hybridum,5.6,7.5,5,10,0,257.584738,5.770674019,8.968728896,-0.511981762,-0.161721175,0.977459857,0.722637542,-0.504350203
Trifolium_incarnatum,Trifolium incarnatum,5,8.5,3,10,0,182.6268816,5.182922485,10.3693217,-0.511981762,-0.161721175,2.25406502,0.280762207,-0.423746236
Trifolium_pratense,Trifolium pratense,4.9,8.1,3,10,0,303.5398586,4.972578768,10.3693217,-0.511981762,0.958998231,2.25406502,-0.160110305,-0.936753624
Trifolium_repens,Trifolium repens,4.7,8.6,3,10,0,284.2996931,4.286081616,10.99975212,-2.175968501,0.958998231,0.977459857,0.702346303,-0.681846486
Tripleurospermum_inodorum,Tripleurospermum inodorum,5.963387184,7.8,5,7,0,195.0556046,4.188095166,6.326860303,-0.213892082,0.134164013,2.313957526,1.586428128,0.471065577
Triticum_aestivum,Triticum aestivum,5.5,7.155765685,10,12,7.090909822,310.5125735,4.525284993,9.169478239,0.146873275,3.554303402,5.07084907,2.612442298,1.451279962
Tropaeolum_majus,Tropaeolum majus,5.1,8.6,2,11,0,154.4415461,1.119891149,9.299846982,1.03165979,2.961665457,3.135527964,1.164359294,0.324200702
Tussilago_farfara,Tussilago farfara,4.5,6.5,4,8,0,344.0851035,5.954240515,6.763572622,-0.706444856,3.144337368,0.960033254,1.080503148,0.48200539
Typha_angustifolia,Typha angustifolia,3.7,9.496831313,2,11,0,236.6101578,5.581301031,6.863279586,0.717100416,0.183332585,7.006840942,-0.83350945,-1.73747504
Typha_latifolia,Typha latifolia,9,9.2,3,10,0,259.8624242,1.119891149,4.792562071,1.03165979,2.161036428,3.135527964,-0.535299487,-1.380412478
Ulex_europaeus,Ulex europaeus,4,8,9,10,6.722629795,322.8714875,6.799348536,11.94316795,1.701131071,-0.094931994,1.847475126,0.79417922,-0.771788926
Ulmus_parvifolia,Ulmus parvifolia,4.5,8.5,5,10,2.397895273,167.8864852,7.829540478,7.512409066,2.260639059,0.958998231,2.25406502,0.130423413,-0.560807571
Urena_lobata,Urena lobata,5.5,6.5,9,11,0,195.0556046,7.255667919,10.00022179,1.017525457,1.79592664,2.150321473,2.419573999,0.21884394
Urochloa_mutica,Urochloa mutica,5.5,8.164688955,7,11,0,195.0556046,1.119891149,6.863279586,0.838031979,0.240756474,4.080918237,1.578990842,0.10925044
Urochloa_ramosa,Urochloa ramosa,5,7.5,7,11,0,270.2150703,7.691070924,8.968728896,-0.094942389,0.33992639,3.803807711,1.685879549,0.441846281
Urtica_dioica,Urtica dioica,3,6.5,4,10,6.552507887,310.5125735,5.581301031,6.863279586,0.939415966,2.161036428,3.135527964,1.048388672,-0.228768705
Urtica_urens,Urtica urens,3.336232148,8.403898863,4.313765001,11.24608858,-0.453939631,148.5,0.442426858,9.67580745,-0.529728542,1.446196906,1.964141862,-1.100224506,-1.380412478
Vaccaria_hispanica,Vaccaria hispanica,6.04994184,8.586465032,1,11,3.216644291,296.4865165,4.745323088,9.585319216,-0.529728542,0.873049866,1.249699581,0.576122568,-0.139290965
Valeriana_officinalis,Valeriana officinalis,6.004589476,7.336772899,4,7,3.16363293,173.8853742,6.96063072,7.254034042,0.406555176,1.328951648,3.135527964,1.473807407,0.381617533
Valeriana_rubra,Valeriana rubra,6,8,5,8,0.681314611,184.9932913,6.395998959,8.43834002,0.196081007,1.514684059,3.135527964,1.427920155,0.61769569
Ventenata_dubia,Ventenata dubia,5.8,7.8,6,9,6.216606101,205.4035467,4.972578768,9.036363039,-0.820769397,-1.161096215,-0.220647539,1.631460727,0.715187663
Verbascum_virgatum,Verbascum virgatum,5.6022722,7.284635015,6,8,1.791759469,199.8314036,6.647798514,8.987079424,0.660259049,2.942951925,4.058519633,1.112709574,-0.340791791
Verbena_aristigera,Verbena aristigera,6.018762027,7.405628321,7.228072011,10.41254845,3.455302809,69.77296298,5.854040005,10.50956743,0.163457015,1.551847788,3.145686677,1.63109454,0.125386767
Verbena_bonariensis,Verbena bonariensis,6,7.5,7,11,3.741652793,49.7992784,5.680791198,10.32436877,0.406555176,0.958998231,3.135527964,1.6258929,0.058970638
Verbena_incompta,Verbena incompta,6.033126623,7.140837116,7.514283797,10.25504802,4.268684597,49.7992784,6.118748081,10.10647328,0.579214025,1.555589976,3.252360063,1.845856933,0.090831406
Verbena_montevidensis,Verbena montevidensis,6.018296587,7.407969452,7.222414102,10.42712168,3.462406452,69.2774647,5.849742126,10.50497311,0.169487686,1.53714064,3.145434664,1.6309655,0.123739145
Verbena_rigida,Verbena rigida,6.1,7.5,7,10,2.606330629,91.9731631,5.954240515,11.09964794,-0.511981762,2.161036428,3.135527964,1.392394736,0.17063402
Verbesina_encelioides,Verbesina encelioides,6.4,8,2,11,-0.129301306,65.7210712,1.119891149,6.863279586,-2.365009606,1.446196906,2.592383142,0.386315174,0.506824903
Vernicia_fordii,Vernicia fordii,5.4,7.1,8,11,5.303304908,236.6101578,6.956078387,9.49055073,1.765196333,3.303960319,3.825797591,1.771174881,-0.04820183
Veronica_anagallis-aquatica,Veronica anagallis-aquatica,5.624667312,7.1,3.122726269,8.963463777,6.126869184,247.0527062,5.794090934,10.46183808,-1.312539346,1.255938892,2.313957526,0.45619852,-0.681846486
Veronica_arvensis,Veronica arvensis,4.976582187,7.121001012,6,9,0,303.5398586,4.903424038,12.23534026,-1.807312725,0.958998231,0.977459857,-0.43161402,-1.257174804
Veronica_beccabunga,Veronica beccabunga,4.5,5.5,5,11,0.916392706,267.2835232,6.270331523,13.10197836,-2.721696483,1.468840719,1.724886068,0.664440316,-0.371191145
Veronica_biloba,Veronica biloba,5.415293949,7.220447195,3,11,5.993961427,310.5125735,5.018905306,11.38818368,-1.807312725,0.264461274,1.161888095,0.006074035,-0.855720499
Veronica_chamaedrys,Veronica chamaedrys,5.14990883,6.843193549,5.992316965,9.536005296,0.148488727,269.758163,5.650851348,12.0345865,-0.706444856,1.566098286,2.093988547,1.124866633,-0.129666395
Veronica_hederifolia,Veronica hederifolia,5.310473673,6.35975337,5,9.016939644,0,236.6101578,5.389218668,11.52215159,-0.950245226,0.958998231,0.977459857,0.944886369,-0.822058653
Veronica_longifolia,Veronica longifolia,5.205250294,6.398644468,4,8,2.824495347,301.4475319,7.005496347,11.86086607,0.196081007,4.667447298,6.182362109,0.610485779,-0.803367997
Veronica_officinalis,Veronica officinalis,6.1,6.5,3,7,0,203.6971136,5.659334458,9.708655808,-1.312539346,0.740664223,2.326767445,0.558465643,-0.872410954
Veronica_persica,Veronica persica,5.5,7,3,10,0,158.3403355,5.418084055,10.99323862,-1.807312725,0.958998231,0.977459857,0.35140051,-0.371191145
Veronica_serpyllifolia,Veronica serpyllifolia,5.8,7.5,3,8,0,330.9812962,4.236819385,13.42188645,-1.312539346,0,2.25406502,-0.129330527,-0.900640294
Viburnum_dilatatum,Viburnum dilatatum,4.5,7,5,8,5.271822432,102.7873371,8.469980538,8.014314216,1.03165979,2.161036428,3.135527964,2.119801248,1.146477926
Viburnum_lantana,Viburnum lantana,4.5,8,4,7,3.418481773,150.7158609,7.965501534,8.968728896,1.367347676,2.161036428,3.135527964,1.745914723,1.20851367
Viburnum_opulus,Viburnum opulus,5,8,2,8,5.707110265,138.3254628,7.691070924,8.247637368,1.42004401,2.961665457,3.135527964,1.75420931,1.217400076
Viburnum_plicatum,Viburnum plicatum,5,8,5,8,3.4733776,122.531082,7.641519231,8.638632539,1.367347676,2.161036428,3.135527964,1.967587078,1.248290642
Viburnum_setigerum,Viburnum setigerum,4.395898817,7.6,5,7,4.107367761,127.6690798,8.056189689,8.358695429,1.18539188,2.161036428,3.135527964,1.910932433,1.106752406
Viburnum_sieboldii,Viburnum sieboldii,4.851152711,7.419504493,5,7,5.055877327,113.6907252,8.184120257,7.866046341,1.595592799,2.161036428,3.135527964,2.102510992,1.091788427
Vicia_cracca,Vicia cracca,4.9,7.525751203,7.460204942,9.94956526,2.152780346,195.0556046,7.965501534,8.968728896,0.660259049,0.942210382,3.627995346,1.750076923,0.953547868
Vicia_sativa,Vicia sativa,6,8,2,10,2.253424409,204.3805353,6.362233801,9.254898946,0,2.161036428,3.135527964,1.153199408,0.946435217
Vicia_tenuifolia,Vicia tenuifolia,4.926804953,7.317525387,7.487203746,9.795081328,3.097939171,195.0556046,7.942756673,8.725709308,0.847790554,0.942210382,3.627995346,1.800089781,0.786942193
Vicia_tetrasperma,Vicia tetrasperma,5,7.2,9,10,0,164.1011132,6.132463279,10.25853254,-0.529728542,0.473757107,1.48804921,1.658648456,1.11475788
Vicia_villosa,Vicia villosa,5,8.2,8,11,0,258.3450754,4.972578768,10.14593245,-0.094942389,0.958998231,2.25406502,1.550459213,0.997865254
Vinca_major,Vinca major,4,8,7,11,0,286.8297141,5.182922485,11.76365166,0.660259049,0.958998231,2.25406502,1.737190435,0.68400123
Vinca_minor,Vinca minor,5.5,7.622502501,4,9,0,259.8624242,7.691070924,8.968728896,-2.175968501,0.958998231,2.25406502,-0.115850831,-0.282977988
Viola_odorata,Viola odorata,6.187025028,7.297014026,4,9,3.433987204,173.0234313,7.158767663,8.732013677,-2.175968501,2.161036428,2.25406502,1.171769586,0.665130669
Viola_tricolor,Viola tricolor,6.324494646,7.271399617,2,9,4.732632611,192.7331977,7.132256139,8.560947359,-1.531512651,2.393931209,2.25406502,1.232148313,0.649863111
Vitex_agnus-castus,Vitex agnus-castus,6,8,6,9,3.948752574,119.8285676,4.972578768,7.334899549,1.03165979,2.161036428,3.135527964,1.365998754,0.02013958
Vitex_rotundifolia,Vitex rotundifolia,5.66024289,8.460756353,7,10,0,7.623302993,6.132463279,11.24698695,-0.511981762,1.341076817,2.447659057,0.936397697,0.090003828
Vitex_trifolia,Vitex trifolia,5.514089654,9.16740171,6,10,0,212.1603194,4.158198482,10.40037175,-0.511981762,0.958998231,2.25406502,0.55740921,0.073517846
Vitis_vinifera,Vitis vinifera,5,8,6,10,0,244.4824497,4.972578768,8.618959777,2.442045501,4.719881674,3.135527964,-0.106376158,-0.873736902
Washingtonia_robusta,Washingtonia robusta,6.435123719,9.2,9,11,2.057880681,92.99407874,1.653395278,3.035378472,2.709822315,6.836208995,6.8547068,1.988608689,0.488987534
Watsonia_meriana,Watsonia meriana,4,7,9,10,0,100.4099551,7.406071273,9.169478239,0.660259049,1.690547164,6.016093286,3.288555994,1.588397542
Wisteria_floribunda,Wisteria floribunda,6.484832674,6,4,9,8.180977797,292.887543,7.402529689,8.103798459,1.765196333,3.434160442,4.399622946,2.468125981,0.441095896
Wisteria_sinensis,Wisteria sinensis,6,8,5,8,4.189654742,344.2827219,5.673075614,9.677191471,2.700020751,2.580891078,3.858205607,2.029899869,0.364344999
Xanthium_spinosum,Xanthium spinosum,5.731137445,8.168039941,10.40724266,10.92706517,-2.392077469,181.7231891,4.273341822,8.146815643,0.521454238,2.537384232,3.571657511,1.841408167,1.244134553
Xanthium_strumarium,Xanthium strumarium,5.717891092,8.195563853,10.06099348,10.81492728,-1.943524933,195.4095927,4.163190263,8.127390711,0.439972483,2.455798944,3.475968712,1.586689252,1.024982764
Xanthosoma_sagittifolium,Xanthosoma sagittifolium,5.5,7.5,8,10,0,195.0556046,8.856071556,10.14593245,0.660259049,5.194052392,6.182362109,3.253215598,1.723886563
Youngia_japonica,Youngia japonica,5.335843806,7.966725677,5,10,4.615120517,407.3521334,7.829540478,10.14593245,-0.521325504,2.161036428,3.135527964,1.022087801,0.48227826
Zantedeschia_aethiopica,Zantedeschia aethiopica,5.498252238,7.112643125,7.847213834,10.65739934,-0.063053615,65.7210712,6.642376941,9.546345029,-0.010057481,2.961665457,3.135527964,2.350905763,0.760370731
Zostera_japonica,Zostera japonica,6,8,9,9,0,5.46238325,9.09351798,7.684320554,0.524875471,-1.533435358,3.803807711,1.511018836,-0.302344574
Zygophyllum_fabago,Zygophyllum fabago,5.343654042,7.926427887,7.397603106,10.07181394,1.17223793,148.5,4.831080688,8.63914939,0.150897494,0.472148066,1.719870571,0.668647446,-0.314376848
